product_id,product_name,slug,brand,category,user_category,short_description,full_description,product_status,sort_order,goals,aim,search_tags,primary_image_url,image_url_2,image_url_3,image_url_4,image_url_5,serving_size_label,serving_size_g,calories,protein_g,carbohydrates_g,fat_g,fibre_g,sugar_g,sodium_mg,usage_information,ingredients,warnings_allergens,variant_id,sku,variant_name,size_weight,flavour,colour,variant_status,price_inr,compare_at_price_inr,stock_quantity,low_stock_threshold,is_default_variant,created_at,updated_at,variant_count,variant_options,goal_tags
PROD-001,Maxx Recovery,maxx-recovery-abb,ABB,Whey Protein,Protein,Whey Protein Isolate for Post-Workout Recovery*,Whey Protein Isolate for Post-Workout Recovery*,draft,1,Muscle Building,"protein, workout","protein, workout, maxx recovery, abb, whey protein isolate",https://vtiplvmddgjfcruqrvvb.supabase.co/storage/v1/object/sign/PRODUCT%20IMAGES%20BUCKET/whey-protein.webp?token=eyJraWQiOiJmZTRiZGQ2Yy0zZDI4LTRhODUtYTc1My1lYjc4NjhlNDU5OGEiLCJhbGciOiJIUzI1NiJ9.eyJ1cmwiOiJQUk9EVUNUIElNQUdFUyBCVUNLRVQvd2hleS1wcm90ZWluLndlYnAiLCJzY29wZSI6ImRvd25sb2FkIiwiaWF0IjoxNzg3Njk4MDgyLCJleHAiOjIxMDMwNTgwODJ9.kPrloUocq7_4k7Ms-pBGyuELEwkuYH3We8vpKXO5Ylc,,,,,30 g,30,120,24,3,2,1,1,100,"Use according to the product label. Store in a cool, dry place.",,Check label for allergens.,VAR-001-01,SKU-0245,30 g,30 g,,,active,3926,4397,0,5,TRUE,2026-08-23T23:05:00+05:30,2026-08-23T23:05:00+05:30,1,30 g,"protein, workout"
PROD-002,Pure Pro 50,pure-pro-50-abb,ABB,Whey Protein,Protein,Protein Shake for Lean Muscle Support*,Protein Shake for Lean Muscle Support*,draft,2,Muscle Building,protein,"protein, pure pro 50, abb, whey protein",https://maximumnutrition.myshopify.com/cdn/shop/products/85177c83bf5ebf97c71964def6a1c6a8.jpeg?v=1460530531,https://maximumnutrition.myshopify.com/cdn/shop/products/85177c83bf5ebf97c71964def6a1c6a8.jpeg?v=1460530531,,,,30 g,30,120,24,3,2,1,1,100,"Use according to the product label. Store in a cool, dry place.",,Check label for allergens.,VAR-002-01,SKU-0210,30 g,30 g,,,active,4283,4797,0,5,TRUE,2026-08-23T23:05:00+05:30,2026-08-23T23:05:00+05:30,1,30 g,protein
PROD-003,AS-IT-IS Nutrition Whey Protein Concentrate 80%,as-it-is-nutrition-whey-protein-concentrate-80,AS-IT-IS Nutrition,Whey Protein,Protein,"Raw, unflavoured 80% WPC. Minimal processing, no fillers, no proprietary blends.","AS-IT-IS Whey Protein Concentrate 80% is the most transparent whey protein in India — no artificial flavours, no added sugar, no fillers, just pure whey protein concentrate at exactly what is declared. Lab tested and third-party verified. 24g protein per 30g serving at one of India's most competitive price points.",draft,3,Muscle Building,"Muscle Building,Recovery,Budget-Friendly,Clean Label","as-it-is,whey concentrate,unflavoured,clean label,india,budget protein",https://nutricity.tr/web/image/product.template/49989/image_1920?unique=e02944b,https://nutricity.tr/web/image/product.template/49989/image_1920?unique=e02944b,,,,1 Scoop (30g),30,116,24,3,2,0,1.5,95,Mix 1 scoop in 200ml water or milk. Consume post-workout. Can be added to smoothies or baked goods.,Whey Protein Concentrate 80% (Milk),Contains milk. May contain traces of soy and egg. Not for children under 5.,VAR-003-01,AIT-WPC-1KG-UNF,1kg - Unflavoured,1kg,Unflavoured,,active,1599,1999,0,5,TRUE,2026-08-23T17:59:48Z,2026-08-23T17:59:48Z,3,1kg - Unflavoured | 2kg - Unflavoured | 4kg - Unflavoured,"Muscle Building,Recovery,Budget-Friendly,Clean Label"
PROD-003,AS-IT-IS Nutrition Whey Protein Concentrate 80%,as-it-is-nutrition-whey-protein-concentrate-80,AS-IT-IS Nutrition,Whey Protein,Protein,"Raw, unflavoured 80% WPC. Minimal processing, no fillers, no proprietary blends.","AS-IT-IS Whey Protein Concentrate 80% is the most transparent whey protein in India — no artificial flavours, no added sugar, no fillers, just pure whey protein concentrate at exactly what is declared. Lab tested and third-party verified. 24g protein per 30g serving at one of India's most competitive price points.",draft,3,Muscle Building,"Muscle Building,Recovery,Budget-Friendly,Clean Label","as-it-is,whey concentrate,unflavoured,clean label,india,budget protein",https://nutricity.tr/web/image/product.template/49989/image_1920?unique=e02944b,https://nutricity.tr/web/image/product.template/49989/image_1920?unique=e02944b,,,,1 Scoop (30g),30,116,24,3,2,0,1.5,95,Mix 1 scoop in 200ml water or milk. Consume post-workout. Can be added to smoothies or baked goods.,Whey Protein Concentrate 80% (Milk),Contains milk. May contain traces of soy and egg. Not for children under 5.,VAR-003-02,AIT-WPC-2KG-UNF,2kg - Unflavoured,2kg,Unflavoured,,active,2999,3699,0,5,FALSE,2026-08-23T17:59:48Z,2026-08-23T17:59:48Z,3,1kg - Unflavoured | 2kg - Unflavoured | 4kg - Unflavoured,"Muscle Building,Recovery,Budget-Friendly,Clean Label"
PROD-003,AS-IT-IS Nutrition Whey Protein Concentrate 80%,as-it-is-nutrition-whey-protein-concentrate-80,AS-IT-IS Nutrition,Whey Protein,Protein,"Raw, unflavoured 80% WPC. Minimal processing, no fillers, no proprietary blends.","AS-IT-IS Whey Protein Concentrate 80% is the most transparent whey protein in India — no artificial flavours, no added sugar, no fillers, just pure whey protein concentrate at exactly what is declared. Lab tested and third-party verified. 24g protein per 30g serving at one of India's most competitive price points.",draft,3,Muscle Building,"Muscle Building,Recovery,Budget-Friendly,Clean Label","as-it-is,whey concentrate,unflavoured,clean label,india,budget protein",https://nutricity.tr/web/image/product.template/49989/image_1920?unique=e02944b,https://nutricity.tr/web/image/product.template/49989/image_1920?unique=e02944b,,,,1 Scoop (30g),30,116,24,3,2,0,1.5,95,Mix 1 scoop in 200ml water or milk. Consume post-workout. Can be added to smoothies or baked goods.,Whey Protein Concentrate 80% (Milk),Contains milk. May contain traces of soy and egg. Not for children under 5.,VAR-003-03,AIT-WPC-4KG-UNF,4kg - Unflavoured,4kg,Unflavoured,,active,5499,6799,0,5,FALSE,2026-08-23T17:59:48Z,2026-08-23T17:59:48Z,3,1kg - Unflavoured | 2kg - Unflavoured | 4kg - Unflavoured,"Muscle Building,Recovery,Budget-Friendly,Clean Label"
PROD-004,AllWhey Classic,allwhey-classic-allmax-nutrition,AllMax Nutrition,Whey Protein,Protein,30G Of Great Tasting Whey Protein,30G Of Great Tasting Whey Protein,draft,4,Muscle Building,protein,"protein, allwhey classic, allmax nutrition, whey protein blends",http://store.bbcomcdn.com/deploy/images/brands/allmax-nutrition/allwhey-classic/bottles.png,http://store.bbcomcdn.com/deploy/images/brands/allmax-nutrition/allwhey-classic/bottles.png,,,,30 g,30,120,24,3,2,1,1,100,"Use according to the product label. Store in a cool, dry place.",,Check label for allergens.,VAR-004-01,SKU-0044,30 g,30 g,,,active,4297,4813,0,5,TRUE,2026-08-23T23:05:00+05:30,2026-08-23T23:05:00+05:30,1,30 g,protein
PROD-005,HEXAPRO,hexapro-allmax-nutrition,AllMax Nutrition,Whey Protein,Protein,Six Protein Powder Blend To Feed Muscles*,Six Protein Powder Blend To Feed Muscles*,draft,5,Muscle Building,protein,"protein, hexapro, allmax nutrition, whey protein",https://supplementsuperstores.com/cdn/shop/files/all-max-hexapro-strawberry.png?v=1775485978&width=3840,https://supplementsuperstores.com/cdn/shop/files/all-max-hexapro-strawberry.png?v=1775485978&width=3840,,,,30 g,30,120,24,3,2,1,1,100,"Use according to the product label. Store in a cool, dry place.",,Check label for allergens.,VAR-005-01,SKU-0231,30 g,30 g,,,active,5803,6499,0,5,TRUE,2026-08-23T23:05:00+05:30,2026-08-23T23:05:00+05:30,1,30 g,protein
PROD-006,IsoFlex,isoflex-allmax-nutrition,AllMax Nutrition,Whey Protein,Protein,Whey Protein Isolate Powder For Building Muscle*,Whey Protein Isolate Powder For Building Muscle*,draft,6,Muscle Building,protein,"protein, isoflex, allmax nutrition, whey protein isolate",https://vtiplvmddgjfcruqrvvb.supabase.co/storage/v1/object/sign/PRODUCT%20IMAGES%20BUCKET/whey-protein.webp?token=eyJraWQiOiJmZTRiZGQ2Yy0zZDI4LTRhODUtYTc1My1lYjc4NjhlNDU5OGEiLCJhbGciOiJIUzI1NiJ9.eyJ1cmwiOiJQUk9EVUNUIElNQUdFUyBCVUNLRVQvd2hleS1wcm90ZWluLndlYnAiLCJzY29wZSI6ImRvd25sb2FkIiwiaWF0IjoxNzg3Njk4MDgyLCJleHAiOjIxMDMwNTgwODJ9.kPrloUocq7_4k7Ms-pBGyuELEwkuYH3We8vpKXO5Ylc,,,,,30 g,30,120,24,3,2,1,1,100,"Use according to the product label. Store in a cool, dry place.",,Check label for allergens.,VAR-006-01,SKU-0238,30 g,30 g,,,active,3855,4318,0,5,TRUE,2026-08-23T23:05:00+05:30,2026-08-23T23:05:00+05:30,1,30 g,protein
PROD-007,IsoNatural,isonatural-allmax-nutrition,AllMax Nutrition,Whey Protein,Protein,Whey Protein Isolate For Building Muscle*,Whey Protein Isolate For Building Muscle*,draft,7,Muscle Building,protein,"protein, isonatural, allmax nutrition, whey protein isolate",https://vtiplvmddgjfcruqrvvb.supabase.co/storage/v1/object/sign/PRODUCT%20IMAGES%20BUCKET/whey-protein.webp?token=eyJraWQiOiJmZTRiZGQ2Yy0zZDI4LTRhODUtYTc1My1lYjc4NjhlNDU5OGEiLCJhbGciOiJIUzI1NiJ9.eyJ1cmwiOiJQUk9EVUNUIElNQUdFUyBCVUNLRVQvd2hleS1wcm90ZWluLndlYnAiLCJzY29wZSI6ImRvd25sb2FkIiwiaWF0IjoxNzg3Njk4MDgyLCJleHAiOjIxMDMwNTgwODJ9.kPrloUocq7_4k7Ms-pBGyuELEwkuYH3We8vpKXO5Ylc,,,,,30 g,30,120,24,3,2,1,1,100,"Use according to the product label. Store in a cool, dry place.",,Check label for allergens.,VAR-007-01,SKU-0250,30 g,30 g,,,active,7930,8882,0,5,TRUE,2026-08-23T23:05:00+05:30,2026-08-23T23:05:00+05:30,1,30 g,protein
PROD-008,Animal Whey,animal-whey-animal,Animal,Whey Protein,Protein,Formulated with Whey Protein Isolate to Supplement the Extreme Protein Requirements of Hardcore Lifters*,Formulated with Whey Protein Isolate to Supplement the Extreme Protein Requirements of Hardcore Lifters*,draft,8,Muscle Building,protein,"protein, animal whey, animal, whey protein isolate",https://www.factorydirectnutrition.com/cdn/shop/products/11.webp?v=1678324288,https://www.factorydirectnutrition.com/cdn/shop/products/11.webp?v=1678324288,,,,30 g,30,120,24,3,2,1,1,100,"Use according to the product label. Store in a cool, dry place.",,Check label for allergens.,VAR-008-01,SKU-0010,30 g,30 g,,,active,3991,4470,0,5,TRUE,2026-08-23T23:05:00+05:30,2026-08-23T23:05:00+05:30,1,30 g,protein
PROD-009,Native Fuel Whey Protein,native-fuel-whey-protein-ascent,Ascent,Whey Protein,Protein,Made with Zero Artificial Ingredients and Native Whey,Made with Zero Artificial Ingredients and Native Whey,draft,9,Muscle Building,protein,"protein, native fuel whey protein, ascent, whey protein isolate",https://static.wixstatic.com/media/d4f572_d6a41317c2a74b4bb098d9109e6e56d0~mv2.webp/v1/fill/w_680%2Ch_680%2Cal_c%2Cq_85%2Cenc_avif%2Cquality_auto/d4f572_d6a41317c2a74b4bb098d9109e6e56d0~mv2.webp,https://static.wixstatic.com/media/d4f572_d6a41317c2a74b4bb098d9109e6e56d0~mv2.webp/v1/fill/w_680%2Ch_680%2Cal_c%2Cq_85%2Cenc_avif%2Cquality_auto/d4f572_d6a41317c2a74b4bb098d9109e6e56d0~mv2.webp,,,,30 g,30,120,24,3,2,1,1,100,"Use according to the product label. Store in a cool, dry place.",,Check label for allergens.,VAR-009-01,SKU-0242,30 g,30 g,,,active,4010,4491,0,5,TRUE,2026-08-23T23:05:00+05:30,2026-08-23T23:05:00+05:30,1,30 g,protein
PROD-010,Isoburn,isoburn-bsn,BSN,Whey Protein,Protein,Protein Powder to Support Weight Management*,Protein Powder to Support Weight Management*,draft,10,Muscle Building,protein,"protein, isoburn, bsn, whey protein",https://s3.images-iherb.com/bsn/bsn00851/u/1.jpg,https://s3.images-iherb.com/bsn/bsn00851/u/1.jpg,,,,30 g,30,120,24,3,2,1,1,100,"Use according to the product label. Store in a cool, dry place.",,Check label for allergens.,VAR-010-01,SKU-0202,30 g,30 g,,,active,2208,2473,0,5,TRUE,2026-08-23T23:05:00+05:30,2026-08-23T23:05:00+05:30,1,30 g,protein
PROD-011,Protein Crisp,protein-crisp-bsn,BSN,Whey Protein,Protein,Crispy Protein Bar Provides 20 Grams Of Protein With 4 Grams Of Sugar Per Bar,Crispy Protein Bar Provides 20 Grams Of Protein With 4 Grams Of Sugar Per Bar,draft,11,Muscle Building,protein,"protein, protein crisp, bsn, whey protein",https://s3.images-iherb.com/bsn/bsn90691/u/7.jpg,https://s3.images-iherb.com/bsn/bsn90691/u/7.jpg,,,,30 g,30,120,24,3,2,1,1,100,"Use according to the product label. Store in a cool, dry place.",,Check label for allergens.,VAR-011-01,SKU-0002,30 g,30 g,,,active,1699,1903,0,5,TRUE,2026-08-23T23:05:00+05:30,2026-08-23T23:05:00+05:30,1,30 g,protein
PROD-012,SYNTHA-6 EDGE,syntha-6-edge-bsn,BSN,Whey Protein,Protein,Leaner Macronutrient Profile For Athletes Looking To Achieve A Shredded Physique,Leaner Macronutrient Profile For Athletes Looking To Achieve A Shredded Physique,draft,12,Muscle Building,protein,"protein, syntha 6 edge, bsn, whey protein concentrate",https://vtiplvmddgjfcruqrvvb.supabase.co/storage/v1/object/sign/PRODUCT%20IMAGES%20BUCKET/whey-protein.webp?token=eyJraWQiOiJmZTRiZGQ2Yy0zZDI4LTRhODUtYTc1My1lYjc4NjhlNDU5OGEiLCJhbGciOiJIUzI1NiJ9.eyJ1cmwiOiJQUk9EVUNUIElNQUdFUyBCVUNLRVQvd2hleS1wcm90ZWluLndlYnAiLCJzY29wZSI6ImRvd25sb2FkIiwiaWF0IjoxNzg3Njk4MDgyLCJleHAiOjIxMDMwNTgwODJ9.kPrloUocq7_4k7Ms-pBGyuELEwkuYH3We8vpKXO5Ylc,,,,,30 g,30,120,24,3,2,1,1,100,"Use according to the product label. Store in a cool, dry place.",,Check label for allergens.,VAR-012-01,SKU-0046,30 g,30 g,,,active,2888,3235,0,5,TRUE,2026-08-23T23:05:00+05:30,2026-08-23T23:05:00+05:30,1,30 g,protein
PROD-013,Syntha-6,syntha-6-bsn,BSN,Whey Protein,Protein,"22g of an Ultra-Premium Blended Protein Formula for Use Anytime, Day or Night","22g of an Ultra-Premium Blended Protein Formula for Use Anytime, Day or Night",draft,13,Muscle Building,protein,"protein, syntha 6, bsn, whey protein",https://s3.images-iherb.com/bsn/bsn00742/u/3.jpg,https://s3.images-iherb.com/bsn/bsn00742/u/3.jpg,,,,30 g,30,120,24,3,2,1,1,100,"Use according to the product label. Store in a cool, dry place.",,Check label for allergens.,VAR-013-01,SKU-0001,30 g,30 g,,,active,3824,4283,0,5,TRUE,2026-08-23T23:05:00+05:30,2026-08-23T23:05:00+05:30,1,30 g,protein
PROD-014,Syntha-6 Isolate,syntha-6-isolate-bsn,BSN,Whey Protein,Protein,100% Isolate Protein Matrix!,100% Isolate Protein Matrix!,draft,14,Muscle Building,protein,"protein, syntha 6 isolate, bsn, whey protein isolate",https://s3.images-iherb.com/bsn/bsn07610/u/7.jpg,https://s3.images-iherb.com/bsn/bsn07610/u/7.jpg,,,,30 g,30,120,24,3,2,1,1,100,"Use according to the product label. Store in a cool, dry place.",,Check label for allergens.,VAR-014-01,SKU-0236,30 g,30 g,,,active,4573,5122,0,5,TRUE,2026-08-23T23:05:00+05:30,2026-08-23T23:05:00+05:30,1,30 g,protein
PROD-015,True Mass 1200,true-mass-1200-bsn,BSN,Whey Protein,Protein,Multi-Functional Protein & Carbohydrate Matrix*,Multi-Functional Protein & Carbohydrate Matrix*,draft,15,Muscle Building,protein,"protein, true mass 1200, bsn, whey protein",https://vtiplvmddgjfcruqrvvb.supabase.co/storage/v1/object/sign/PRODUCT%20IMAGES%20BUCKET/whey-protein.webp?token=eyJraWQiOiJmZTRiZGQ2Yy0zZDI4LTRhODUtYTc1My1lYjc4NjhlNDU5OGEiLCJhbGciOiJIUzI1NiJ9.eyJ1cmwiOiJQUk9EVUNUIElNQUdFUyBCVUNLRVQvd2hleS1wcm90ZWluLndlYnAiLCJzY29wZSI6ImRvd25sb2FkIiwiaWF0IjoxNzg3Njk4MDgyLCJleHAiOjIxMDMwNTgwODJ9.kPrloUocq7_4k7Ms-pBGyuELEwkuYH3We8vpKXO5Ylc,,,,,30 g,30,120,24,3,2,1,1,100,"Use according to the product label. Store in a cool, dry place.",,Check label for allergens.,VAR-015-01,SKU-0199,30 g,30 g,,,active,4132,4628,0,5,TRUE,2026-08-23T23:05:00+05:30,2026-08-23T23:05:00+05:30,1,30 g,protein
PROD-016,True-Mass,true-mass-bsn,BSN,Whey Protein,Protein,Ultra Premium Muscle Mass Gainer*,Ultra Premium Muscle Mass Gainer*,draft,16,Muscle Building,protein,"protein, true mass, bsn, whey protein",https://vtiplvmddgjfcruqrvvb.supabase.co/storage/v1/object/sign/PRODUCT%20IMAGES%20BUCKET/whey-protein.webp?token=eyJraWQiOiJmZTRiZGQ2Yy0zZDI4LTRhODUtYTc1My1lYjc4NjhlNDU5OGEiLCJhbGciOiJIUzI1NiJ9.eyJ1cmwiOiJQUk9EVUNUIElNQUdFUyBCVUNLRVQvd2hleS1wcm90ZWluLndlYnAiLCJzY29wZSI6ImRvd25sb2FkIiwiaWF0IjoxNzg3Njk4MDgyLCJleHAiOjIxMDMwNTgwODJ9.kPrloUocq7_4k7Ms-pBGyuELEwkuYH3We8vpKXO5Ylc,,,,,30 g,30,120,24,3,2,1,1,100,"Use according to the product label. Store in a cool, dry place.",,Check label for allergens.,VAR-016-01,SKU-0185,30 g,30 g,,,active,3715,4161,0,5,TRUE,2026-08-23T23:05:00+05:30,2026-08-23T23:05:00+05:30,1,30 g,protein
PROD-017,Mass Maker Ultra,mass-maker-ultra-beverly-international,Beverly International,Whey Protein,Protein,Ultra-Premium Lean Weight Gainer*,Ultra-Premium Lean Weight Gainer*,draft,17,Muscle Building,protein,"protein, mass maker ultra, beverly international, whey protein",https://vtiplvmddgjfcruqrvvb.supabase.co/storage/v1/object/sign/PRODUCT%20IMAGES%20BUCKET/whey-protein.webp?token=eyJraWQiOiJmZTRiZGQ2Yy0zZDI4LTRhODUtYTc1My1lYjc4NjhlNDU5OGEiLCJhbGciOiJIUzI1NiJ9.eyJ1cmwiOiJQUk9EVUNUIElNQUdFUyBCVUNLRVQvd2hleS1wcm90ZWluLndlYnAiLCJzY29wZSI6ImRvd25sb2FkIiwiaWF0IjoxNzg3Njk4MDgyLCJleHAiOjIxMDMwNTgwODJ9.kPrloUocq7_4k7Ms-pBGyuELEwkuYH3We8vpKXO5Ylc,,,,,30 g,30,120,24,3,2,1,1,100,"Use according to the product label. Store in a cool, dry place.",,Check label for allergens.,VAR-017-01,SKU-0233,30 g,30 g,,,active,4458,4993,0,5,TRUE,2026-08-23T23:05:00+05:30,2026-08-23T23:05:00+05:30,1,30 g,protein
PROD-018,UMP,ump-beverly-international,Beverly International,Whey Protein,Protein,Ultra-Premium Protein Powder,Ultra-Premium Protein Powder,draft,18,Muscle Building,protein,"protein, ump, beverly international, whey protein blends",https://vtiplvmddgjfcruqrvvb.supabase.co/storage/v1/object/sign/PRODUCT%20IMAGES%20BUCKET/whey-protein.webp?token=eyJraWQiOiJmZTRiZGQ2Yy0zZDI4LTRhODUtYTc1My1lYjc4NjhlNDU5OGEiLCJhbGciOiJIUzI1NiJ9.eyJ1cmwiOiJQUk9EVUNUIElNQUdFUyBCVUNLRVQvd2hleS1wcm90ZWluLndlYnAiLCJzY29wZSI6ImRvd25sb2FkIiwiaWF0IjoxNzg3Njk4MDgyLCJleHAiOjIxMDMwNTgwODJ9.kPrloUocq7_4k7Ms-pBGyuELEwkuYH3We8vpKXO5Ylc,,,,,30 g,30,120,24,3,2,1,1,100,"Use according to the product label. Store in a cool, dry place.",,Check label for allergens.,VAR-018-01,SKU-0041,30 g,30 g,,,active,3434,3846,0,5,TRUE,2026-08-23T23:05:00+05:30,2026-08-23T23:05:00+05:30,1,30 g,protein
PROD-019,Trutein,trutein-body-nutrition,Body Nutrition,Whey Protein,Protein,"Whey, Casein and Egg Protein Powder Blend","Whey, Casein and Egg Protein Powder Blend",draft,19,Muscle Building,protein,"protein, trutein, body nutrition, whey protein",https://vtiplvmddgjfcruqrvvb.supabase.co/storage/v1/object/sign/PRODUCT%20IMAGES%20BUCKET/whey-protein.webp?token=eyJraWQiOiJmZTRiZGQ2Yy0zZDI4LTRhODUtYTc1My1lYjc4NjhlNDU5OGEiLCJhbGciOiJIUzI1NiJ9.eyJ1cmwiOiJQUk9EVUNUIElNQUdFUyBCVUNLRVQvd2hleS1wcm90ZWluLndlYnAiLCJzY29wZSI6ImRvd25sb2FkIiwiaWF0IjoxNzg3Njk4MDgyLCJleHAiOjIxMDMwNTgwODJ9.kPrloUocq7_4k7Ms-pBGyuELEwkuYH3We8vpKXO5Ylc,,,,,30 g,30,120,24,3,2,1,1,100,"Use according to the product label. Store in a cool, dry place.",,Check label for allergens.,VAR-019-01,SKU-0196,30 g,30 g,,,active,4929,5520,0,5,TRUE,2026-08-23T23:05:00+05:30,2026-08-23T23:05:00+05:30,1,30 g,protein
PROD-020,COR-Performance Whey,cor-performance-whey-cellucor,Cellucor,Whey Protein,Protein,Great Tasting Protein with Minimal Fat and Carbs and Added Digestive Enzymes*,Great Tasting Protein with Minimal Fat and Carbs and Added Digestive Enzymes*,draft,20,Muscle Building,protein,"protein, cor performance whey, cellucor, whey protein",https://vtiplvmddgjfcruqrvvb.supabase.co/storage/v1/object/sign/PRODUCT%20IMAGES%20BUCKET/whey-protein.webp?token=eyJraWQiOiJmZTRiZGQ2Yy0zZDI4LTRhODUtYTc1My1lYjc4NjhlNDU5OGEiLCJhbGciOiJIUzI1NiJ9.eyJ1cmwiOiJQUk9EVUNUIElNQUdFUyBCVUNLRVQvd2hleS1wcm90ZWluLndlYnAiLCJzY29wZSI6ImRvd25sb2FkIiwiaWF0IjoxNzg3Njk4MDgyLCJleHAiOjIxMDMwNTgwODJ9.kPrloUocq7_4k7Ms-pBGyuELEwkuYH3We8vpKXO5Ylc,,,,,30 g,30,120,24,3,2,1,1,100,"Use according to the product label. Store in a cool, dry place.",,Check label for allergens.,VAR-020-01,SKU-0188,30 g,30 g,,,active,4249,4759,0,5,TRUE,2026-08-23T23:05:00+05:30,2026-08-23T23:05:00+05:30,1,30 g,protein
PROD-021,Dymatize ISO 100 Hydrolyzed Whey Protein,dymatize-iso-100-hydrolyzed-whey-protein,Dymatize,Whey Protein,Protein,"25g hydrolyzed 100% whey protein isolate, zero fat, zero sugar — ultra-fast absorption.","Dymatize ISO 100 uses a multi-step purification process to remove nearly all lactose and fat, leaving pure hydrolyzed whey protein isolate for rapid absorption. 25g protein, 0g sugar, and 0g fat per serving make it one of the cleanest proteins on the market, ideal for those who are cutting or lactose sensitive.",draft,21,"Muscle Building, Weight Loss","Lean Muscle,Cutting,Recovery","whey isolate,dymatize iso100,hydrolyzed,zero sugar,zero fat",https://vtiplvmddgjfcruqrvvb.supabase.co/storage/v1/object/sign/PRODUCT%20IMAGES%20BUCKET/whey-protein.webp?token=eyJraWQiOiJmZTRiZGQ2Yy0zZDI4LTRhODUtYTc1My1lYjc4NjhlNDU5OGEiLCJhbGciOiJIUzI1NiJ9.eyJ1cmwiOiJQUk9EVUNUIElNQUdFUyBCVUNLRVQvd2hleS1wcm90ZWluLndlYnAiLCJzY29wZSI6ImRvd25sb2FkIiwiaWF0IjoxNzg3Njk4MDgyLCJleHAiOjIxMDMwNTgwODJ9.kPrloUocq7_4k7Ms-pBGyuELEwkuYH3We8vpKXO5Ylc,,,,,1 Scoop (32g),32,120,25,2,0.5,0,0,160,Mix 1 scoop with 270–360ml cold water. Use post-workout or between meals.,"Hydrolyzed Whey Protein Isolate, Whey Protein Isolate, Cocoa Powder, Sunflower Lecithin, Natural & Artificial Flavours, Sucralose","Contains milk and soy (lecithin). Manufactured in a facility that processes egg, wheat, soy, peanuts, and tree nuts.",VAR-021-01,DY-ISO-1KG-FB,1kg - Fudge Brownie,1kg,Fudge Brownie,,active,4599,5199,0,5,TRUE,2026-08-23T17:59:48Z,2026-08-23T17:59:48Z,3,1kg - Fudge Brownie | 1kg - Gourmet Chocolate | 500g - Gourmet Chocolate,"Lean Muscle,Cutting,Recovery"
PROD-021,Dymatize ISO 100 Hydrolyzed Whey Protein,dymatize-iso-100-hydrolyzed-whey-protein,Dymatize,Whey Protein,Protein,"25g hydrolyzed 100% whey protein isolate, zero fat, zero sugar — ultra-fast absorption.","Dymatize ISO 100 uses a multi-step purification process to remove nearly all lactose and fat, leaving pure hydrolyzed whey protein isolate for rapid absorption. 25g protein, 0g sugar, and 0g fat per serving make it one of the cleanest proteins on the market, ideal for those who are cutting or lactose sensitive.",draft,21,"Muscle Building, Weight Loss","Lean Muscle,Cutting,Recovery","whey isolate,dymatize iso100,hydrolyzed,zero sugar,zero fat",https://vtiplvmddgjfcruqrvvb.supabase.co/storage/v1/object/sign/PRODUCT%20IMAGES%20BUCKET/whey-protein.webp?token=eyJraWQiOiJmZTRiZGQ2Yy0zZDI4LTRhODUtYTc1My1lYjc4NjhlNDU5OGEiLCJhbGciOiJIUzI1NiJ9.eyJ1cmwiOiJQUk9EVUNUIElNQUdFUyBCVUNLRVQvd2hleS1wcm90ZWluLndlYnAiLCJzY29wZSI6ImRvd25sb2FkIiwiaWF0IjoxNzg3Njk4MDgyLCJleHAiOjIxMDMwNTgwODJ9.kPrloUocq7_4k7Ms-pBGyuELEwkuYH3We8vpKXO5Ylc,,,,,1 Scoop (32g),32,120,25,2,0.5,0,0,160,Mix 1 scoop with 270–360ml cold water. Use post-workout or between meals.,"Hydrolyzed Whey Protein Isolate, Whey Protein Isolate, Cocoa Powder, Sunflower Lecithin, Natural & Artificial Flavours, Sucralose","Contains milk and soy (lecithin). Manufactured in a facility that processes egg, wheat, soy, peanuts, and tree nuts.",VAR-021-02,DY-ISO-1KG-GC,1kg - Gourmet Chocolate,1kg,Gourmet Chocolate,,active,4599,5199,0,5,FALSE,2026-08-23T17:59:48Z,2026-08-23T17:59:48Z,3,1kg - Fudge Brownie | 1kg - Gourmet Chocolate | 500g - Gourmet Chocolate,"Lean Muscle,Cutting,Recovery"
PROD-021,Dymatize ISO 100 Hydrolyzed Whey Protein,dymatize-iso-100-hydrolyzed-whey-protein,Dymatize,Whey Protein,Protein,"25g hydrolyzed 100% whey protein isolate, zero fat, zero sugar — ultra-fast absorption.","Dymatize ISO 100 uses a multi-step purification process to remove nearly all lactose and fat, leaving pure hydrolyzed whey protein isolate for rapid absorption. 25g protein, 0g sugar, and 0g fat per serving make it one of the cleanest proteins on the market, ideal for those who are cutting or lactose sensitive.",draft,21,"Muscle Building, Weight Loss","Lean Muscle,Cutting,Recovery","whey isolate,dymatize iso100,hydrolyzed,zero sugar,zero fat",https://vtiplvmddgjfcruqrvvb.supabase.co/storage/v1/object/sign/PRODUCT%20IMAGES%20BUCKET/whey-protein.webp?token=eyJraWQiOiJmZTRiZGQ2Yy0zZDI4LTRhODUtYTc1My1lYjc4NjhlNDU5OGEiLCJhbGciOiJIUzI1NiJ9.eyJ1cmwiOiJQUk9EVUNUIElNQUdFUyBCVUNLRVQvd2hleS1wcm90ZWluLndlYnAiLCJzY29wZSI6ImRvd25sb2FkIiwiaWF0IjoxNzg3Njk4MDgyLCJleHAiOjIxMDMwNTgwODJ9.kPrloUocq7_4k7Ms-pBGyuELEwkuYH3We8vpKXO5Ylc,,,,,1 Scoop (32g),32,120,25,2,0.5,0,0,160,Mix 1 scoop with 270–360ml cold water. Use post-workout or between meals.,"Hydrolyzed Whey Protein Isolate, Whey Protein Isolate, Cocoa Powder, Sunflower Lecithin, Natural & Artificial Flavours, Sucralose","Contains milk and soy (lecithin). Manufactured in a facility that processes egg, wheat, soy, peanuts, and tree nuts.",VAR-021-03,DY-ISO-500-GC,500g - Gourmet Chocolate,500g,Gourmet Chocolate,,active,2499,2999,0,5,FALSE,2026-08-23T17:59:48Z,2026-08-23T17:59:48Z,3,1kg - Fudge Brownie | 1kg - Gourmet Chocolate | 500g - Gourmet Chocolate,"Lean Muscle,Cutting,Recovery"
PROD-022,Elite 100% Whey Protein,elite-100-whey-protein-dymatize,Dymatize,Whey Protein,Protein,100% Whey Protein Concentrate and Whey Protein Isolate,100% Whey Protein Concentrate and Whey Protein Isolate,draft,22,Muscle Building,protein,"protein, elite 100 whey protein, dymatize, whey protein",https://m.media-amazon.com/images/I/71V0NlmLyZL.jpg,https://m.media-amazon.com/images/I/71V0NlmLyZL.jpg,,,,30 g,30,120,24,3,2,1,1,100,"Use according to the product label. Store in a cool, dry place.",,Check label for allergens.,VAR-022-01,SKU-0189,30 g,30 g,,,active,4674,5235,0,5,TRUE,2026-08-23T23:05:00+05:30,2026-08-23T23:05:00+05:30,1,30 g,protein
PROD-023,Elite Mass,elite-mass-dymatize,Dymatize,Whey Protein,Protein,A Premium Quality Lean Gainer*,A Premium Quality Lean Gainer*,draft,23,Muscle Building,protein,"protein, elite mass, dymatize, whey protein",https://vtiplvmddgjfcruqrvvb.supabase.co/storage/v1/object/sign/PRODUCT%20IMAGES%20BUCKET/whey-protein.webp?token=eyJraWQiOiJmZTRiZGQ2Yy0zZDI4LTRhODUtYTc1My1lYjc4NjhlNDU5OGEiLCJhbGciOiJIUzI1NiJ9.eyJ1cmwiOiJQUk9EVUNUIElNQUdFUyBCVUNLRVQvd2hleS1wcm90ZWluLndlYnAiLCJzY29wZSI6ImRvd25sb2FkIiwiaWF0IjoxNzg3Njk4MDgyLCJleHAiOjIxMDMwNTgwODJ9.kPrloUocq7_4k7Ms-pBGyuELEwkuYH3We8vpKXO5Ylc,,,,,30 g,30,120,24,3,2,1,1,100,"Use according to the product label. Store in a cool, dry place.",,Check label for allergens.,VAR-023-01,SKU-0232,30 g,30 g,,,active,5006,5607,0,5,TRUE,2026-08-23T23:05:00+05:30,2026-08-23T23:05:00+05:30,1,30 g,protein
PROD-024,Elite Protein Bar,elite-protein-bar-dymatize,Dymatize,Whey Protein,Protein,Deliciously Satisfying Protein in Every Bar,Deliciously Satisfying Protein in Every Bar,draft,24,Muscle Building,protein,"protein, elite protein bar, dymatize, whey protein blends",https://vtiplvmddgjfcruqrvvb.supabase.co/storage/v1/object/sign/PRODUCT%20IMAGES%20BUCKET/whey-protein.webp?token=eyJraWQiOiJmZTRiZGQ2Yy0zZDI4LTRhODUtYTc1My1lYjc4NjhlNDU5OGEiLCJhbGciOiJIUzI1NiJ9.eyJ1cmwiOiJQUk9EVUNUIElNQUdFUyBCVUNLRVQvd2hleS1wcm90ZWluLndlYnAiLCJzY29wZSI6ImRvd25sb2FkIiwiaWF0IjoxNzg3Njk4MDgyLCJleHAiOjIxMDMwNTgwODJ9.kPrloUocq7_4k7Ms-pBGyuELEwkuYH3We8vpKXO5Ylc,,,,,30 g,30,120,24,3,2,1,1,100,"Use according to the product label. Store in a cool, dry place.",,Check label for allergens.,VAR-024-01,SKU-0042,30 g,30 g,,,active,2292,2567,0,5,TRUE,2026-08-23T23:05:00+05:30,2026-08-23T23:05:00+05:30,1,30 g,protein
PROD-025,Elite XT,elite-xt-dymatize,Dymatize,Whey Protein,Protein,Engineered with 21 Grams of Protein to Feed Muscle for Hours*,Engineered with 21 Grams of Protein to Feed Muscle for Hours*,draft,25,Muscle Building,protein,"protein, elite xt, dymatize, whey protein",https://vtiplvmddgjfcruqrvvb.supabase.co/storage/v1/object/sign/PRODUCT%20IMAGES%20BUCKET/whey-protein.webp?token=eyJraWQiOiJmZTRiZGQ2Yy0zZDI4LTRhODUtYTc1My1lYjc4NjhlNDU5OGEiLCJhbGciOiJIUzI1NiJ9.eyJ1cmwiOiJQUk9EVUNUIElNQUdFUyBCVUNLRVQvd2hleS1wcm90ZWluLndlYnAiLCJzY29wZSI6ImRvd25sb2FkIiwiaWF0IjoxNzg3Njk4MDgyLCJleHAiOjIxMDMwNTgwODJ9.kPrloUocq7_4k7Ms-pBGyuELEwkuYH3We8vpKXO5Ylc,,,,,30 g,30,120,24,3,2,1,1,100,"Use according to the product label. Store in a cool, dry place.",,Check label for allergens.,VAR-025-01,SKU-0209,30 g,30 g,,,active,3399,3807,0,5,TRUE,2026-08-23T23:05:00+05:30,2026-08-23T23:05:00+05:30,1,30 g,protein
PROD-026,ISO100 Clear RTD,iso100-clear-rtd-dymatize,Dymatize,Whey Protein,Protein,40g of 100% Whey Protein Isolate.  0g of Sugar and Fat.,40g of 100% Whey Protein Isolate.  0g of Sugar and Fat.,draft,26,Muscle Building,protein,"protein, iso100 clear rtd, dymatize, whey protein",https://vtiplvmddgjfcruqrvvb.supabase.co/storage/v1/object/sign/PRODUCT%20IMAGES%20BUCKET/whey-protein.webp?token=eyJraWQiOiJmZTRiZGQ2Yy0zZDI4LTRhODUtYTc1My1lYjc4NjhlNDU5OGEiLCJhbGciOiJIUzI1NiJ9.eyJ1cmwiOiJQUk9EVUNUIElNQUdFUyBCVUNLRVQvd2hleS1wcm90ZWluLndlYnAiLCJzY29wZSI6ImRvd25sb2FkIiwiaWF0IjoxNzg3Njk4MDgyLCJleHAiOjIxMDMwNTgwODJ9.kPrloUocq7_4k7Ms-pBGyuELEwkuYH3We8vpKXO5Ylc,,,,,30 g,30,120,24,3,2,1,1,100,"Use according to the product label. Store in a cool, dry place.",,Check label for allergens.,VAR-026-01,SKU-0205,30 g,30 g,,,active,339,380,0,5,TRUE,2026-08-23T23:05:00+05:30,2026-08-23T23:05:00+05:30,1,30 g,protein
PROD-027,Super Mass Gainer,super-mass-gainer-dymatize,Dymatize,Whey Protein,Protein,Formulated with 52 grams of Protein to Support Massive Gains*,Formulated with 52 grams of Protein to Support Massive Gains*,draft,27,Muscle Building,protein,"protein, super mass gainer, dymatize, whey protein",https://vtiplvmddgjfcruqrvvb.supabase.co/storage/v1/object/sign/PRODUCT%20IMAGES%20BUCKET/whey-protein.webp?token=eyJraWQiOiJmZTRiZGQ2Yy0zZDI4LTRhODUtYTc1My1lYjc4NjhlNDU5OGEiLCJhbGciOiJIUzI1NiJ9.eyJ1cmwiOiJQUk9EVUNUIElNQUdFUyBCVUNLRVQvd2hleS1wcm90ZWluLndlYnAiLCJzY29wZSI6ImRvd25sb2FkIiwiaWF0IjoxNzg3Njk4MDgyLCJleHAiOjIxMDMwNTgwODJ9.kPrloUocq7_4k7Ms-pBGyuELEwkuYH3We8vpKXO5Ylc,,,,,30 g,30,120,24,3,2,1,1,100,"Use according to the product label. Store in a cool, dry place.",,Check label for allergens.,VAR-027-01,SKU-0195,30 g,30 g,,,active,3992,4471,0,5,TRUE,2026-08-23T23:05:00+05:30,2026-08-23T23:05:00+05:30,1,30 g,protein
PROD-028,Stacked Protein,stacked-protein-evlution-nutrition,EVLUTION NUTRITION,Whey Protein,Protein,"25 Gram Protein Complex With Milkshake Taste, With 5g BCAAs and 5g Glutamine To Fuel Your Results!*","25 Gram Protein Complex With Milkshake Taste, With 5g BCAAs and 5g Glutamine To Fuel Your Results!*",draft,28,Muscle Building,protein,"protein, stacked protein, evlution nutrition, whey protein",https://vtiplvmddgjfcruqrvvb.supabase.co/storage/v1/object/sign/PRODUCT%20IMAGES%20BUCKET/whey-protein.webp?token=eyJraWQiOiJmZTRiZGQ2Yy0zZDI4LTRhODUtYTc1My1lYjc4NjhlNDU5OGEiLCJhbGciOiJIUzI1NiJ9.eyJ1cmwiOiJQUk9EVUNUIElNQUdFUyBCVUNLRVQvd2hleS1wcm90ZWluLndlYnAiLCJzY29wZSI6ImRvd25sb2FkIiwiaWF0IjoxNzg3Njk4MDgyLCJleHAiOjIxMDMwNTgwODJ9.kPrloUocq7_4k7Ms-pBGyuELEwkuYH3We8vpKXO5Ylc,,,,,30 g,30,120,24,3,2,1,1,100,"Use according to the product label. Store in a cool, dry place.",,Check label for allergens.,VAR-028-01,SKU-0004,30 g,30 g,,,active,2549,2855,0,5,TRUE,2026-08-23T23:05:00+05:30,2026-08-23T23:05:00+05:30,1,30 g,protein
PROD-029,Fast&Up Whey Protein Isolate Advanced,fast-up-whey-protein-isolate-advanced,Fast&Up,Whey Protein,Protein,25g protein from fast-absorbing whey isolate with added BCAAs and glutamine.,"Fast&Up Whey Protein Isolate Advanced delivers 25g of pure whey isolate protein per serving along with added BCAAs (2.8g leucine, 1.4g isoleucine, 1.4g valine) and 3.5g of glutamine. Lab-certified, with no proprietary blends. India-made for Indian fitness enthusiasts.",draft,29,"Muscle Building, Weight Loss","Muscle Building,Recovery,Lean Muscle","fast&up,whey isolate,india,bcaa,glutamine,clean protein",https://vtiplvmddgjfcruqrvvb.supabase.co/storage/v1/object/sign/PRODUCT%20IMAGES%20BUCKET/whey-protein.webp?token=eyJraWQiOiJmZTRiZGQ2Yy0zZDI4LTRhODUtYTc1My1lYjc4NjhlNDU5OGEiLCJhbGciOiJIUzI1NiJ9.eyJ1cmwiOiJQUk9EVUNUIElNQUdFUyBCVUNLRVQvd2hleS1wcm90ZWluLndlYnAiLCJzY29wZSI6ImRvd25sb2FkIiwiaWF0IjoxNzg3Njk4MDgyLCJleHAiOjIxMDMwNTgwODJ9.kPrloUocq7_4k7Ms-pBGyuELEwkuYH3We8vpKXO5Ylc,,,,,1 Scoop (32g),32,125,25,3,1,0,0.5,120,Mix 1 scoop in 200ml cold water. Consume within 30 minutes post-workout.,"Whey Protein Isolate, BCAA Blend (L-Leucine, L-Isoleucine, L-Valine), L-Glutamine, Natural Flavour, Sucralose, Soy Lecithin","Contains milk and soy. Store in a cool, dry place.",VAR-029-01,FU-WPI-1KG-CHO,1kg - Chocolate,1kg,Chocolate,,active,2299,2799,0,5,TRUE,2026-08-23T17:59:48Z,2026-08-23T17:59:48Z,3,1kg - Chocolate | 1kg - Vanilla | 2kg - Chocolate,"Muscle Building,Recovery,Lean Muscle"
PROD-029,Fast&Up Whey Protein Isolate Advanced,fast-up-whey-protein-isolate-advanced,Fast&Up,Whey Protein,Protein,25g protein from fast-absorbing whey isolate with added BCAAs and glutamine.,"Fast&Up Whey Protein Isolate Advanced delivers 25g of pure whey isolate protein per serving along with added BCAAs (2.8g leucine, 1.4g isoleucine, 1.4g valine) and 3.5g of glutamine. Lab-certified, with no proprietary blends. India-made for Indian fitness enthusiasts.",draft,29,"Muscle Building, Weight Loss","Muscle Building,Recovery,Lean Muscle","fast&up,whey isolate,india,bcaa,glutamine,clean protein",https://vtiplvmddgjfcruqrvvb.supabase.co/storage/v1/object/sign/PRODUCT%20IMAGES%20BUCKET/whey-protein.webp?token=eyJraWQiOiJmZTRiZGQ2Yy0zZDI4LTRhODUtYTc1My1lYjc4NjhlNDU5OGEiLCJhbGciOiJIUzI1NiJ9.eyJ1cmwiOiJQUk9EVUNUIElNQUdFUyBCVUNLRVQvd2hleS1wcm90ZWluLndlYnAiLCJzY29wZSI6ImRvd25sb2FkIiwiaWF0IjoxNzg3Njk4MDgyLCJleHAiOjIxMDMwNTgwODJ9.kPrloUocq7_4k7Ms-pBGyuELEwkuYH3We8vpKXO5Ylc,,,,,1 Scoop (32g),32,125,25,3,1,0,0.5,120,Mix 1 scoop in 200ml cold water. Consume within 30 minutes post-workout.,"Whey Protein Isolate, BCAA Blend (L-Leucine, L-Isoleucine, L-Valine), L-Glutamine, Natural Flavour, Sucralose, Soy Lecithin","Contains milk and soy. Store in a cool, dry place.",VAR-029-02,FU-WPI-1KG-VAN,1kg - Vanilla,1kg,Vanilla,,active,2299,2799,0,5,FALSE,2026-08-23T17:59:48Z,2026-08-23T17:59:48Z,3,1kg - Chocolate | 1kg - Vanilla | 2kg - Chocolate,"Muscle Building,Recovery,Lean Muscle"
PROD-029,Fast&Up Whey Protein Isolate Advanced,fast-up-whey-protein-isolate-advanced,Fast&Up,Whey Protein,Protein,25g protein from fast-absorbing whey isolate with added BCAAs and glutamine.,"Fast&Up Whey Protein Isolate Advanced delivers 25g of pure whey isolate protein per serving along with added BCAAs (2.8g leucine, 1.4g isoleucine, 1.4g valine) and 3.5g of glutamine. Lab-certified, with no proprietary blends. India-made for Indian fitness enthusiasts.",draft,29,"Muscle Building, Weight Loss","Muscle Building,Recovery,Lean Muscle","fast&up,whey isolate,india,bcaa,glutamine,clean protein",https://vtiplvmddgjfcruqrvvb.supabase.co/storage/v1/object/sign/PRODUCT%20IMAGES%20BUCKET/whey-protein.webp?token=eyJraWQiOiJmZTRiZGQ2Yy0zZDI4LTRhODUtYTc1My1lYjc4NjhlNDU5OGEiLCJhbGciOiJIUzI1NiJ9.eyJ1cmwiOiJQUk9EVUNUIElNQUdFUyBCVUNLRVQvd2hleS1wcm90ZWluLndlYnAiLCJzY29wZSI6ImRvd25sb2FkIiwiaWF0IjoxNzg3Njk4MDgyLCJleHAiOjIxMDMwNTgwODJ9.kPrloUocq7_4k7Ms-pBGyuELEwkuYH3We8vpKXO5Ylc,,,,,1 Scoop (32g),32,125,25,3,1,0,0.5,120,Mix 1 scoop in 200ml cold water. Consume within 30 minutes post-workout.,"Whey Protein Isolate, BCAA Blend (L-Leucine, L-Isoleucine, L-Valine), L-Glutamine, Natural Flavour, Sucralose, Soy Lecithin","Contains milk and soy. Store in a cool, dry place.",VAR-029-03,FU-WPI-2KG-CHO,2kg - Chocolate,2kg,Chocolate,,active,4299,5199,0,5,FALSE,2026-08-23T17:59:48Z,2026-08-23T17:59:48Z,3,1kg - Chocolate | 1kg - Vanilla | 2kg - Chocolate,"Muscle Building,Recovery,Lean Muscle"
PROD-030,Whey Protein,whey-protein-gat,GAT,Whey Protein,Protein,25G Of 100% Whey Isolate Protein Per Serving,25G Of 100% Whey Isolate Protein Per Serving,draft,30,Muscle Building,protein,"protein, whey protein, gat, whey protein blends",https://vtiplvmddgjfcruqrvvb.supabase.co/storage/v1/object/sign/PRODUCT%20IMAGES%20BUCKET/whey-protein.webp?token=eyJraWQiOiJmZTRiZGQ2Yy0zZDI4LTRhODUtYTc1My1lYjc4NjhlNDU5OGEiLCJhbGciOiJIUzI1NiJ9.eyJ1cmwiOiJQUk9EVUNUIElNQUdFUyBCVUNLRVQvd2hleS1wcm90ZWluLndlYnAiLCJzY29wZSI6ImRvd25sb2FkIiwiaWF0IjoxNzg3Njk4MDgyLCJleHAiOjIxMDMwNTgwODJ9.kPrloUocq7_4k7Ms-pBGyuELEwkuYH3We8vpKXO5Ylc,,,,,30 g,30,120,24,3,2,1,1,100,"Use according to the product label. Store in a cool, dry place.",,Check label for allergens.,VAR-030-01,SKU-0043,30 g,30 g,,,active,4249,4759,0,5,TRUE,2026-08-23T23:05:00+05:30,2026-08-23T23:05:00+05:30,1,30 g,protein
PROD-031,Hydra 6 Protein,hydra-6-protein-grenade,Grenade,Whey Protein,Protein,50% Whey Isolate & 50% Micellar Casein,50% Whey Isolate & 50% Micellar Casein,draft,31,Muscle Building,protein,"protein, hydra 6 protein, grenade, whey protein isolate",https://vtiplvmddgjfcruqrvvb.supabase.co/storage/v1/object/sign/PRODUCT%20IMAGES%20BUCKET/whey-protein.webp?token=eyJraWQiOiJmZTRiZGQ2Yy0zZDI4LTRhODUtYTc1My1lYjc4NjhlNDU5OGEiLCJhbGciOiJIUzI1NiJ9.eyJ1cmwiOiJQUk9EVUNUIElNQUdFUyBCVUNLRVQvd2hleS1wcm90ZWluLndlYnAiLCJzY29wZSI6ImRvd25sb2FkIiwiaWF0IjoxNzg3Njk4MDgyLCJleHAiOjIxMDMwNTgwODJ9.kPrloUocq7_4k7Ms-pBGyuELEwkuYH3We8vpKXO5Ylc,,,,,30 g,30,120,24,3,2,1,1,100,"Use according to the product label. Store in a cool, dry place.",,Check label for allergens.,VAR-031-01,SKU-0243,30 g,30 g,,,active,4051,4537,0,5,TRUE,2026-08-23T23:05:00+05:30,2026-08-23T23:05:00+05:30,1,30 g,protein
PROD-032,Healthkart HK Vitals Whey Protein,healthkart-hk-vitals-whey-protein,Healthkart,Whey Protein,Protein,"India's most affordable quality whey. 25g protein, third-party lab tested.","Healthkart HK Vitals Whey Protein is the most value-for-money certified whey protein from India's leading health platform. Third-party lab tested for protein content and banned substances, it delivers 25g of protein per serving without proprietary blends or ingredient padding.",draft,32,Muscle Building,"Muscle Building,Recovery,Budget-Friendly","healthkart,hk vitals,whey protein,india,affordable,lab tested",https://vtiplvmddgjfcruqrvvb.supabase.co/storage/v1/object/sign/PRODUCT%20IMAGES%20BUCKET/whey-protein.webp?token=eyJraWQiOiJmZTRiZGQ2Yy0zZDI4LTRhODUtYTc1My1lYjc4NjhlNDU5OGEiLCJhbGciOiJIUzI1NiJ9.eyJ1cmwiOiJQUk9EVUNUIElNQUdFUyBCVUNLRVQvd2hleS1wcm90ZWluLndlYnAiLCJzY29wZSI6ImRvd25sb2FkIiwiaWF0IjoxNzg3Njk4MDgyLCJleHAiOjIxMDMwNTgwODJ9.kPrloUocq7_4k7Ms-pBGyuELEwkuYH3We8vpKXO5Ylc,,,,,1 Scoop (33g),33,130,25,4.5,2.5,0,2,120,Mix 1 scoop in 200ml cold water or milk. Best post-workout.,"Whey Protein Concentrate, Whey Protein Isolate, Cocoa Powder, Soy Lecithin, Natural Flavour, Sucralose, Salt","Contains milk and soy. Store in a cool, dry place.",VAR-032-01,HK-VIT-1KG-CHO,1kg - Chocolate,1kg,Chocolate,,active,1999,2399,0,5,TRUE,2026-08-23T17:59:48Z,2026-08-23T17:59:48Z,3,1kg - Chocolate | 1kg - Vanilla | 2kg - Chocolate,"Muscle Building,Recovery,Budget-Friendly"
PROD-032,Healthkart HK Vitals Whey Protein,healthkart-hk-vitals-whey-protein,Healthkart,Whey Protein,Protein,"India's most affordable quality whey. 25g protein, third-party lab tested.","Healthkart HK Vitals Whey Protein is the most value-for-money certified whey protein from India's leading health platform. Third-party lab tested for protein content and banned substances, it delivers 25g of protein per serving without proprietary blends or ingredient padding.",draft,32,Muscle Building,"Muscle Building,Recovery,Budget-Friendly","healthkart,hk vitals,whey protein,india,affordable,lab tested",https://vtiplvmddgjfcruqrvvb.supabase.co/storage/v1/object/sign/PRODUCT%20IMAGES%20BUCKET/whey-protein.webp?token=eyJraWQiOiJmZTRiZGQ2Yy0zZDI4LTRhODUtYTc1My1lYjc4NjhlNDU5OGEiLCJhbGciOiJIUzI1NiJ9.eyJ1cmwiOiJQUk9EVUNUIElNQUdFUyBCVUNLRVQvd2hleS1wcm90ZWluLndlYnAiLCJzY29wZSI6ImRvd25sb2FkIiwiaWF0IjoxNzg3Njk4MDgyLCJleHAiOjIxMDMwNTgwODJ9.kPrloUocq7_4k7Ms-pBGyuELEwkuYH3We8vpKXO5Ylc,,,,,1 Scoop (33g),33,130,25,4.5,2.5,0,2,120,Mix 1 scoop in 200ml cold water or milk. Best post-workout.,"Whey Protein Concentrate, Whey Protein Isolate, Cocoa Powder, Soy Lecithin, Natural Flavour, Sucralose, Salt","Contains milk and soy. Store in a cool, dry place.",VAR-032-02,HK-VIT-1KG-VAN,1kg - Vanilla,1kg,Vanilla,,active,1999,2399,0,5,FALSE,2026-08-23T17:59:48Z,2026-08-23T17:59:48Z,3,1kg - Chocolate | 1kg - Vanilla | 2kg - Chocolate,"Muscle Building,Recovery,Budget-Friendly"
PROD-032,Healthkart HK Vitals Whey Protein,healthkart-hk-vitals-whey-protein,Healthkart,Whey Protein,Protein,"India's most affordable quality whey. 25g protein, third-party lab tested.","Healthkart HK Vitals Whey Protein is the most value-for-money certified whey protein from India's leading health platform. Third-party lab tested for protein content and banned substances, it delivers 25g of protein per serving without proprietary blends or ingredient padding.",draft,32,Muscle Building,"Muscle Building,Recovery,Budget-Friendly","healthkart,hk vitals,whey protein,india,affordable,lab tested",https://vtiplvmddgjfcruqrvvb.supabase.co/storage/v1/object/sign/PRODUCT%20IMAGES%20BUCKET/whey-protein.webp?token=eyJraWQiOiJmZTRiZGQ2Yy0zZDI4LTRhODUtYTc1My1lYjc4NjhlNDU5OGEiLCJhbGciOiJIUzI1NiJ9.eyJ1cmwiOiJQUk9EVUNUIElNQUdFUyBCVUNLRVQvd2hleS1wcm90ZWluLndlYnAiLCJzY29wZSI6ImRvd25sb2FkIiwiaWF0IjoxNzg3Njk4MDgyLCJleHAiOjIxMDMwNTgwODJ9.kPrloUocq7_4k7Ms-pBGyuELEwkuYH3We8vpKXO5Ylc,,,,,1 Scoop (33g),33,130,25,4.5,2.5,0,2,120,Mix 1 scoop in 200ml cold water or milk. Best post-workout.,"Whey Protein Concentrate, Whey Protein Isolate, Cocoa Powder, Soy Lecithin, Natural Flavour, Sucralose, Salt","Contains milk and soy. Store in a cool, dry place.",VAR-032-03,HK-VIT-2KG-CHO,2kg - Chocolate,2kg,Chocolate,,active,3699,4399,0,5,FALSE,2026-08-23T17:59:48Z,2026-08-23T17:59:48Z,3,1kg - Chocolate | 1kg - Vanilla | 2kg - Chocolate,"Muscle Building,Recovery,Budget-Friendly"
PROD-033,Isopure Low Carb Protein Powder,isopure-low-carb-protein-powder,Isopure,Whey Protein,Protein,"50g protein, zero carbs, zero fat per serving. Ultra-pure whey protein isolate.","Isopure Low Carb is a crystal-clear whey protein isolate formula with 50g of pure protein, 0g carbs, 0g fat, and 0g sugar per serving — one of the purest proteins available. With added vitamins and minerals, it's ideal for anyone on a low-carb or ketogenic diet, or for those cutting body fat.",draft,33,"Muscle Building, Weight Loss","Lean Muscle,Cutting,Low Carb,Keto Friendly","isopure,zero carb,keto,low carb protein,pure isolate,cutting",https://vtiplvmddgjfcruqrvvb.supabase.co/storage/v1/object/sign/PRODUCT%20IMAGES%20BUCKET/whey-protein.webp?token=eyJraWQiOiJmZTRiZGQ2Yy0zZDI4LTRhODUtYTc1My1lYjc4NjhlNDU5OGEiLCJhbGciOiJIUzI1NiJ9.eyJ1cmwiOiJQUk9EVUNUIElNQUdFUyBCVUNLRVQvd2hleS1wcm90ZWluLndlYnAiLCJzY29wZSI6ImRvd25sb2FkIiwiaWF0IjoxNzg3Njk4MDgyLCJleHAiOjIxMDMwNTgwODJ9.kPrloUocq7_4k7Ms-pBGyuELEwkuYH3We8vpKXO5Ylc,,,,,2 Scoops (57g),57,200,50,5,0,0,0,430,Mix 2 scoops in 360–480ml cold water. Shake vigorously. Use post-workout or as needed.,"100% Whey Protein Isolate, Vitamins & Minerals Blend (Vitamin A, C, E, B6, B12, Calcium, Magnesium, Iron, Zinc), Natural & Artificial Flavour, Sucralose, Soy Lecithin",Contains milk and soy. Not for individuals with kidney disease without physician guidance.,VAR-033-01,ISO-LCW-1KG-CV,1kg - Creamy Vanilla,1kg,Creamy Vanilla,,active,4999,5999,0,5,TRUE,2026-08-23T17:59:48Z,2026-08-23T17:59:48Z,2,1kg - Creamy Vanilla | 1kg - Dutch Chocolate,"Lean Muscle,Cutting,Low Carb,Keto Friendly"
PROD-033,Isopure Low Carb Protein Powder,isopure-low-carb-protein-powder,Isopure,Whey Protein,Protein,"50g protein, zero carbs, zero fat per serving. Ultra-pure whey protein isolate.","Isopure Low Carb is a crystal-clear whey protein isolate formula with 50g of pure protein, 0g carbs, 0g fat, and 0g sugar per serving — one of the purest proteins available. With added vitamins and minerals, it's ideal for anyone on a low-carb or ketogenic diet, or for those cutting body fat.",draft,33,"Muscle Building, Weight Loss","Lean Muscle,Cutting,Low Carb,Keto Friendly","isopure,zero carb,keto,low carb protein,pure isolate,cutting",https://vtiplvmddgjfcruqrvvb.supabase.co/storage/v1/object/sign/PRODUCT%20IMAGES%20BUCKET/whey-protein.webp?token=eyJraWQiOiJmZTRiZGQ2Yy0zZDI4LTRhODUtYTc1My1lYjc4NjhlNDU5OGEiLCJhbGciOiJIUzI1NiJ9.eyJ1cmwiOiJQUk9EVUNUIElNQUdFUyBCVUNLRVQvd2hleS1wcm90ZWluLndlYnAiLCJzY29wZSI6ImRvd25sb2FkIiwiaWF0IjoxNzg3Njk4MDgyLCJleHAiOjIxMDMwNTgwODJ9.kPrloUocq7_4k7Ms-pBGyuELEwkuYH3We8vpKXO5Ylc,,,,,2 Scoops (57g),57,200,50,5,0,0,0,430,Mix 2 scoops in 360–480ml cold water. Shake vigorously. Use post-workout or as needed.,"100% Whey Protein Isolate, Vitamins & Minerals Blend (Vitamin A, C, E, B6, B12, Calcium, Magnesium, Iron, Zinc), Natural & Artificial Flavour, Sucralose, Soy Lecithin",Contains milk and soy. Not for individuals with kidney disease without physician guidance.,VAR-033-02,ISO-LCW-1KG-DC,1kg - Dutch Chocolate,1kg,Dutch Chocolate,,active,4999,5999,0,5,FALSE,2026-08-23T17:59:48Z,2026-08-23T17:59:48Z,2,1kg - Creamy Vanilla | 1kg - Dutch Chocolate,"Lean Muscle,Cutting,Low Carb,Keto Friendly"
PROD-034,Isopure Original,isopure-original-isopure,Isopure,Whey Protein,Protein,100% Whey Protein Isolate,100% Whey Protein Isolate,draft,34,Muscle Building,protein,"protein, isopure original, isopure, whey protein isolate",https://vtiplvmddgjfcruqrvvb.supabase.co/storage/v1/object/sign/PRODUCT%20IMAGES%20BUCKET/whey-protein.webp?token=eyJraWQiOiJmZTRiZGQ2Yy0zZDI4LTRhODUtYTc1My1lYjc4NjhlNDU5OGEiLCJhbGciOiJIUzI1NiJ9.eyJ1cmwiOiJQUk9EVUNUIElNQUdFUyBCVUNLRVQvd2hleS1wcm90ZWluLndlYnAiLCJzY29wZSI6ImRvd25sb2FkIiwiaWF0IjoxNzg3Njk4MDgyLCJleHAiOjIxMDMwNTgwODJ9.kPrloUocq7_4k7Ms-pBGyuELEwkuYH3We8vpKXO5Ylc,,,,,30 g,30,120,24,3,2,1,1,100,"Use according to the product label. Store in a cool, dry place.",,Check label for allergens.,VAR-034-01,SKU-0240,30 g,30 g,,,active,7685,8607,0,5,TRUE,2026-08-23T23:05:00+05:30,2026-08-23T23:05:00+05:30,1,30 g,protein
PROD-035,Isopure Plus Zero Carb,isopure-plus-zero-carb-isopure,Isopure,Whey Protein,Protein,Zero Carb - Zero Sugar Protein Drink!,Zero Carb - Zero Sugar Protein Drink!,draft,35,Muscle Building,protein,"protein, isopure plus zero carb, isopure, whey protein",https://vtiplvmddgjfcruqrvvb.supabase.co/storage/v1/object/sign/PRODUCT%20IMAGES%20BUCKET/whey-protein.webp?token=eyJraWQiOiJmZTRiZGQ2Yy0zZDI4LTRhODUtYTc1My1lYjc4NjhlNDU5OGEiLCJhbGciOiJIUzI1NiJ9.eyJ1cmwiOiJQUk9EVUNUIElNQUdFUyBCVUNLRVQvd2hleS1wcm90ZWluLndlYnAiLCJzY29wZSI6ImRvd25sb2FkIiwiaWF0IjoxNzg3Njk4MDgyLCJleHAiOjIxMDMwNTgwODJ9.kPrloUocq7_4k7Ms-pBGyuELEwkuYH3We8vpKXO5Ylc,,,,,30 g,30,120,24,3,2,1,1,100,"Use according to the product label. Store in a cool, dry place.",,Check label for allergens.,VAR-035-01,SKU-0218,30 g,30 g,,,active,1444,1617,0,5,TRUE,2026-08-23T23:05:00+05:30,2026-08-23T23:05:00+05:30,1,30 g,protein
PROD-036,Isopure Whey Protein Isolate,isopure-whey-protein-isolate-isopure,Isopure,Whey Protein,Protein,Whey Protein Isolate!,Whey Protein Isolate!,draft,36,Muscle Building,protein,"protein, isopure whey protein isolate, isopure, whey protein",https://vtiplvmddgjfcruqrvvb.supabase.co/storage/v1/object/sign/PRODUCT%20IMAGES%20BUCKET/whey-protein.webp?token=eyJraWQiOiJmZTRiZGQ2Yy0zZDI4LTRhODUtYTc1My1lYjc4NjhlNDU5OGEiLCJhbGciOiJIUzI1NiJ9.eyJ1cmwiOiJQUk9EVUNUIElNQUdFUyBCVUNLRVQvd2hleS1wcm90ZWluLndlYnAiLCJzY29wZSI6ImRvd25sb2FkIiwiaWF0IjoxNzg3Njk4MDgyLCJleHAiOjIxMDMwNTgwODJ9.kPrloUocq7_4k7Ms-pBGyuELEwkuYH3We8vpKXO5Ylc,,,,,30 g,30,120,24,3,2,1,1,100,"Use according to the product label. Store in a cool, dry place.",,Check label for allergens.,VAR-036-01,SKU-0207,30 g,30 g,,,active,3570,3998,0,5,TRUE,2026-08-23T23:05:00+05:30,2026-08-23T23:05:00+05:30,1,30 g,protein
PROD-037,Isopure With Coffee,isopure-with-coffee-isopure,Isopure,Whey Protein,Protein,100% Whey Protein Isolate!,100% Whey Protein Isolate!,draft,37,Muscle Building,protein,"protein, isopure with coffee, isopure, whey protein isolate",https://vtiplvmddgjfcruqrvvb.supabase.co/storage/v1/object/sign/PRODUCT%20IMAGES%20BUCKET/whey-protein.webp?token=eyJraWQiOiJmZTRiZGQ2Yy0zZDI4LTRhODUtYTc1My1lYjc4NjhlNDU5OGEiLCJhbGciOiJIUzI1NiJ9.eyJ1cmwiOiJQUk9EVUNUIElNQUdFUyBCVUNLRVQvd2hleS1wcm90ZWluLndlYnAiLCJzY29wZSI6ImRvd25sb2FkIiwiaWF0IjoxNzg3Njk4MDgyLCJleHAiOjIxMDMwNTgwODJ9.kPrloUocq7_4k7Ms-pBGyuELEwkuYH3We8vpKXO5Ylc,,,,,30 g,30,120,24,3,2,1,1,100,"Use according to the product label. Store in a cool, dry place.",,Check label for allergens.,VAR-037-01,SKU-0241,30 g,30 g,Coffee,,active,3525,3948,0,5,TRUE,2026-08-23T23:05:00+05:30,2026-08-23T23:05:00+05:30,1,30 g,protein
PROD-038,Natural Isopure,natural-isopure-isopure,Isopure,Whey Protein,Protein,Natural!,Natural!,draft,38,Muscle Building,protein,"protein, natural isopure, isopure, whey protein isolate",https://vtiplvmddgjfcruqrvvb.supabase.co/storage/v1/object/sign/PRODUCT%20IMAGES%20BUCKET/whey-protein.webp?token=eyJraWQiOiJmZTRiZGQ2Yy0zZDI4LTRhODUtYTc1My1lYjc4NjhlNDU5OGEiLCJhbGciOiJIUzI1NiJ9.eyJ1cmwiOiJQUk9EVUNUIElNQUdFUyBCVUNLRVQvd2hleS1wcm90ZWluLndlYnAiLCJzY29wZSI6ImRvd25sb2FkIiwiaWF0IjoxNzg3Njk4MDgyLCJleHAiOjIxMDMwNTgwODJ9.kPrloUocq7_4k7Ms-pBGyuELEwkuYH3We8vpKXO5Ylc,,,,,30 g,30,120,24,3,2,1,1,100,"Use according to the product label. Store in a cool, dry place.",,Check label for allergens.,VAR-038-01,SKU-0251,30 g,30 g,,,active,3491,3910,0,5,TRUE,2026-08-23T23:05:00+05:30,2026-08-23T23:05:00+05:30,1,30 g,protein
PROD-039,Perfect Whey Protein,perfect-whey-protein-isopure,Isopure,Whey Protein,Protein,Low Lactose,Low Lactose,draft,39,Muscle Building,protein,"protein, perfect whey protein, isopure, whey protein",https://vtiplvmddgjfcruqrvvb.supabase.co/storage/v1/object/sign/PRODUCT%20IMAGES%20BUCKET/whey-protein.webp?token=eyJraWQiOiJmZTRiZGQ2Yy0zZDI4LTRhODUtYTc1My1lYjc4NjhlNDU5OGEiLCJhbGciOiJIUzI1NiJ9.eyJ1cmwiOiJQUk9EVUNUIElNQUdFUyBCVUNLRVQvd2hleS1wcm90ZWluLndlYnAiLCJzY29wZSI6ImRvd25sb2FkIiwiaWF0IjoxNzg3Njk4MDgyLCJleHAiOjIxMDMwNTgwODJ9.kPrloUocq7_4k7Ms-pBGyuELEwkuYH3We8vpKXO5Ylc,,,,,30 g,30,120,24,3,2,1,1,100,"Use according to the product label. Store in a cool, dry place.",,Check label for allergens.,VAR-039-01,SKU-0229,30 g,30 g,,,active,4321,4840,0,5,TRUE,2026-08-23T23:05:00+05:30,2026-08-23T23:05:00+05:30,1,30 g,protein
PROD-040,Zero Carb Isopure Drink,zero-carb-isopure-drink-isopure,Isopure,Whey Protein,Protein,Ready-to-Drink!,Ready-to-Drink!,draft,40,Muscle Building,protein,"protein, zero carb isopure drink, isopure, whey protein",https://vtiplvmddgjfcruqrvvb.supabase.co/storage/v1/object/sign/PRODUCT%20IMAGES%20BUCKET/whey-protein.webp?token=eyJraWQiOiJmZTRiZGQ2Yy0zZDI4LTRhODUtYTc1My1lYjc4NjhlNDU5OGEiLCJhbGciOiJIUzI1NiJ9.eyJ1cmwiOiJQUk9EVUNUIElNQUdFUyBCVUNLRVQvd2hleS1wcm90ZWluLndlYnAiLCJzY29wZSI6ImRvd25sb2FkIiwiaWF0IjoxNzg3Njk4MDgyLCJleHAiOjIxMDMwNTgwODJ9.kPrloUocq7_4k7Ms-pBGyuELEwkuYH3We8vpKXO5Ylc,,,,,30 g,30,120,24,3,2,1,1,100,"Use according to the product label. Store in a cool, dry place.",,Check label for allergens.,VAR-040-01,SKU-0187,30 g,30 g,,,active,339,380,0,5,TRUE,2026-08-23T23:05:00+05:30,2026-08-23T23:05:00+05:30,1,30 g,protein
PROD-041,Pro JYM,pro-jym-jym-supplement-science,JYM Supplement Science,Whey Protein,Protein,"24g of Pure, Quality Protein in Every Scoop with No Added Amino Acids or Filler Nutrients","24g of Pure, Quality Protein in Every Scoop with No Added Amino Acids or Filler Nutrients",draft,41,Muscle Building,protein,"protein, pro jym, jym supplement science, whey protein isolate",https://vtiplvmddgjfcruqrvvb.supabase.co/storage/v1/object/sign/PRODUCT%20IMAGES%20BUCKET/whey-protein.webp?token=eyJraWQiOiJmZTRiZGQ2Yy0zZDI4LTRhODUtYTc1My1lYjc4NjhlNDU5OGEiLCJhbGciOiJIUzI1NiJ9.eyJ1cmwiOiJQUk9EVUNUIElNQUdFUyBCVUNLRVQvd2hleS1wcm90ZWluLndlYnAiLCJzY29wZSI6ImRvd25sb2FkIiwiaWF0IjoxNzg3Njk4MDgyLCJleHAiOjIxMDMwNTgwODJ9.kPrloUocq7_4k7Ms-pBGyuELEwkuYH3We8vpKXO5Ylc,,,,,30 g,30,120,24,3,2,1,1,100,"Use according to the product label. Store in a cool, dry place.",,Check label for allergens.,VAR-041-01,SKU-0006,30 g,30 g,,,active,4843,5424,0,5,TRUE,2026-08-23T23:05:00+05:30,2026-08-23T23:05:00+05:30,1,30 g,protein
PROD-042,High Protein Pancake Mix,high-protein-pancake-mix-met-rx,MET-Rx,Whey Protein,Protein,2.5 Grams of Total Fat per Serving,2.5 Grams of Total Fat per Serving,draft,42,Muscle Building,protein,"protein, high protein pancake mix, met rx, whey protein",https://vtiplvmddgjfcruqrvvb.supabase.co/storage/v1/object/sign/PRODUCT%20IMAGES%20BUCKET/whey-protein.webp?token=eyJraWQiOiJmZTRiZGQ2Yy0zZDI4LTRhODUtYTc1My1lYjc4NjhlNDU5OGEiLCJhbGciOiJIUzI1NiJ9.eyJ1cmwiOiJQUk9EVUNUIElNQUdFUyBCVUNLRVQvd2hleS1wcm90ZWluLndlYnAiLCJzY29wZSI6ImRvd25sb2FkIiwiaWF0IjoxNzg3Njk4MDgyLCJleHAiOjIxMDMwNTgwODJ9.kPrloUocq7_4k7Ms-pBGyuELEwkuYH3We8vpKXO5Ylc,,,,,30 g,30,120,24,3,2,1,1,100,"Use according to the product label. Store in a cool, dry place.",,Check label for allergens.,VAR-042-01,SKU-0221,30 g,30 g,,,active,2802,3138,0,5,TRUE,2026-08-23T23:05:00+05:30,2026-08-23T23:05:00+05:30,1,30 g,protein
PROD-043,Meal Replacement,meal-replacement-met-rx,MET-Rx,Whey Protein,Protein,Great Tasting And Convenient!,Great Tasting And Convenient!,draft,43,Muscle Building,protein,"protein, meal replacement, met rx, whey protein",https://vtiplvmddgjfcruqrvvb.supabase.co/storage/v1/object/sign/PRODUCT%20IMAGES%20BUCKET/whey-protein.webp?token=eyJraWQiOiJmZTRiZGQ2Yy0zZDI4LTRhODUtYTc1My1lYjc4NjhlNDU5OGEiLCJhbGciOiJIUzI1NiJ9.eyJ1cmwiOiJQUk9EVUNUIElNQUdFUyBCVUNLRVQvd2hleS1wcm90ZWluLndlYnAiLCJzY29wZSI6ImRvd25sb2FkIiwiaWF0IjoxNzg3Njk4MDgyLCJleHAiOjIxMDMwNTgwODJ9.kPrloUocq7_4k7Ms-pBGyuELEwkuYH3We8vpKXO5Ylc,,,,,30 g,30,120,24,3,2,1,1,100,"Use according to the product label. Store in a cool, dry place.",,Check label for allergens.,VAR-043-01,SKU-0211,30 g,30 g,,,active,6491,7270,0,5,TRUE,2026-08-23T23:05:00+05:30,2026-08-23T23:05:00+05:30,1,30 g,protein
PROD-044,Protein Plus Bars,protein-plus-bars-met-rx,MET-Rx,Whey Protein,Protein,Great Tasting And Convenient!,Great Tasting And Convenient!,draft,44,Muscle Building,protein,"protein, protein plus bars, met rx, whey protein",https://vtiplvmddgjfcruqrvvb.supabase.co/storage/v1/object/sign/PRODUCT%20IMAGES%20BUCKET/whey-protein.webp?token=eyJraWQiOiJmZTRiZGQ2Yy0zZDI4LTRhODUtYTc1My1lYjc4NjhlNDU5OGEiLCJhbGciOiJIUzI1NiJ9.eyJ1cmwiOiJQUk9EVUNUIElNQUdFUyBCVUNLRVQvd2hleS1wcm90ZWluLndlYnAiLCJzY29wZSI6ImRvd25sb2FkIiwiaWF0IjoxNzg3Njk4MDgyLCJleHAiOjIxMDMwNTgwODJ9.kPrloUocq7_4k7Ms-pBGyuELEwkuYH3We8vpKXO5Ylc,,,,,30 g,30,120,24,3,2,1,1,100,"Use according to the product label. Store in a cool, dry place.",,Check label for allergens.,VAR-044-01,SKU-0203,30 g,30 g,,,active,1901,2129,0,5,TRUE,2026-08-23T23:05:00+05:30,2026-08-23T23:05:00+05:30,1,30 g,protein
PROD-045,100% All Natural Whey,100-all-natural-whey-mrm,MRM,Whey Protein,Protein,Mixes Instantly!,Mixes Instantly!,draft,45,Muscle Building,protein,"protein, 100 all natural whey, mrm, whey protein",https://vtiplvmddgjfcruqrvvb.supabase.co/storage/v1/object/sign/PRODUCT%20IMAGES%20BUCKET/whey-protein.webp?token=eyJraWQiOiJmZTRiZGQ2Yy0zZDI4LTRhODUtYTc1My1lYjc4NjhlNDU5OGEiLCJhbGciOiJIUzI1NiJ9.eyJ1cmwiOiJQUk9EVUNUIElNQUdFUyBCVUNLRVQvd2hleS1wcm90ZWluLndlYnAiLCJzY29wZSI6ImRvd25sb2FkIiwiaWF0IjoxNzg3Njk4MDgyLCJleHAiOjIxMDMwNTgwODJ9.kPrloUocq7_4k7Ms-pBGyuELEwkuYH3We8vpKXO5Ylc,,,,,30 g,30,120,24,3,2,1,1,100,"Use according to the product label. Store in a cool, dry place.",,Check label for allergens.,VAR-045-01,SKU-0222,30 g,30 g,,,active,2673,2994,0,5,TRUE,2026-08-23T23:05:00+05:30,2026-08-23T23:05:00+05:30,1,30 g,protein
PROD-046,All Natural Gainer,all-natural-gainer-mrm,MRM,Whey Protein,Protein,25g Protein/Serving!,25g Protein/Serving!,draft,46,Muscle Building,protein,"protein, all natural gainer, mrm, whey protein",https://vtiplvmddgjfcruqrvvb.supabase.co/storage/v1/object/sign/PRODUCT%20IMAGES%20BUCKET/whey-protein.webp?token=eyJraWQiOiJmZTRiZGQ2Yy0zZDI4LTRhODUtYTc1My1lYjc4NjhlNDU5OGEiLCJhbGciOiJIUzI1NiJ9.eyJ1cmwiOiJQUk9EVUNUIElNQUdFUyBCVUNLRVQvd2hleS1wcm90ZWluLndlYnAiLCJzY29wZSI6ImRvd25sb2FkIiwiaWF0IjoxNzg3Njk4MDgyLCJleHAiOjIxMDMwNTgwODJ9.kPrloUocq7_4k7Ms-pBGyuELEwkuYH3We8vpKXO5Ylc,,,,,30 g,30,120,24,3,2,1,1,100,"Use according to the product label. Store in a cool, dry place.",,Check label for allergens.,VAR-046-01,SKU-0230,30 g,30 g,,,active,2698,3022,0,5,TRUE,2026-08-23T23:05:00+05:30,2026-08-23T23:05:00+05:30,1,30 g,protein
PROD-047,100% All-Pro,100-all-pro-muscle-beach-nutrition,Muscle Beach Nutrition,Whey Protein,Protein,"Great-tasting, Premium-Blended,  Tri-phased Protein formula","Great-tasting, Premium-Blended,  Tri-phased Protein formula",draft,47,Muscle Building,protein,"protein, 100 all pro, muscle beach nutrition, whey protein",https://vtiplvmddgjfcruqrvvb.supabase.co/storage/v1/object/sign/PRODUCT%20IMAGES%20BUCKET/whey-protein.webp?token=eyJraWQiOiJmZTRiZGQ2Yy0zZDI4LTRhODUtYTc1My1lYjc4NjhlNDU5OGEiLCJhbGciOiJIUzI1NiJ9.eyJ1cmwiOiJQUk9EVUNUIElNQUdFUyBCVUNLRVQvd2hleS1wcm90ZWluLndlYnAiLCJzY29wZSI6ImRvd25sb2FkIiwiaWF0IjoxNzg3Njk4MDgyLCJleHAiOjIxMDMwNTgwODJ9.kPrloUocq7_4k7Ms-pBGyuELEwkuYH3We8vpKXO5Ylc,,,,,30 g,30,120,24,3,2,1,1,100,"Use according to the product label. Store in a cool, dry place.",,Check label for allergens.,VAR-047-01,SKU-0213,30 g,30 g,,,active,2759,3090,0,5,TRUE,2026-08-23T23:05:00+05:30,2026-08-23T23:05:00+05:30,1,30 g,protein
PROD-048,Muscle Milk Collegiate,muscle-milk-collegiate-muscle-milk,Muscle Milk,Whey Protein,Protein,Balanced and Complete Formula!,Balanced and Complete Formula!,draft,48,Muscle Building,protein,"protein, muscle milk collegiate, muscle milk, whey protein",https://vtiplvmddgjfcruqrvvb.supabase.co/storage/v1/object/sign/PRODUCT%20IMAGES%20BUCKET/whey-protein.webp?token=eyJraWQiOiJmZTRiZGQ2Yy0zZDI4LTRhODUtYTc1My1lYjc4NjhlNDU5OGEiLCJhbGciOiJIUzI1NiJ9.eyJ1cmwiOiJQUk9EVUNUIElNQUdFUyBCVUNLRVQvd2hleS1wcm90ZWluLndlYnAiLCJzY29wZSI6ImRvd25sb2FkIiwiaWF0IjoxNzg3Njk4MDgyLCJleHAiOjIxMDMwNTgwODJ9.kPrloUocq7_4k7Ms-pBGyuELEwkuYH3We8vpKXO5Ylc,,,,,30 g,30,120,24,3,2,1,1,100,"Use according to the product label. Store in a cool, dry place.",,Check label for allergens.,VAR-048-01,SKU-0220,30 g,30 g,,,active,3319,3717,0,5,TRUE,2026-08-23T23:05:00+05:30,2026-08-23T23:05:00+05:30,1,30 g,protein
PROD-049,Muscle Milk Gainer,muscle-milk-gainer-muscle-milk,Muscle Milk,Whey Protein,Protein,High Protein Gainer!,High Protein Gainer!,draft,49,Muscle Building,protein,"protein, muscle milk gainer, muscle milk, whey protein",https://vtiplvmddgjfcruqrvvb.supabase.co/storage/v1/object/sign/PRODUCT%20IMAGES%20BUCKET/whey-protein.webp?token=eyJraWQiOiJmZTRiZGQ2Yy0zZDI4LTRhODUtYTc1My1lYjc4NjhlNDU5OGEiLCJhbGciOiJIUzI1NiJ9.eyJ1cmwiOiJQUk9EVUNUIElNQUdFUyBCVUNLRVQvd2hleS1wcm90ZWluLndlYnAiLCJzY29wZSI6ImRvd25sb2FkIiwiaWF0IjoxNzg3Njk4MDgyLCJleHAiOjIxMDMwNTgwODJ9.kPrloUocq7_4k7Ms-pBGyuELEwkuYH3We8vpKXO5Ylc,,,,,30 g,30,120,24,3,2,1,1,100,"Use according to the product label. Store in a cool, dry place.",,Check label for allergens.,VAR-049-01,SKU-0226,30 g,30 g,,,active,3084,3454,0,5,TRUE,2026-08-23T23:05:00+05:30,2026-08-23T23:05:00+05:30,1,30 g,protein
PROD-050,Muscle Milk Original RTD,muscle-milk-original-rtd-muscle-milk,Muscle Milk,Whey Protein,Protein,Ready To Drink!,Ready To Drink!,draft,50,Muscle Building,protein,"protein, muscle milk original rtd, muscle milk, whey protein",https://vtiplvmddgjfcruqrvvb.supabase.co/storage/v1/object/sign/PRODUCT%20IMAGES%20BUCKET/whey-protein.webp?token=eyJraWQiOiJmZTRiZGQ2Yy0zZDI4LTRhODUtYTc1My1lYjc4NjhlNDU5OGEiLCJhbGciOiJIUzI1NiJ9.eyJ1cmwiOiJQUk9EVUNUIElNQUdFUyBCVUNLRVQvd2hleS1wcm90ZWluLndlYnAiLCJzY29wZSI6ImRvd25sb2FkIiwiaWF0IjoxNzg3Njk4MDgyLCJleHAiOjIxMDMwNTgwODJ9.kPrloUocq7_4k7Ms-pBGyuELEwkuYH3We8vpKXO5Ylc,,,,,30 g,30,120,24,3,2,1,1,100,"Use according to the product label. Store in a cool, dry place.",,Check label for allergens.,VAR-050-01,SKU-0217,30 g,30 g,,,active,3836,4296,0,5,TRUE,2026-08-23T23:05:00+05:30,2026-08-23T23:05:00+05:30,1,30 g,protein
PROD-051,Muscle Milk Pro Series 50,muscle-milk-pro-series-50-muscle-milk,Muscle Milk,Whey Protein,Protein,High Quality Protein!,High Quality Protein!,draft,51,Muscle Building,protein,"protein, muscle milk pro series 50, muscle milk, whey protein",https://vtiplvmddgjfcruqrvvb.supabase.co/storage/v1/object/sign/PRODUCT%20IMAGES%20BUCKET/whey-protein.webp?token=eyJraWQiOiJmZTRiZGQ2Yy0zZDI4LTRhODUtYTc1My1lYjc4NjhlNDU5OGEiLCJhbGciOiJIUzI1NiJ9.eyJ1cmwiOiJQUk9EVUNUIElNQUdFUyBCVUNLRVQvd2hleS1wcm90ZWluLndlYnAiLCJzY29wZSI6ImRvd25sb2FkIiwiaWF0IjoxNzg3Njk4MDgyLCJleHAiOjIxMDMwNTgwODJ9.kPrloUocq7_4k7Ms-pBGyuELEwkuYH3We8vpKXO5Ylc,,,,,30 g,30,120,24,3,2,1,1,100,"Use according to the product label. Store in a cool, dry place.",,Check label for allergens.,VAR-051-01,SKU-0223,30 g,30 g,,,active,3055,3422,0,5,TRUE,2026-08-23T23:05:00+05:30,2026-08-23T23:05:00+05:30,1,30 g,protein
PROD-052,MuscleBlaze Whey Gold 100% Whey Protein,muscleblaze-whey-gold-100-whey-protein,MuscleBlaze,Whey Protein,Protein,26g protein per serving with Informed Sport Certified formula. India's #1 sports nutrition brand.,"MuscleBlaze Whey Gold delivers 26g of protein with ultra-low lactose content and no soya protein added. Certified by Informed Sport for banned substance testing. It contains 6g of naturally occurring BCAAs and 4.7g of glutamine per serving, ideal for Indian athletes looking for a premium, clean protein.",draft,52,Muscle Building,"Muscle Building,Recovery","whey protein,muscleblaze,india,post-workout,informed sport",https://img10.hkrtcdn.com/35487/prd_3548639-MuscleBlaze-Whey-Gold-100-Whey-Protein-Isolate-2.2-lb-Rich-Milk-Chocolate_o.jpg,https://img4.hkrtcdn.com/37799/prd_3779833-MuscleBlaze-Whey-Gold-100-Whey-Protein-Isolate-4.4-lb-Rich-Milk-Chocolate_o.jpg,https://img8.hkrtcdn.com/37800/prd_3779977-MuscleBlaze-Whey-Gold-100-Whey-Protein-Isolate-4.4-lb-Rich-Milk-Chocolate_o.jpg,https://img6.hkrtcdn.com/37799/prd_3779835-MuscleBlaze-Whey-Gold-100-Whey-Protein-Isolate-4.4-lb-Rich-Milk-Chocolate_o.jpg,https://img10.hkrtcdn.com/37800/prd_3779979-MuscleBlaze-Whey-Gold-100-Whey-Protein-Isolate-4.4-lb-Rich-Milk-Chocolate_o.jpg,1 Scoop (33g),33,130,26,4,2,0,1.5,140,Mix 1 scoop with 200ml cold water or milk. Best consumed post-workout.,"Whey Protein Concentrate, Whey Protein Isolate, Cocoa Powder, Emulsifier (Soy Lecithin), Natural Flavour, Sucralose, Acesulfame Potassium",Contains milk and soy. Keep out of reach of children.,VAR-052-01,MB-WG-1KG-RC,1kg - Rich Chocolate,1kg,Rich Chocolate,,active,2699,3299,0,5,TRUE,2026-08-23T17:59:48Z,2026-08-23T17:59:48Z,3,1kg - Rich Chocolate | 1kg - Unflavoured | 2kg - Rich Chocolate,"Muscle Building,Recovery"
PROD-052,MuscleBlaze Whey Gold 100% Whey Protein,muscleblaze-whey-gold-100-whey-protein,MuscleBlaze,Whey Protein,Protein,26g protein per serving with Informed Sport Certified formula. India's #1 sports nutrition brand.,"MuscleBlaze Whey Gold delivers 26g of protein with ultra-low lactose content and no soya protein added. Certified by Informed Sport for banned substance testing. It contains 6g of naturally occurring BCAAs and 4.7g of glutamine per serving, ideal for Indian athletes looking for a premium, clean protein.",draft,52,Muscle Building,"Muscle Building,Recovery","whey protein,muscleblaze,india,post-workout,informed sport",https://img10.hkrtcdn.com/35487/prd_3548639-MuscleBlaze-Whey-Gold-100-Whey-Protein-Isolate-2.2-lb-Rich-Milk-Chocolate_o.jpg,https://img4.hkrtcdn.com/37799/prd_3779833-MuscleBlaze-Whey-Gold-100-Whey-Protein-Isolate-4.4-lb-Rich-Milk-Chocolate_o.jpg,https://img8.hkrtcdn.com/37800/prd_3779977-MuscleBlaze-Whey-Gold-100-Whey-Protein-Isolate-4.4-lb-Rich-Milk-Chocolate_o.jpg,https://img6.hkrtcdn.com/37799/prd_3779835-MuscleBlaze-Whey-Gold-100-Whey-Protein-Isolate-4.4-lb-Rich-Milk-Chocolate_o.jpg,https://img10.hkrtcdn.com/37800/prd_3779979-MuscleBlaze-Whey-Gold-100-Whey-Protein-Isolate-4.4-lb-Rich-Milk-Chocolate_o.jpg,1 Scoop (33g),33,130,26,4,2,0,1.5,140,Mix 1 scoop with 200ml cold water or milk. Best consumed post-workout.,"Whey Protein Concentrate, Whey Protein Isolate, Cocoa Powder, Emulsifier (Soy Lecithin), Natural Flavour, Sucralose, Acesulfame Potassium",Contains milk and soy. Keep out of reach of children.,VAR-052-02,MB-WG-1KG-UNF,1kg - Unflavoured,1kg,Unflavoured,,active,2599,3099,0,5,FALSE,2026-08-23T17:59:48Z,2026-08-23T17:59:48Z,3,1kg - Rich Chocolate | 1kg - Unflavoured | 2kg - Rich Chocolate,"Muscle Building,Recovery"
PROD-052,MuscleBlaze Whey Gold 100% Whey Protein,muscleblaze-whey-gold-100-whey-protein,MuscleBlaze,Whey Protein,Protein,26g protein per serving with Informed Sport Certified formula. India's #1 sports nutrition brand.,"MuscleBlaze Whey Gold delivers 26g of protein with ultra-low lactose content and no soya protein added. Certified by Informed Sport for banned substance testing. It contains 6g of naturally occurring BCAAs and 4.7g of glutamine per serving, ideal for Indian athletes looking for a premium, clean protein.",draft,52,Muscle Building,"Muscle Building,Recovery","whey protein,muscleblaze,india,post-workout,informed sport",https://img10.hkrtcdn.com/35487/prd_3548639-MuscleBlaze-Whey-Gold-100-Whey-Protein-Isolate-2.2-lb-Rich-Milk-Chocolate_o.jpg,https://img4.hkrtcdn.com/37799/prd_3779833-MuscleBlaze-Whey-Gold-100-Whey-Protein-Isolate-4.4-lb-Rich-Milk-Chocolate_o.jpg,https://img8.hkrtcdn.com/37800/prd_3779977-MuscleBlaze-Whey-Gold-100-Whey-Protein-Isolate-4.4-lb-Rich-Milk-Chocolate_o.jpg,https://img6.hkrtcdn.com/37799/prd_3779835-MuscleBlaze-Whey-Gold-100-Whey-Protein-Isolate-4.4-lb-Rich-Milk-Chocolate_o.jpg,https://img10.hkrtcdn.com/37800/prd_3779979-MuscleBlaze-Whey-Gold-100-Whey-Protein-Isolate-4.4-lb-Rich-Milk-Chocolate_o.jpg,1 Scoop (33g),33,130,26,4,2,0,1.5,140,Mix 1 scoop with 200ml cold water or milk. Best consumed post-workout.,"Whey Protein Concentrate, Whey Protein Isolate, Cocoa Powder, Emulsifier (Soy Lecithin), Natural Flavour, Sucralose, Acesulfame Potassium",Contains milk and soy. Keep out of reach of children.,VAR-052-03,MB-WG-2KG-RC,2kg - Rich Chocolate,2kg,Rich Chocolate,,active,4999,5799,0,5,FALSE,2026-08-23T17:59:48Z,2026-08-23T17:59:48Z,3,1kg - Rich Chocolate | 1kg - Unflavoured | 2kg - Rich Chocolate,"Muscle Building,Recovery"
PROD-053,Combat 100% Isolate,combat-100-isolate-musclepharm,MusclePharm,Whey Protein,Protein,Whey Protein Isolate Powder For Lean Muscle Gains,Whey Protein Isolate Powder For Lean Muscle Gains,draft,53,Muscle Building,protein,"protein, combat 100 isolate, musclepharm, whey protein isolate",https://vtiplvmddgjfcruqrvvb.supabase.co/storage/v1/object/sign/PRODUCT%20IMAGES%20BUCKET/whey-protein.webp?token=eyJraWQiOiJmZTRiZGQ2Yy0zZDI4LTRhODUtYTc1My1lYjc4NjhlNDU5OGEiLCJhbGciOiJIUzI1NiJ9.eyJ1cmwiOiJQUk9EVUNUIElNQUdFUyBCVUNLRVQvd2hleS1wcm90ZWluLndlYnAiLCJzY29wZSI6ImRvd25sb2FkIiwiaWF0IjoxNzg3Njk4MDgyLCJleHAiOjIxMDMwNTgwODJ9.kPrloUocq7_4k7Ms-pBGyuELEwkuYH3We8vpKXO5Ylc,,,,,30 g,30,120,24,3,2,1,1,100,"Use according to the product label. Store in a cool, dry place.",,Check label for allergens.,VAR-053-01,SKU-0244,30 g,30 g,,,active,4462,4997,0,5,TRUE,2026-08-23T23:05:00+05:30,2026-08-23T23:05:00+05:30,1,30 g,protein
PROD-054,Combat Crunch Bars,combat-crunch-bars-musclepharm,MusclePharm,Whey Protein,Protein,Gluten Free Multi-Layered Baked Bar with 20G of Protein,Gluten Free Multi-Layered Baked Bar with 20G of Protein,draft,54,Muscle Building,protein,"protein, combat crunch bars, musclepharm, whey protein isolate",https://vtiplvmddgjfcruqrvvb.supabase.co/storage/v1/object/sign/PRODUCT%20IMAGES%20BUCKET/whey-protein.webp?token=eyJraWQiOiJmZTRiZGQ2Yy0zZDI4LTRhODUtYTc1My1lYjc4NjhlNDU5OGEiLCJhbGciOiJIUzI1NiJ9.eyJ1cmwiOiJQUk9EVUNUIElNQUdFUyBCVUNLRVQvd2hleS1wcm90ZWluLndlYnAiLCJzY29wZSI6ImRvd25sb2FkIiwiaWF0IjoxNzg3Njk4MDgyLCJleHAiOjIxMDMwNTgwODJ9.kPrloUocq7_4k7Ms-pBGyuELEwkuYH3We8vpKXO5Ylc,,,,,30 g,30,120,24,3,2,1,1,100,"Use according to the product label. Store in a cool, dry place.",,Check label for allergens.,VAR-054-01,SKU-0008,30 g,30 g,,,active,1487,1665,0,5,TRUE,2026-08-23T23:05:00+05:30,2026-08-23T23:05:00+05:30,1,30 g,protein
PROD-055,Combat Powder,combat-powder-musclepharm,MusclePharm,Whey Protein,Protein,Protein Powder Blend for Muscle Growth*,Protein Powder Blend for Muscle Growth*,draft,55,Muscle Building,protein,"protein, combat powder, musclepharm, whey protein",https://vtiplvmddgjfcruqrvvb.supabase.co/storage/v1/object/sign/PRODUCT%20IMAGES%20BUCKET/whey-protein.webp?token=eyJraWQiOiJmZTRiZGQ2Yy0zZDI4LTRhODUtYTc1My1lYjc4NjhlNDU5OGEiLCJhbGciOiJIUzI1NiJ9.eyJ1cmwiOiJQUk9EVUNUIElNQUdFUyBCVUNLRVQvd2hleS1wcm90ZWluLndlYnAiLCJzY29wZSI6ImRvd25sb2FkIiwiaWF0IjoxNzg3Njk4MDgyLCJleHAiOjIxMDMwNTgwODJ9.kPrloUocq7_4k7Ms-pBGyuELEwkuYH3We8vpKXO5Ylc,,,,,30 g,30,120,24,3,2,1,1,100,"Use according to the product label. Store in a cool, dry place.",,Check label for allergens.,VAR-055-01,SKU-0186,30 g,30 g,,,active,2676,2997,0,5,TRUE,2026-08-23T23:05:00+05:30,2026-08-23T23:05:00+05:30,1,30 g,protein
PROD-056,MASS-TECH,mass-tech-muscletech,MuscleTech,Whey Protein,Protein,Advanced Muscle Mass Gainer!,Advanced Muscle Mass Gainer!,draft,56,Muscle Building,protein,"protein, mass tech, muscletech, whey protein",https://vtiplvmddgjfcruqrvvb.supabase.co/storage/v1/object/sign/PRODUCT%20IMAGES%20BUCKET/whey-protein.webp?token=eyJraWQiOiJmZTRiZGQ2Yy0zZDI4LTRhODUtYTc1My1lYjc4NjhlNDU5OGEiLCJhbGciOiJIUzI1NiJ9.eyJ1cmwiOiJQUk9EVUNUIElNQUdFUyBCVUNLRVQvd2hleS1wcm90ZWluLndlYnAiLCJzY29wZSI6ImRvd25sb2FkIiwiaWF0IjoxNzg3Njk4MDgyLCJleHAiOjIxMDMwNTgwODJ9.kPrloUocq7_4k7Ms-pBGyuELEwkuYH3We8vpKXO5Ylc,,,,,30 g,30,120,24,3,2,1,1,100,"Use according to the product label. Store in a cool, dry place.",,Check label for allergens.,VAR-056-01,SKU-0192,30 g,30 g,,,active,2665,2985,0,5,TRUE,2026-08-23T23:05:00+05:30,2026-08-23T23:05:00+05:30,1,30 g,protein
PROD-057,NITRO-TECH 100% Whey Gold,nitro-tech-100-whey-gold-muscletech,MuscleTech,Whey Protein,Protein,Each Scoop Serves Up 24G Of Ultra-Premium Micro-Filtered Protein,Each Scoop Serves Up 24G Of Ultra-Premium Micro-Filtered Protein,draft,57,Muscle Building,protein,"protein, nitro tech 100 whey gold, muscletech, whey protein",https://www.nutribay.it/13749-large_default/Muscletech-Nitro-Tech-100-Whey-Gold-908-gr-.jpg,https://www.nutribay.it/13749-large_default/Muscletech-Nitro-Tech-100-Whey-Gold-908-gr-.jpg,,,,30 g,30,120,24,3,2,1,1,100,"Use according to the product label. Store in a cool, dry place.",,Check label for allergens.,VAR-057-01,SKU-0003,30 g,30 g,,,active,4844,5425,0,5,TRUE,2026-08-23T23:05:00+05:30,2026-08-23T23:05:00+05:30,1,30 g,protein
PROD-058,Phase8,phase8-muscletech,MuscleTech,Whey Protein,Protein,Muscle Building Protein Powder Blend*,Muscle Building Protein Powder Blend*,draft,58,Muscle Building,protein,"protein, phase8, muscletech, whey protein",https://storage.googleapis.com/pricemandu.com/images/products/full/9c2730df48c8fb70223bb18e012971efc9845935.jpg,https://storage.googleapis.com/pricemandu.com/images/products/full/9c2730df48c8fb70223bb18e012971efc9845935.jpg,,,,30 g,30,120,24,3,2,1,1,100,"Use according to the product label. Store in a cool, dry place.",,Check label for allergens.,VAR-058-01,SKU-0194,30 g,30 g,,,active,2665,2985,0,5,TRUE,2026-08-23T23:05:00+05:30,2026-08-23T23:05:00+05:30,1,30 g,protein
PROD-059,Pro Series Premium Gold 100% Whey Protein,pro-series-premium-gold-100-whey-protein-muscletech,MuscleTech,Whey Protein,Protein,Premium Gold 100% Whey Protein,Premium Gold 100% Whey Protein,draft,59,Muscle Building,protein,"protein, pro series premium gold 100 whey protein, muscletech, whey protein",https://vtiplvmddgjfcruqrvvb.supabase.co/storage/v1/object/sign/PRODUCT%20IMAGES%20BUCKET/whey-protein.webp?token=eyJraWQiOiJmZTRiZGQ2Yy0zZDI4LTRhODUtYTc1My1lYjc4NjhlNDU5OGEiLCJhbGciOiJIUzI1NiJ9.eyJ1cmwiOiJQUk9EVUNUIElNQUdFUyBCVUNLRVQvd2hleS1wcm90ZWluLndlYnAiLCJzY29wZSI6ImRvd25sb2FkIiwiaWF0IjoxNzg3Njk4MjA1LCJleHAiOjIxMDMwNTgyMDV9.BUXm0Nt-EIQXFlJLLThhSPz6jS9crs3VvXDC76YQFv0,,,,,30 g,30,120,24,3,2,1,1,100,"Use according to the product label. Store in a cool, dry place.",,Check label for allergens.,VAR-059-01,SKU-0216,30 g,30 g,,,active,2208,2473,0,5,TRUE,2026-08-23T23:05:00+05:30,2026-08-23T23:05:00+05:30,1,30 g,protein
PROD-060,Whey Protein Isolate,whey-protein-isolate-now,NOW,Whey Protein,Protein,Mixes Instantly!,Mixes Instantly!,draft,60,Muscle Building,protein,"protein, whey protein isolate, now",https://vtiplvmddgjfcruqrvvb.supabase.co/storage/v1/object/sign/PRODUCT%20IMAGES%20BUCKET/whey-protein.webp?token=eyJraWQiOiJmZTRiZGQ2Yy0zZDI4LTRhODUtYTc1My1lYjc4NjhlNDU5OGEiLCJhbGciOiJIUzI1NiJ9.eyJ1cmwiOiJQUk9EVUNUIElNQUdFUyBCVUNLRVQvd2hleS1wcm90ZWluLndlYnAiLCJzY29wZSI6ImRvd25sb2FkIiwiaWF0IjoxNzg3Njk4MjA1LCJleHAiOjIxMDMwNTgyMDV9.BUXm0Nt-EIQXFlJLLThhSPz6jS9crs3VvXDC76YQFv0,,,,,30 g,30,120,24,3,2,1,1,100,"Use according to the product label. Store in a cool, dry place.",,Check label for allergens.,VAR-060-01,SKU-0239,30 g,30 g,,,active,10160,11379,0,5,TRUE,2026-08-23T23:05:00+05:30,2026-08-23T23:05:00+05:30,1,30 g,protein
PROD-061,100% Whey Protein Isolate,100-whey-protein-isolate-nutrabio,NutraBio,Whey Protein,Protein,100% Whey Protein Isolate For Supporting Muscle Growth*,100% Whey Protein Isolate For Supporting Muscle Growth*,draft,61,Muscle Building,protein,"protein, 100 whey protein isolate, nutrabio, whey protein",https://vtiplvmddgjfcruqrvvb.supabase.co/storage/v1/object/sign/PRODUCT%20IMAGES%20BUCKET/whey-protein.webp?token=eyJraWQiOiJmZTRiZGQ2Yy0zZDI4LTRhODUtYTc1My1lYjc4NjhlNDU5OGEiLCJhbGciOiJIUzI1NiJ9.eyJ1cmwiOiJQUk9EVUNUIElNQUdFUyBCVUNLRVQvd2hleS1wcm90ZWluLndlYnAiLCJzY29wZSI6ImRvd25sb2FkIiwiaWF0IjoxNzg3Njk4MjA1LCJleHAiOjIxMDMwNTgyMDV9.BUXm0Nt-EIQXFlJLLThhSPz6jS9crs3VvXDC76YQFv0,,,,,30 g,30,120,24,3,2,1,1,100,"Use according to the product label. Store in a cool, dry place.",,Check label for allergens.,VAR-061-01,SKU-0206,30 g,30 g,,,active,3399,3807,0,5,TRUE,2026-08-23T23:05:00+05:30,2026-08-23T23:05:00+05:30,1,30 g,protein
PROD-062,Gold Standard 100% Whey,gold-standard-100-whey,Optimum Nutrition,Whey Protein,Protein,"24g protein per serving, fast-digesting whey protein isolate as primary ingredient.","Optimum Nutrition's Gold Standard 100% Whey is the world's best-selling whey protein powder. Each serving delivers 24g of protein primarily from Whey Protein Isolates — the purest form of whey — to support muscle building and recovery. With over 5g of naturally occurring BCAAs and 4g of glutamine per serving, it fuels post-workout recovery and lean muscle growth.",draft,62,"Muscle Building, Weight Loss","Muscle Building,Recovery,Lean Muscle","whey protein,ON gold standard,isolate,post-workout,muscle",https://vtiplvmddgjfcruqrvvb.supabase.co/storage/v1/object/sign/PRODUCT%20IMAGES%20BUCKET/whey-protein.webp?token=eyJraWQiOiJmZTRiZGQ2Yy0zZDI4LTRhODUtYTc1My1lYjc4NjhlNDU5OGEiLCJhbGciOiJIUzI1NiJ9.eyJ1cmwiOiJQUk9EVUNUIElNQUdFUyBCVUNLRVQvd2hleS1wcm90ZWluLndlYnAiLCJzY29wZSI6ImRvd25sb2FkIiwiaWF0IjoxNzg3Njk4MjA1LCJleHAiOjIxMDMwNTgyMDV9.BUXm0Nt-EIQXFlJLLThhSPz6jS9crs3VvXDC76YQFv0,,,,,1 Scoop (30g),30,120,24,3,1.5,0,1,130,Mix 1 scoop with 180–240ml water or milk. Consume within 30 minutes after workout or as directed by a nutritionist.,"Whey Protein Isolate, Whey Protein Concentrate, Whey Peptides, Cocoa Powder (chocolate variant), Lecithin, Natural & Artificial Flavours, Acesulfame Potassium, Sucralose","Contains milk, soy. Not suitable for individuals with lactose intolerance. Consult physician if pregnant or on medication.",VAR-062-01,ON-GS-1KG-DRC,1kg - Double Rich Chocolate,1kg,Double Rich Chocolate,,active,2999,3499,0,5,TRUE,2026-08-23T17:59:48Z,2026-08-23T17:59:48Z,4,1kg - Double Rich Chocolate | 1kg - Strawberry | 2kg - Double Rich Chocolate | 2kg - Unflavoured,"Muscle Building,Recovery,Lean Muscle"
PROD-062,Gold Standard 100% Whey,gold-standard-100-whey,Optimum Nutrition,Whey Protein,Protein,"24g protein per serving, fast-digesting whey protein isolate as primary ingredient.","Optimum Nutrition's Gold Standard 100% Whey is the world's best-selling whey protein powder. Each serving delivers 24g of protein primarily from Whey Protein Isolates — the purest form of whey — to support muscle building and recovery. With over 5g of naturally occurring BCAAs and 4g of glutamine per serving, it fuels post-workout recovery and lean muscle growth.",draft,62,"Muscle Building, Weight Loss","Muscle Building,Recovery,Lean Muscle","whey protein,ON gold standard,isolate,post-workout,muscle",https://vtiplvmddgjfcruqrvvb.supabase.co/storage/v1/object/sign/PRODUCT%20IMAGES%20BUCKET/whey-protein.webp?token=eyJraWQiOiJmZTRiZGQ2Yy0zZDI4LTRhODUtYTc1My1lYjc4NjhlNDU5OGEiLCJhbGciOiJIUzI1NiJ9.eyJ1cmwiOiJQUk9EVUNUIElNQUdFUyBCVUNLRVQvd2hleS1wcm90ZWluLndlYnAiLCJzY29wZSI6ImRvd25sb2FkIiwiaWF0IjoxNzg3Njk4MjA1LCJleHAiOjIxMDMwNTgyMDV9.BUXm0Nt-EIQXFlJLLThhSPz6jS9crs3VvXDC76YQFv0,,,,,1 Scoop (30g),30,120,24,3,1.5,0,1,130,Mix 1 scoop with 180–240ml water or milk. Consume within 30 minutes after workout or as directed by a nutritionist.,"Whey Protein Isolate, Whey Protein Concentrate, Whey Peptides, Cocoa Powder (chocolate variant), Lecithin, Natural & Artificial Flavours, Acesulfame Potassium, Sucralose","Contains milk, soy. Not suitable for individuals with lactose intolerance. Consult physician if pregnant or on medication.",VAR-062-02,ON-GS-1KG-STR,1kg - Strawberry,1kg,Strawberry,,active,2999,3499,0,5,FALSE,2026-08-23T17:59:48Z,2026-08-23T17:59:48Z,4,1kg - Double Rich Chocolate | 1kg - Strawberry | 2kg - Double Rich Chocolate | 2kg - Unflavoured,"Muscle Building,Recovery,Lean Muscle"
PROD-062,Gold Standard 100% Whey,gold-standard-100-whey,Optimum Nutrition,Whey Protein,Protein,"24g protein per serving, fast-digesting whey protein isolate as primary ingredient.","Optimum Nutrition's Gold Standard 100% Whey is the world's best-selling whey protein powder. Each serving delivers 24g of protein primarily from Whey Protein Isolates — the purest form of whey — to support muscle building and recovery. With over 5g of naturally occurring BCAAs and 4g of glutamine per serving, it fuels post-workout recovery and lean muscle growth.",draft,62,"Muscle Building, Weight Loss","Muscle Building,Recovery,Lean Muscle","whey protein,ON gold standard,isolate,post-workout,muscle",https://vtiplvmddgjfcruqrvvb.supabase.co/storage/v1/object/sign/PRODUCT%20IMAGES%20BUCKET/whey-protein.webp?token=eyJraWQiOiJmZTRiZGQ2Yy0zZDI4LTRhODUtYTc1My1lYjc4NjhlNDU5OGEiLCJhbGciOiJIUzI1NiJ9.eyJ1cmwiOiJQUk9EVUNUIElNQUdFUyBCVUNLRVQvd2hleS1wcm90ZWluLndlYnAiLCJzY29wZSI6ImRvd25sb2FkIiwiaWF0IjoxNzg3Njk4MjA1LCJleHAiOjIxMDMwNTgyMDV9.BUXm0Nt-EIQXFlJLLThhSPz6jS9crs3VvXDC76YQFv0,,,,,1 Scoop (30g),30,120,24,3,1.5,0,1,130,Mix 1 scoop with 180–240ml water or milk. Consume within 30 minutes after workout or as directed by a nutritionist.,"Whey Protein Isolate, Whey Protein Concentrate, Whey Peptides, Cocoa Powder (chocolate variant), Lecithin, Natural & Artificial Flavours, Acesulfame Potassium, Sucralose","Contains milk, soy. Not suitable for individuals with lactose intolerance. Consult physician if pregnant or on medication.",VAR-062-03,ON-GS-2KG-DRC,2kg - Double Rich Chocolate,2kg,Double Rich Chocolate,,active,5499,6299,0,5,FALSE,2026-08-23T17:59:48Z,2026-08-23T17:59:48Z,4,1kg - Double Rich Chocolate | 1kg - Strawberry | 2kg - Double Rich Chocolate | 2kg - Unflavoured,"Muscle Building,Recovery,Lean Muscle"
PROD-062,Gold Standard 100% Whey,gold-standard-100-whey,Optimum Nutrition,Whey Protein,Protein,"24g protein per serving, fast-digesting whey protein isolate as primary ingredient.","Optimum Nutrition's Gold Standard 100% Whey is the world's best-selling whey protein powder. Each serving delivers 24g of protein primarily from Whey Protein Isolates — the purest form of whey — to support muscle building and recovery. With over 5g of naturally occurring BCAAs and 4g of glutamine per serving, it fuels post-workout recovery and lean muscle growth.",draft,62,"Muscle Building, Weight Loss","Muscle Building,Recovery,Lean Muscle","whey protein,ON gold standard,isolate,post-workout,muscle",https://vtiplvmddgjfcruqrvvb.supabase.co/storage/v1/object/sign/PRODUCT%20IMAGES%20BUCKET/whey-protein.webp?token=eyJraWQiOiJmZTRiZGQ2Yy0zZDI4LTRhODUtYTc1My1lYjc4NjhlNDU5OGEiLCJhbGciOiJIUzI1NiJ9.eyJ1cmwiOiJQUk9EVUNUIElNQUdFUyBCVUNLRVQvd2hleS1wcm90ZWluLndlYnAiLCJzY29wZSI6ImRvd25sb2FkIiwiaWF0IjoxNzg3Njk4MjA1LCJleHAiOjIxMDMwNTgyMDV9.BUXm0Nt-EIQXFlJLLThhSPz6jS9crs3VvXDC76YQFv0,,,,,1 Scoop (30g),30,120,24,3,1.5,0,1,130,Mix 1 scoop with 180–240ml water or milk. Consume within 30 minutes after workout or as directed by a nutritionist.,"Whey Protein Isolate, Whey Protein Concentrate, Whey Peptides, Cocoa Powder (chocolate variant), Lecithin, Natural & Artificial Flavours, Acesulfame Potassium, Sucralose","Contains milk, soy. Not suitable for individuals with lactose intolerance. Consult physician if pregnant or on medication.",VAR-062-04,ON-GS-2KG-UNF,2kg - Unflavoured,2kg,Unflavoured,,active,5299,6099,0,5,FALSE,2026-08-23T17:59:48Z,2026-08-23T17:59:48Z,4,1kg - Double Rich Chocolate | 1kg - Strawberry | 2kg - Double Rich Chocolate | 2kg - Unflavoured,"Muscle Building,Recovery,Lean Muscle"
PROD-063,Gold Standard Gainer,gold-standard-gainer-optimum-nutrition,Optimum Nutrition,Whey Protein,Protein,Whey Protein Powder for Massive Muscle Gain*,Whey Protein Powder for Massive Muscle Gain*,draft,63,Muscle Building,protein,"protein, gold standard gainer, optimum nutrition, whey protein",https://vtiplvmddgjfcruqrvvb.supabase.co/storage/v1/object/sign/PRODUCT%20IMAGES%20BUCKET/whey-protein.webp?token=eyJraWQiOiJmZTRiZGQ2Yy0zZDI4LTRhODUtYTc1My1lYjc4NjhlNDU5OGEiLCJhbGciOiJIUzI1NiJ9.eyJ1cmwiOiJQUk9EVUNUIElNQUdFUyBCVUNLRVQvd2hleS1wcm90ZWluLndlYnAiLCJzY29wZSI6ImRvd25sb2FkIiwiaWF0IjoxNzg3Njk4MjA1LCJleHAiOjIxMDMwNTgyMDV9.BUXm0Nt-EIQXFlJLLThhSPz6jS9crs3VvXDC76YQFv0,,,,,30 g,30,120,24,3,2,1,1,100,"Use according to the product label. Store in a cool, dry place.",,Check label for allergens.,VAR-063-01,SKU-0225,30 g,30 g,,,active,7054,7900,0,5,TRUE,2026-08-23T23:05:00+05:30,2026-08-23T23:05:00+05:30,1,30 g,protein
PROD-064,Gold Standard Natural 100% Whey,gold-standard-natural-100-whey-optimum-nutrition,Optimum Nutrition,Whey Protein,Protein,Perfect For Low Fat/Low Carb Diets!,Perfect For Low Fat/Low Carb Diets!,draft,64,Muscle Building,protein,"protein, gold standard natural 100 whey, optimum nutrition, whey protein",https://5lb.ua/image/cache/catalog/import_files/Protein/7855_optimum-nutrition-100-natural-whey-gold-standard-22kg_7968514-500x500.jpg,https://5lb.ua/image/cache/catalog/import_files/Protein/7855_optimum-nutrition-100-natural-whey-gold-standard-22kg_7968514-500x500.jpg,,,,30 g,30,120,24,3,2,1,1,100,"Use according to the product label. Store in a cool, dry place.",,Check label for allergens.,VAR-064-01,SKU-0193,30 g,30 g,,,active,4929,5520,0,5,TRUE,2026-08-23T23:05:00+05:30,2026-08-23T23:05:00+05:30,1,30 g,protein
PROD-065,Natural 100% Oats & Whey,natural-100-oats-whey-optimum-nutrition,Optimum Nutrition,Whey Protein,Protein,24 Grams Of Protein!,24 Grams Of Protein!,draft,65,Muscle Building,"protein, breakfast, high fibre","protein, breakfast, high fibre, natural 100 oats whey, optimum nutrition, whey protein",https://vtiplvmddgjfcruqrvvb.supabase.co/storage/v1/object/sign/PRODUCT%20IMAGES%20BUCKET/whey-protein.webp?token=eyJraWQiOiJmZTRiZGQ2Yy0zZDI4LTRhODUtYTc1My1lYjc4NjhlNDU5OGEiLCJhbGciOiJIUzI1NiJ9.eyJ1cmwiOiJQUk9EVUNUIElNQUdFUyBCVUNLRVQvd2hleS1wcm90ZWluLndlYnAiLCJzY29wZSI6ImRvd25sb2FkIiwiaWF0IjoxNzg3Njk4MjA1LCJleHAiOjIxMDMwNTgyMDV9.BUXm0Nt-EIQXFlJLLThhSPz6jS9crs3VvXDC76YQFv0,,,,,30 g,30,120,24,3,2,1,1,100,"Use according to the product label. Store in a cool, dry place.",,Check label for allergens.,VAR-065-01,SKU-0214,30 g,30 g,,,active,2530,2834,0,5,TRUE,2026-08-23T23:05:00+05:30,2026-08-23T23:05:00+05:30,1,30 g,"protein, breakfast, high fibre"
PROD-066,Opti-Fit Lean Protein Shake,opti-fit-lean-protein-shake-optimum-nutrition,Optimum Nutrition,Whey Protein,Protein,25G Protein And 200 Calories Per Serving,25G Protein And 200 Calories Per Serving,draft,66,Muscle Building,protein,"protein, opti fit lean protein shake, optimum nutrition, whey protein concentrate",https://vtiplvmddgjfcruqrvvb.supabase.co/storage/v1/object/sign/PRODUCT%20IMAGES%20BUCKET/whey-protein.webp?token=eyJraWQiOiJmZTRiZGQ2Yy0zZDI4LTRhODUtYTc1My1lYjc4NjhlNDU5OGEiLCJhbGciOiJIUzI1NiJ9.eyJ1cmwiOiJQUk9EVUNUIElNQUdFUyBCVUNLRVQvd2hleS1wcm90ZWluLndlYnAiLCJzY29wZSI6ImRvd25sb2FkIiwiaWF0IjoxNzg3Njk4MjA1LCJleHAiOjIxMDMwNTgyMDV9.BUXm0Nt-EIQXFlJLLThhSPz6jS9crs3VvXDC76YQFv0,,,,,30 g,30,120,24,3,2,1,1,100,"Use according to the product label. Store in a cool, dry place.",,Check label for allergens.,VAR-066-01,SKU-0048,30 g,30 g,,,active,2123,2378,0,5,TRUE,2026-08-23T23:05:00+05:30,2026-08-23T23:05:00+05:30,1,30 g,protein
PROD-067,Performance Whey,performance-whey-optimum-nutrition,Optimum Nutrition,Whey Protein,Protein,Whey Protein Complex!,Whey Protein Complex!,draft,67,Muscle Building,protein,"protein, performance whey, optimum nutrition, whey protein",https://vtiplvmddgjfcruqrvvb.supabase.co/storage/v1/object/sign/PRODUCT%20IMAGES%20BUCKET/whey-protein.webp?token=eyJraWQiOiJmZTRiZGQ2Yy0zZDI4LTRhODUtYTc1My1lYjc4NjhlNDU5OGEiLCJhbGciOiJIUzI1NiJ9.eyJ1cmwiOiJQUk9EVUNUIElNQUdFUyBCVUNLRVQvd2hleS1wcm90ZWluLndlYnAiLCJzY29wZSI6ImRvd25sb2FkIiwiaWF0IjoxNzg3Njk4MjA1LCJleHAiOjIxMDMwNTgyMDV9.BUXm0Nt-EIQXFlJLLThhSPz6jS9crs3VvXDC76YQFv0,,,,,30 g,30,120,24,3,2,1,1,100,"Use according to the product label. Store in a cool, dry place.",,Check label for allergens.,VAR-067-01,SKU-0227,30 g,30 g,,,active,3201,3585,0,5,TRUE,2026-08-23T23:05:00+05:30,2026-08-23T23:05:00+05:30,1,30 g,protein
PROD-068,Pro Complex Protein,pro-complex-protein-optimum-nutrition,Optimum Nutrition,Whey Protein,Protein,Muscle Building Protein Mix!*,Muscle Building Protein Mix!*,draft,68,Muscle Building,protein,"protein, pro complex protein, optimum nutrition, whey protein isolate",https://vtiplvmddgjfcruqrvvb.supabase.co/storage/v1/object/sign/PRODUCT%20IMAGES%20BUCKET/whey-protein.webp?token=eyJraWQiOiJmZTRiZGQ2Yy0zZDI4LTRhODUtYTc1My1lYjc4NjhlNDU5OGEiLCJhbGciOiJIUzI1NiJ9.eyJ1cmwiOiJQUk9EVUNUIElNQUdFUyBCVUNLRVQvd2hleS1wcm90ZWluLndlYnAiLCJzY29wZSI6ImRvd25sb2FkIiwiaWF0IjoxNzg3Njk4MjA1LCJleHAiOjIxMDMwNTgyMDV9.BUXm0Nt-EIQXFlJLLThhSPz6jS9crs3VvXDC76YQFv0,,,,,30 g,30,120,24,3,2,1,1,100,"Use according to the product label. Store in a cool, dry place.",,Check label for allergens.,VAR-068-01,SKU-0237,30 g,30 g,,,active,4656,5215,0,5,TRUE,2026-08-23T23:05:00+05:30,2026-08-23T23:05:00+05:30,1,30 g,protein
PROD-069,Pro Gainer,pro-gainer-optimum-nutrition,Optimum Nutrition,Whey Protein,Protein,Whey Protein Powder for Serious Muscle Gain*,Whey Protein Powder for Serious Muscle Gain*,draft,69,Muscle Building,protein,"protein, pro gainer, optimum nutrition, whey protein",https://sieuthiwhey.com/upload/product/pro-gainer-10lbs20001.jpg,https://sieuthiwhey.com/upload/product/pro-gainer-10lbs20001.jpg,,,,30 g,30,120,24,3,2,1,1,100,"Use according to the product label. Store in a cool, dry place.",,Check label for allergens.,VAR-069-01,SKU-0005,30 g,30 g,,,active,5924,6635,0,5,TRUE,2026-08-23T23:05:00+05:30,2026-08-23T23:05:00+05:30,1,30 g,protein
PROD-070,Protein Energy,protein-energy-optimum-nutrition,Optimum Nutrition,Whey Protein,Protein,Premium Whey Protein with Caffeine from Natural Sources*,Premium Whey Protein with Caffeine from Natural Sources*,draft,70,Muscle Building,protein,"protein, protein energy, optimum nutrition, whey protein",https://vtiplvmddgjfcruqrvvb.supabase.co/storage/v1/object/sign/PRODUCT%20IMAGES%20BUCKET/whey-protein.webp?token=eyJraWQiOiJmZTRiZGQ2Yy0zZDI4LTRhODUtYTc1My1lYjc4NjhlNDU5OGEiLCJhbGciOiJIUzI1NiJ9.eyJ1cmwiOiJQUk9EVUNUIElNQUdFUyBCVUNLRVQvd2hleS1wcm90ZWluLndlYnAiLCJzY29wZSI6ImRvd25sb2FkIiwiaWF0IjoxNzg3Njk4MjA1LCJleHAiOjIxMDMwNTgyMDV9.BUXm0Nt-EIQXFlJLLThhSPz6jS9crs3VvXDC76YQFv0,,,,,30 g,30,120,24,3,2,1,1,100,"Use according to the product label. Store in a cool, dry place.",,Check label for allergens.,VAR-070-01,SKU-0190,30 g,30 g,,,active,1613,1807,0,5,TRUE,2026-08-23T23:05:00+05:30,2026-08-23T23:05:00+05:30,1,30 g,protein
PROD-071,Hero Bar,hero-bar-quest-nutrition,Quest Nutrition,Whey Protein,Protein,"15G Of Protein, 11G Fiber And 4G Net Carbs (1)","15G Of Protein, 11G Fiber And 4G Net Carbs (1)",draft,71,Muscle Building,protein,"protein, hero bar, quest nutrition, whey protein isolate",https://vtiplvmddgjfcruqrvvb.supabase.co/storage/v1/object/sign/PRODUCT%20IMAGES%20BUCKET/whey-protein.webp?token=eyJraWQiOiJmZTRiZGQ2Yy0zZDI4LTRhODUtYTc1My1lYjc4NjhlNDU5OGEiLCJhbGciOiJIUzI1NiJ9.eyJ1cmwiOiJQUk9EVUNUIElNQUdFUyBCVUNLRVQvd2hleS1wcm90ZWluLndlYnAiLCJzY29wZSI6ImRvd25sb2FkIiwiaWF0IjoxNzg3Njk4MjA1LCJleHAiOjIxMDMwNTgyMDV9.BUXm0Nt-EIQXFlJLLThhSPz6jS9crs3VvXDC76YQFv0,,,,,30 g,30,120,24,3,2,1,1,100,"Use according to the product label. Store in a cool, dry place.",,Check label for allergens.,VAR-071-01,SKU-0249,30 g,30 g,,,active,2855,3198,0,5,TRUE,2026-08-23T23:05:00+05:30,2026-08-23T23:05:00+05:30,1,30 g,protein
PROD-072,Protein Powder,protein-powder-quest-nutrition,Quest Nutrition,Whey Protein,Protein,Whey Protein Isolate Powder To Support Muscle Building,Whey Protein Isolate Powder To Support Muscle Building,draft,72,Muscle Building,protein,"protein, protein powder, quest nutrition, whey protein isolate",https://vtiplvmddgjfcruqrvvb.supabase.co/storage/v1/object/sign/PRODUCT%20IMAGES%20BUCKET/whey-protein.webp?token=eyJraWQiOiJmZTRiZGQ2Yy0zZDI4LTRhODUtYTc1My1lYjc4NjhlNDU5OGEiLCJhbGciOiJIUzI1NiJ9.eyJ1cmwiOiJQUk9EVUNUIElNQUdFUyBCVUNLRVQvd2hleS1wcm90ZWluLndlYnAiLCJzY29wZSI6ImRvd25sb2FkIiwiaWF0IjoxNzg3Njk4MjA1LCJleHAiOjIxMDMwNTgyMDV9.BUXm0Nt-EIQXFlJLLThhSPz6jS9crs3VvXDC76YQFv0,,,,,30 g,30,120,24,3,2,1,1,100,"Use according to the product label. Store in a cool, dry place.",,Check label for allergens.,VAR-072-01,SKU-0248,30 g,30 g,,,active,4419,4949,0,5,TRUE,2026-08-23T23:05:00+05:30,2026-08-23T23:05:00+05:30,1,30 g,protein
PROD-073,Quest Bars,quest-bars-quest-nutrition,Quest Nutrition,Whey Protein,Protein,"Clean, Gluten Free Bar with High Quality Protein and No Added Sugar*","Clean, Gluten Free Bar with High Quality Protein and No Added Sugar*",draft,73,Muscle Building,protein,"protein, quest bars, quest nutrition, whey protein isolate",https://vtiplvmddgjfcruqrvvb.supabase.co/storage/v1/object/sign/PRODUCT%20IMAGES%20BUCKET/whey-protein.webp?token=eyJraWQiOiJmZTRiZGQ2Yy0zZDI4LTRhODUtYTc1My1lYjc4NjhlNDU5OGEiLCJhbGciOiJIUzI1NiJ9.eyJ1cmwiOiJQUk9EVUNUIElNQUdFUyBCVUNLRVQvd2hleS1wcm90ZWluLndlYnAiLCJzY29wZSI6ImRvd25sb2FkIiwiaWF0IjoxNzg3Njk4MjA1LCJleHAiOjIxMDMwNTgyMDV9.BUXm0Nt-EIQXFlJLLThhSPz6jS9crs3VvXDC76YQFv0,,,,,30 g,30,120,24,3,2,1,1,100,"Use according to the product label. Store in a cool, dry place.",,Check label for allergens.,VAR-073-01,SKU-0007,30 g,30 g,,,active,2549,2855,0,5,TRUE,2026-08-23T23:05:00+05:30,2026-08-23T23:05:00+05:30,1,30 g,protein
PROD-074,WHEY,whey-rsp-nutrition,RSP Nutrition,Whey Protein,Protein,28g of Protein Per Serving to Support Lean Muscle Growth and Training Recovery*,28g of Protein Per Serving to Support Lean Muscle Growth and Training Recovery*,draft,74,Muscle Building,protein,"protein, whey, rsp nutrition, whey protein",https://vtiplvmddgjfcruqrvvb.supabase.co/storage/v1/object/sign/PRODUCT%20IMAGES%20BUCKET/whey-protein.webp?token=eyJraWQiOiJmZTRiZGQ2Yy0zZDI4LTRhODUtYTc1My1lYjc4NjhlNDU5OGEiLCJhbGciOiJIUzI1NiJ9.eyJ1cmwiOiJQUk9EVUNUIElNQUdFUyBCVUNLRVQvd2hleS1wcm90ZWluLndlYnAiLCJzY29wZSI6ImRvd25sb2FkIiwiaWF0IjoxNzg3Njk4MjA1LCJleHAiOjIxMDMwNTgyMDV9.BUXm0Nt-EIQXFlJLLThhSPz6jS9crs3VvXDC76YQFv0,,,,,30 g,30,120,24,3,2,1,1,100,"Use according to the product label. Store in a cool, dry place.",,Check label for allergens.,VAR-074-01,SKU-0200,30 g,30 g,,,active,3397,3805,0,5,TRUE,2026-08-23T23:05:00+05:30,2026-08-23T23:05:00+05:30,1,30 g,protein
PROD-075,Whey Protein Plus,whey-protein-plus-six-star-pro-nutrition,Six Star Pro Nutrition,Whey Protein,Protein,Elite Series!,Elite Series!,draft,75,Muscle Building,protein,"protein, whey protein plus, six star pro nutrition, whey protein",https://vtiplvmddgjfcruqrvvb.supabase.co/storage/v1/object/sign/PRODUCT%20IMAGES%20BUCKET/whey-protein.webp?token=eyJraWQiOiJmZTRiZGQ2Yy0zZDI4LTRhODUtYTc1My1lYjc4NjhlNDU5OGEiLCJhbGciOiJIUzI1NiJ9.eyJ1cmwiOiJQUk9EVUNUIElNQUdFUyBCVUNLRVQvd2hleS1wcm90ZWluLndlYnAiLCJzY29wZSI6ImRvd25sb2FkIiwiaWF0IjoxNzg3Njk4MjA1LCJleHAiOjIxMDMwNTgyMDV9.BUXm0Nt-EIQXFlJLLThhSPz6jS9crs3VvXDC76YQFv0,,,,,30 g,30,120,24,3,2,1,1,100,"Use according to the product label. Store in a cool, dry place.",,Check label for allergens.,VAR-075-01,SKU-0234,30 g,30 g,,,active,1818,2036,0,5,TRUE,2026-08-23T23:05:00+05:30,2026-08-23T23:05:00+05:30,1,30 g,protein
PROD-076,Gain Fast,gain-fast-universal-nutrition,Universal Nutrition,Whey Protein,Protein,Over 3100 Calories!,Over 3100 Calories!,draft,76,Muscle Building,protein,"protein, gain fast, universal nutrition, whey protein",https://vtiplvmddgjfcruqrvvb.supabase.co/storage/v1/object/sign/PRODUCT%20IMAGES%20BUCKET/whey-protein.webp?token=eyJraWQiOiJmZTRiZGQ2Yy0zZDI4LTRhODUtYTc1My1lYjc4NjhlNDU5OGEiLCJhbGciOiJIUzI1NiJ9.eyJ1cmwiOiJQUk9EVUNUIElNQUdFUyBCVUNLRVQvd2hleS1wcm90ZWluLndlYnAiLCJzY29wZSI6ImRvd25sb2FkIiwiaWF0IjoxNzg3Njk4MjA1LCJleHAiOjIxMDMwNTgyMDV9.BUXm0Nt-EIQXFlJLLThhSPz6jS9crs3VvXDC76YQFv0,,,,,30 g,30,120,24,3,2,1,1,100,"Use according to the product label. Store in a cool, dry place.",,Check label for allergens.,VAR-076-01,SKU-0208,30 g,30 g,,,active,1104,1236,0,5,TRUE,2026-08-23T23:05:00+05:30,2026-08-23T23:05:00+05:30,1,30 g,protein
PROD-077,Milk & Egg,milk-egg-universal-nutrition,Universal Nutrition,Whey Protein,Protein,No Fat Or Cholesterol!,No Fat Or Cholesterol!,draft,77,Muscle Building,protein,"protein, milk egg, universal nutrition, whey protein",https://vtiplvmddgjfcruqrvvb.supabase.co/storage/v1/object/sign/PRODUCT%20IMAGES%20BUCKET/whey-protein.webp?token=eyJraWQiOiJmZTRiZGQ2Yy0zZDI4LTRhODUtYTc1My1lYjc4NjhlNDU5OGEiLCJhbGciOiJIUzI1NiJ9.eyJ1cmwiOiJQUk9EVUNUIElNQUdFUyBCVUNLRVQvd2hleS1wcm90ZWluLndlYnAiLCJzY29wZSI6ImRvd25sb2FkIiwiaWF0IjoxNzg3Njk4MjA1LCJleHAiOjIxMDMwNTgyMDV9.BUXm0Nt-EIQXFlJLLThhSPz6jS9crs3VvXDC76YQFv0,,,,,30 g,30,120,24,3,2,1,1,100,"Use according to the product label. Store in a cool, dry place.",,Check label for allergens.,VAR-077-01,SKU-0219,30 g,30 g,,,active,2294,2569,0,5,TRUE,2026-08-23T23:05:00+05:30,2026-08-23T23:05:00+05:30,1,30 g,protein
PROD-078,Real Gains,real-gains-universal-nutrition,Universal Nutrition,Whey Protein,Protein,Clean High Protein Weight Gainer!*,Clean High Protein Weight Gainer!*,draft,78,Muscle Building,protein,"protein, real gains, universal nutrition, whey protein",https://vtiplvmddgjfcruqrvvb.supabase.co/storage/v1/object/sign/PRODUCT%20IMAGES%20BUCKET/whey-protein.webp?token=eyJraWQiOiJmZTRiZGQ2Yy0zZDI4LTRhODUtYTc1My1lYjc4NjhlNDU5OGEiLCJhbGciOiJIUzI1NiJ9.eyJ1cmwiOiJQUk9EVUNUIElNQUdFUyBCVUNLRVQvd2hleS1wcm90ZWluLndlYnAiLCJzY29wZSI6ImRvd25sb2FkIiwiaWF0IjoxNzg3Njk4MjA1LCJleHAiOjIxMDMwNTgyMDV9.BUXm0Nt-EIQXFlJLLThhSPz6jS9crs3VvXDC76YQFv0,,,,,30 g,30,120,24,3,2,1,1,100,"Use according to the product label. Store in a cool, dry place.",,Check label for allergens.,VAR-078-01,SKU-0197,30 g,30 g,,,active,4674,5235,0,5,TRUE,2026-08-23T23:05:00+05:30,2026-08-23T23:05:00+05:30,1,30 g,protein
PROD-079,Torrent,torrent-universal-nutrition,Universal Nutrition,Whey Protein,Protein,Anabolic Muscle Activating Supplement!*,Anabolic Muscle Activating Supplement!*,draft,79,Muscle Building,protein,"protein, torrent, universal nutrition, whey protein",https://vtiplvmddgjfcruqrvvb.supabase.co/storage/v1/object/sign/PRODUCT%20IMAGES%20BUCKET/whey-protein.webp?token=eyJraWQiOiJmZTRiZGQ2Yy0zZDI4LTRhODUtYTc1My1lYjc4NjhlNDU5OGEiLCJhbGciOiJIUzI1NiJ9.eyJ1cmwiOiJQUk9EVUNUIElNQUdFUyBCVUNLRVQvd2hleS1wcm90ZWluLndlYnAiLCJzY29wZSI6ImRvd25sb2FkIiwiaWF0IjoxNzg3Njk4MjA1LCJleHAiOjIxMDMwNTgyMDV9.BUXm0Nt-EIQXFlJLLThhSPz6jS9crs3VvXDC76YQFv0,,,,,30 g,30,120,24,3,2,1,1,100,"Use according to the product label. Store in a cool, dry place.",,Check label for allergens.,VAR-079-01,SKU-0212,30 g,30 g,,,active,4079,4568,0,5,TRUE,2026-08-23T23:05:00+05:30,2026-08-23T23:05:00+05:30,1,30 g,protein
PROD-080,Ultra Iso Whey,ultra-iso-whey-universal-nutrition,Universal Nutrition,Whey Protein,Protein,Highest Quality Whey!,Highest Quality Whey!,draft,80,Muscle Building,protein,"protein, ultra iso whey, universal nutrition, whey protein isolate",https://vtiplvmddgjfcruqrvvb.supabase.co/storage/v1/object/sign/PRODUCT%20IMAGES%20BUCKET/whey-protein.webp?token=eyJraWQiOiJmZTRiZGQ2Yy0zZDI4LTRhODUtYTc1My1lYjc4NjhlNDU5OGEiLCJhbGciOiJIUzI1NiJ9.eyJ1cmwiOiJQUk9EVUNUIElNQUdFUyBCVUNLRVQvd2hleS1wcm90ZWluLndlYnAiLCJzY29wZSI6ImRvd25sb2FkIiwiaWF0IjoxNzg3Njk4MjA1LCJleHAiOjIxMDMwNTgyMDV9.BUXm0Nt-EIQXFlJLLThhSPz6jS9crs3VvXDC76YQFv0,,,,,30 g,30,120,24,3,2,1,1,100,"Use according to the product label. Store in a cool, dry place.",,Check label for allergens.,VAR-080-01,SKU-0247,30 g,30 g,,,active,2592,2903,0,5,TRUE,2026-08-23T23:05:00+05:30,2026-08-23T23:05:00+05:30,1,30 g,protein
PROD-081,Ultra Whey Pro,ultra-whey-pro-universal-nutrition,Universal Nutrition,Whey Protein,Protein,Triple Whey Formula!,Triple Whey Formula!,draft,81,Muscle Building,protein,"protein, ultra whey pro, universal nutrition, whey protein",https://vtiplvmddgjfcruqrvvb.supabase.co/storage/v1/object/sign/PRODUCT%20IMAGES%20BUCKET/whey-protein.webp?token=eyJraWQiOiJmZTRiZGQ2Yy0zZDI4LTRhODUtYTc1My1lYjc4NjhlNDU5OGEiLCJhbGciOiJIUzI1NiJ9.eyJ1cmwiOiJQUk9EVUNUIElNQUdFUyBCVUNLRVQvd2hleS1wcm90ZWluLndlYnAiLCJzY29wZSI6ImRvd25sb2FkIiwiaWF0IjoxNzg3Njk4MjA1LCJleHAiOjIxMDMwNTgyMDV9.BUXm0Nt-EIQXFlJLLThhSPz6jS9crs3VvXDC76YQFv0,,,,,30 g,30,120,24,3,2,1,1,100,"Use according to the product label. Store in a cool, dry place.",,Check label for allergens.,VAR-081-01,SKU-0235,30 g,30 g,,,active,7466,8362,0,5,TRUE,2026-08-23T23:05:00+05:30,2026-08-23T23:05:00+05:30,1,30 g,protein
PROD-082,Micronized Creatine Monohydrate,micronized-creatine-monohydrate-allmax-nutrition,AllMax Nutrition,Creatine,Performance,Micronized Creatine Powder For Building Muscle*,Micronized Creatine Powder For Building Muscle*,draft,82,Muscle Building,workout,"workout, micronized creatine monohydrate, allmax nutrition, creatine monohydrate",https://vtiplvmddgjfcruqrvvb.supabase.co/storage/v1/object/sign/PRODUCT%20IMAGES%20BUCKET/creatine.webp?token=eyJraWQiOiJmZTRiZGQ2Yy0zZDI4LTRhODUtYTc1My1lYjc4NjhlNDU5OGEiLCJhbGciOiJIUzI1NiJ9.eyJ1cmwiOiJQUk9EVUNUIElNQUdFUyBCVUNLRVQvY3JlYXRpbmUud2VicCIsInNjb3BlIjoiZG93bmxvYWQiLCJpYXQiOjE3ODc2OTcxMTcsImV4cCI6MjEwMzA1NzExN30.GvRxeoPeXjl-_0A4ygZ91AAs5L0DE2lmHDKytdbCZTc,,,,,5 g,5,0,0,0,0,0,0,0,"Use according to the product label. Store in a cool, dry place.",,Check label for allergens.,VAR-082-01,SKU-0264,5 g,5 g,,,active,1909,2138,0,5,TRUE,2026-08-23T23:05:00+05:30,2026-08-23T23:05:00+05:30,1,5 g,workout
PROD-083,Creatine DNA,creatine-dna-bsn,BSN,Creatine,Performance,Creatine Powder Supports High-Intensity Exercise*,Creatine Powder Supports High-Intensity Exercise*,draft,83,Muscle Building,workout,"workout, creatine dna, bsn, creatine monohydrate",https://vtiplvmddgjfcruqrvvb.supabase.co/storage/v1/object/sign/PRODUCT%20IMAGES%20BUCKET/creatine.webp?token=eyJraWQiOiJmZTRiZGQ2Yy0zZDI4LTRhODUtYTc1My1lYjc4NjhlNDU5OGEiLCJhbGciOiJIUzI1NiJ9.eyJ1cmwiOiJQUk9EVUNUIElNQUdFUyBCVUNLRVQvY3JlYXRpbmUud2VicCIsInNjb3BlIjoiZG93bmxvYWQiLCJpYXQiOjE3ODc2OTcxMTcsImV4cCI6MjEwMzA1NzExN30.GvRxeoPeXjl-_0A4ygZ91AAs5L0DE2lmHDKytdbCZTc,,,,,5 g,5,0,0,0,0,0,0,0,"Use according to the product label. Store in a cool, dry place.",,Check label for allergens.,VAR-083-01,SKU-0260,5 g,5 g,,,active,1182,1324,0,5,TRUE,2026-08-23T23:05:00+05:30,2026-08-23T23:05:00+05:30,1,5 g,workout
PROD-084,Creatine Select,creatine-select-beverly-international,Beverly International,Creatine,Performance,Creatine + Phosphates + Beta-Alanine,Creatine + Phosphates + Beta-Alanine,draft,84,Muscle Building,workout,"workout, creatine select, beverly international, creatine monohydrate",https://vtiplvmddgjfcruqrvvb.supabase.co/storage/v1/object/sign/PRODUCT%20IMAGES%20BUCKET/creatine.webp?token=eyJraWQiOiJmZTRiZGQ2Yy0zZDI4LTRhODUtYTc1My1lYjc4NjhlNDU5OGEiLCJhbGciOiJIUzI1NiJ9.eyJ1cmwiOiJQUk9EVUNUIElNQUdFUyBCVUNLRVQvY3JlYXRpbmUud2VicCIsInNjb3BlIjoiZG93bmxvYWQiLCJpYXQiOjE3ODc2OTcxMTcsImV4cCI6MjEwMzA1NzExN30.GvRxeoPeXjl-_0A4ygZ91AAs5L0DE2lmHDKytdbCZTc,,,,,5 g,5,0,0,0,0,0,0,0,"Use according to the product label. Store in a cool, dry place.",,Check label for allergens.,VAR-084-01,SKU-0268,5 g,5 g,,,active,2214,2480,0,5,TRUE,2026-08-23T23:05:00+05:30,2026-08-23T23:05:00+05:30,1,5 g,workout
PROD-085,Signature Creatine Monohydrate,signature-creatine-monohydrate-bodybuilding-com-signature,Bodybuilding.com Signature,Creatine,Performance,Performance and Muscle Building*,Performance and Muscle Building*,draft,85,Muscle Building,workout,"workout, signature creatine monohydrate, bodybuilding com signature, creatine monohydrate",https://vtiplvmddgjfcruqrvvb.supabase.co/storage/v1/object/sign/PRODUCT%20IMAGES%20BUCKET/creatine.webp?token=eyJraWQiOiJmZTRiZGQ2Yy0zZDI4LTRhODUtYTc1My1lYjc4NjhlNDU5OGEiLCJhbGciOiJIUzI1NiJ9.eyJ1cmwiOiJQUk9EVUNUIElNQUdFUyBCVUNLRVQvY3JlYXRpbmUud2VicCIsInNjb3BlIjoiZG93bmxvYWQiLCJpYXQiOjE3ODc2OTcxMTcsImV4cCI6MjEwMzA1NzExN30.GvRxeoPeXjl-_0A4ygZ91AAs5L0DE2lmHDKytdbCZTc,,,,,5 g,5,0,0,0,0,0,0,0,"Use according to the product label. Store in a cool, dry place.",,Check label for allergens.,VAR-085-01,SKU-0012,5 g,5 g,,,active,849,951,0,5,TRUE,2026-08-23T23:05:00+05:30,2026-08-23T23:05:00+05:30,1,5 g,workout
PROD-086,COR-Performance Creatine,cor-performance-creatine-cellucor,Cellucor,Creatine,Performance,Promotes Lean Muscle Mass*,Promotes Lean Muscle Mass*,draft,86,Muscle Building,workout,"workout, cor performance creatine, cellucor, creatine monohydrate",https://vtiplvmddgjfcruqrvvb.supabase.co/storage/v1/object/sign/PRODUCT%20IMAGES%20BUCKET/creatine.webp?token=eyJraWQiOiJmZTRiZGQ2Yy0zZDI4LTRhODUtYTc1My1lYjc4NjhlNDU5OGEiLCJhbGciOiJIUzI1NiJ9.eyJ1cmwiOiJQUk9EVUNUIElNQUdFUyBCVUNLRVQvY3JlYXRpbmUud2VicCIsInNjb3BlIjoiZG93bmxvYWQiLCJpYXQiOjE3ODc2OTcxMTcsImV4cCI6MjEwMzA1NzExN30.GvRxeoPeXjl-_0A4ygZ91AAs5L0DE2lmHDKytdbCZTc,,,,,5 g,5,0,0,0,0,0,0,0,"Use according to the product label. Store in a cool, dry place.",,Check label for allergens.,VAR-086-01,SKU-0257,5 g,5 g,,,active,849,951,0,5,TRUE,2026-08-23T23:05:00+05:30,2026-08-23T23:05:00+05:30,1,5 g,workout
PROD-087,Creatine Micronized,creatine-micronized-dymatize,Dymatize,Creatine,Performance,5g of 100% Pure Micronized Creatine Monohydrate,5g of 100% Pure Micronized Creatine Monohydrate,draft,87,Muscle Building,workout,"workout, creatine micronized, dymatize, creatine monohydrate",https://vtiplvmddgjfcruqrvvb.supabase.co/storage/v1/object/sign/PRODUCT%20IMAGES%20BUCKET/creatine.webp?token=eyJraWQiOiJmZTRiZGQ2Yy0zZDI4LTRhODUtYTc1My1lYjc4NjhlNDU5OGEiLCJhbGciOiJIUzI1NiJ9.eyJ1cmwiOiJQUk9EVUNUIElNQUdFUyBCVUNLRVQvY3JlYXRpbmUud2VicCIsInNjb3BlIjoiZG93bmxvYWQiLCJpYXQiOjE3ODc2OTcxMTcsImV4cCI6MjEwMzA1NzExN30.GvRxeoPeXjl-_0A4ygZ91AAs5L0DE2lmHDKytdbCZTc,,,,,5 g,5,0,0,0,0,0,0,0,"Use according to the product label. Store in a cool, dry place.",,Check label for allergens.,VAR-087-01,SKU-0256,5 g,5 g,,,active,1468,1644,0,5,TRUE,2026-08-23T23:05:00+05:30,2026-08-23T23:05:00+05:30,1,5 g,workout
PROD-088,Creatine 5000,creatine-5000-evlution-nutrition,EVLUTION NUTRITION,Creatine,Performance,Maximize Your Results With The Perfect Creatine Combination*,Maximize Your Results With The Perfect Creatine Combination*,draft,88,Muscle Building,workout,"workout, creatine 5000, evlution nutrition, creatine monohydrate",https://vtiplvmddgjfcruqrvvb.supabase.co/storage/v1/object/sign/PRODUCT%20IMAGES%20BUCKET/creatine.webp?token=eyJraWQiOiJmZTRiZGQ2Yy0zZDI4LTRhODUtYTc1My1lYjc4NjhlNDU5OGEiLCJhbGciOiJIUzI1NiJ9.eyJ1cmwiOiJQUk9EVUNUIElNQUdFUyBCVUNLRVQvY3JlYXRpbmUud2VicCIsInNjb3BlIjoiZG93bmxvYWQiLCJpYXQiOjE3ODc2OTcxMTcsImV4cCI6MjEwMzA1NzExN30.GvRxeoPeXjl-_0A4ygZ91AAs5L0DE2lmHDKytdbCZTc,,,,,5 g,5,0,0,0,0,0,0,0,"Use according to the product label. Store in a cool, dry place.",,Check label for allergens.,VAR-088-01,SKU-0015,5 g,5 g,,,active,1189,1332,0,5,TRUE,2026-08-23T23:05:00+05:30,2026-08-23T23:05:00+05:30,1,5 g,workout
PROD-089,Creatine,creatine-gat,GAT,Creatine,Performance,"SUPPORT SIZE, POWER & MUSCLE TORQUE!*","SUPPORT SIZE, POWER & MUSCLE TORQUE!*",draft,89,Muscle Building,workout,"workout, creatine, gat, creatine monohydrate",https://vtiplvmddgjfcruqrvvb.supabase.co/storage/v1/object/sign/PRODUCT%20IMAGES%20BUCKET/creatine.webp?token=eyJraWQiOiJmZTRiZGQ2Yy0zZDI4LTRhODUtYTc1My1lYjc4NjhlNDU5OGEiLCJhbGciOiJIUzI1NiJ9.eyJ1cmwiOiJQUk9EVUNUIElNQUdFUyBCVUNLRVQvY3JlYXRpbmUud2VicCIsInNjb3BlIjoiZG93bmxvYWQiLCJpYXQiOjE3ODc2OTcxMTcsImV4cCI6MjEwMzA1NzExN30.GvRxeoPeXjl-_0A4ygZ91AAs5L0DE2lmHDKytdbCZTc,,,,,5 g,5,0,0,0,0,0,0,0,"Use according to the product label. Store in a cool, dry place.",,Check label for allergens.,VAR-089-01,SKU-0261,5 g,5 g,,,active,1909,2138,0,5,TRUE,2026-08-23T23:05:00+05:30,2026-08-23T23:05:00+05:30,1,5 g,workout
PROD-090,C-HCl,c-hcl-kaged-muscle,Kaged Muscle,Creatine,Performance,750mg Of Patented Creatine Hydrochloride With Uncompromised Quality and Purity,750mg Of Patented Creatine Hydrochloride With Uncompromised Quality and Purity,draft,90,Muscle Building,workout,"workout, c hcl, kaged muscle, creatine hcl",https://vtiplvmddgjfcruqrvvb.supabase.co/storage/v1/object/sign/PRODUCT%20IMAGES%20BUCKET/creatine.webp?token=eyJraWQiOiJmZTRiZGQ2Yy0zZDI4LTRhODUtYTc1My1lYjc4NjhlNDU5OGEiLCJhbGciOiJIUzI1NiJ9.eyJ1cmwiOiJQUk9EVUNUIElNQUdFUyBCVUNLRVQvY3JlYXRpbmUud2VicCIsInNjb3BlIjoiZG93bmxvYWQiLCJpYXQiOjE3ODc2OTcxMTcsImV4cCI6MjEwMzA1NzExN30.GvRxeoPeXjl-_0A4ygZ91AAs5L0DE2lmHDKytdbCZTc,,,,,5 g,5,0,0,0,0,0,0,0,"Use according to the product label. Store in a cool, dry place.",,Check label for allergens.,VAR-090-01,SKU-0146,5 g,5 g,,,active,1699,1903,0,5,TRUE,2026-08-23T23:05:00+05:30,2026-08-23T23:05:00+05:30,1,5 g,workout
PROD-091,Creatine 4200,creatine-4200-met-rx,MET-Rx,Creatine,Performance,Boosts Muscle Strength Gains!*,Boosts Muscle Strength Gains!*,draft,91,Muscle Building,workout,"workout, creatine 4200, met rx, creatine monohydrate",https://vtiplvmddgjfcruqrvvb.supabase.co/storage/v1/object/sign/PRODUCT%20IMAGES%20BUCKET/creatine.webp?token=eyJraWQiOiJmZTRiZGQ2Yy0zZDI4LTRhODUtYTc1My1lYjc4NjhlNDU5OGEiLCJhbGciOiJIUzI1NiJ9.eyJ1cmwiOiJQUk9EVUNUIElNQUdFUyBCVUNLRVQvY3JlYXRpbmUud2VicCIsInNjb3BlIjoiZG93bmxvYWQiLCJpYXQiOjE3ODc2OTcxMTcsImV4cCI6MjEwMzA1NzExN30.GvRxeoPeXjl-_0A4ygZ91AAs5L0DE2lmHDKytdbCZTc,,,,,5 g,5,0,0,0,0,0,0,0,"Use according to the product label. Store in a cool, dry place.",,Check label for allergens.,VAR-091-01,SKU-0259,5 g,5 g,,,active,934,1046,0,5,TRUE,2026-08-23T23:05:00+05:30,2026-08-23T23:05:00+05:30,1,5 g,workout
PROD-092,CRTN-3,crtn-3-muscle-beach-nutrition,Muscle Beach Nutrition,Creatine,Performance,"First-time Fusion Of Creatine Nitrate, Creatine Hydrochloride, and Creatine Monohydrate","First-time Fusion Of Creatine Nitrate, Creatine Hydrochloride, and Creatine Monohydrate",draft,92,Muscle Building,workout,"workout, crtn 3, muscle beach nutrition, creatine monohydrate",https://vtiplvmddgjfcruqrvvb.supabase.co/storage/v1/object/sign/PRODUCT%20IMAGES%20BUCKET/creatine.webp?token=eyJraWQiOiJmZTRiZGQ2Yy0zZDI4LTRhODUtYTc1My1lYjc4NjhlNDU5OGEiLCJhbGciOiJIUzI1NiJ9.eyJ1cmwiOiJQUk9EVUNUIElNQUdFUyBCVUNLRVQvY3JlYXRpbmUud2VicCIsInNjb3BlIjoiZG93bmxvYWQiLCJpYXQiOjE3ODc2OTcxMTcsImV4cCI6MjEwMzA1NzExN30.GvRxeoPeXjl-_0A4ygZ91AAs5L0DE2lmHDKytdbCZTc,,,,,5 g,5,0,0,0,0,0,0,0,"Use according to the product label. Store in a cool, dry place.",,Check label for allergens.,VAR-092-01,SKU-0267,5 g,5 g,,,active,2750,3080,0,5,TRUE,2026-08-23T23:05:00+05:30,2026-08-23T23:05:00+05:30,1,5 g,workout
PROD-093,Creatine,creatine-musclepharm,MusclePharm,Creatine,Performance,Rapidly Absorbed Creatine Monohydrate for Building Muscle*,Rapidly Absorbed Creatine Monohydrate for Building Muscle*,draft,93,Muscle Building,workout,"workout, creatine, musclepharm, creatine monohydrate",https://vtiplvmddgjfcruqrvvb.supabase.co/storage/v1/object/sign/PRODUCT%20IMAGES%20BUCKET/creatine.webp?token=eyJraWQiOiJmZTRiZGQ2Yy0zZDI4LTRhODUtYTc1My1lYjc4NjhlNDU5OGEiLCJhbGciOiJIUzI1NiJ9.eyJ1cmwiOiJQUk9EVUNUIElNQUdFUyBCVUNLRVQvY3JlYXRpbmUud2VicCIsInNjb3BlIjoiZG93bmxvYWQiLCJpYXQiOjE3ODc2OTcxMTcsImV4cCI6MjEwMzA1NzExN30.GvRxeoPeXjl-_0A4ygZ91AAs5L0DE2lmHDKytdbCZTc,,,,,5 g,5,0,0,0,0,0,0,0,"Use according to the product label. Store in a cool, dry place.",,Check label for allergens.,VAR-093-01,SKU-0265,5 g,5 g,,,active,1189,1332,0,5,TRUE,2026-08-23T23:05:00+05:30,2026-08-23T23:05:00+05:30,1,5 g,workout
PROD-094,Creactor,creactor-muscletech,MuscleTech,Creatine,Performance,"750mg of Free-Acid Creatine, Designed to Boost Size, Strength, and Recovery With No Bloating*","750mg of Free-Acid Creatine, Designed to Boost Size, Strength, and Recovery With No Bloating*",draft,94,Muscle Building,workout,"workout, creactor, muscletech, creatine hcl",https://vtiplvmddgjfcruqrvvb.supabase.co/storage/v1/object/sign/PRODUCT%20IMAGES%20BUCKET/creatine.webp?token=eyJraWQiOiJmZTRiZGQ2Yy0zZDI4LTRhODUtYTc1My1lYjc4NjhlNDU5OGEiLCJhbGciOiJIUzI1NiJ9.eyJ1cmwiOiJQUk9EVUNUIElNQUdFUyBCVUNLRVQvY3JlYXRpbmUud2VicCIsInNjb3BlIjoiZG93bmxvYWQiLCJpYXQiOjE3ODc2OTcxMTcsImV4cCI6MjEwMzA1NzExN30.GvRxeoPeXjl-_0A4ygZ91AAs5L0DE2lmHDKytdbCZTc,,,,,5 g,5,0,0,0,0,0,0,0,"Use according to the product label. Store in a cool, dry place.",,Check label for allergens.,VAR-094-01,SKU-0147,5 g,5 g,,,active,1483,1661,0,5,TRUE,2026-08-23T23:05:00+05:30,2026-08-23T23:05:00+05:30,1,5 g,workout
PROD-095,MuscleTech Platinum Creatine,muscletech-platinum-creatine,MuscleTech,Creatine,Performance,5g ultra-pure micronized creatine per serving for explosive strength and lean muscle.,"MuscleTech Platinum Creatine is made with HPLC-tested, pharmaceutical-grade creatine monohydrate. Each 5g serving is micronized for superior absorption. Clinically studied to help increase muscle strength and lean muscle during intense training.",draft,95,Muscle Building,"Strength,Power,Lean Muscle","muscletech creatine,platinum,strength,lean muscle",https://vtiplvmddgjfcruqrvvb.supabase.co/storage/v1/object/sign/PRODUCT%20IMAGES%20BUCKET/creatine.webp?token=eyJraWQiOiJmZTRiZGQ2Yy0zZDI4LTRhODUtYTc1My1lYjc4NjhlNDU5OGEiLCJhbGciOiJIUzI1NiJ9.eyJ1cmwiOiJQUk9EVUNUIElNQUdFUyBCVUNLRVQvY3JlYXRpbmUud2VicCIsInNjb3BlIjoiZG93bmxvYWQiLCJpYXQiOjE3ODc2OTcxMTcsImV4cCI6MjEwMzA1NzExN30.GvRxeoPeXjl-_0A4ygZ91AAs5L0DE2lmHDKytdbCZTc,,,,,1 Scoop (5g),5,0,0,0,0,0,0,0,Mix 1 scoop in 240ml water. Take before and after your workout for best results.,"Creatine Monohydrate (Pharmaceutical Grade, HPLC-tested)",Consult a physician before use if you have kidney or liver conditions.,VAR-095-01,MT-CRE-400-UNF,400g - Unflavoured,400g,Unflavoured,,active,1099,1499,0,5,TRUE,2026-08-23T17:59:48Z,2026-08-23T17:59:48Z,2,400g - Unflavoured | 800g - Unflavoured,"Strength,Power,Lean Muscle"
PROD-095,MuscleTech Platinum Creatine,muscletech-platinum-creatine,MuscleTech,Creatine,Performance,5g ultra-pure micronized creatine per serving for explosive strength and lean muscle.,"MuscleTech Platinum Creatine is made with HPLC-tested, pharmaceutical-grade creatine monohydrate. Each 5g serving is micronized for superior absorption. Clinically studied to help increase muscle strength and lean muscle during intense training.",draft,95,Muscle Building,"Strength,Power,Lean Muscle","muscletech creatine,platinum,strength,lean muscle",https://vtiplvmddgjfcruqrvvb.supabase.co/storage/v1/object/sign/PRODUCT%20IMAGES%20BUCKET/creatine.webp?token=eyJraWQiOiJmZTRiZGQ2Yy0zZDI4LTRhODUtYTc1My1lYjc4NjhlNDU5OGEiLCJhbGciOiJIUzI1NiJ9.eyJ1cmwiOiJQUk9EVUNUIElNQUdFUyBCVUNLRVQvY3JlYXRpbmUud2VicCIsInNjb3BlIjoiZG93bmxvYWQiLCJpYXQiOjE3ODc2OTcxMTcsImV4cCI6MjEwMzA1NzExN30.GvRxeoPeXjl-_0A4ygZ91AAs5L0DE2lmHDKytdbCZTc,,,,,1 Scoop (5g),5,0,0,0,0,0,0,0,Mix 1 scoop in 240ml water. Take before and after your workout for best results.,"Creatine Monohydrate (Pharmaceutical Grade, HPLC-tested)",Consult a physician before use if you have kidney or liver conditions.,VAR-095-02,MT-CRE-800-UNF,800g - Unflavoured,800g,Unflavoured,,active,1899,2399,0,5,FALSE,2026-08-23T17:59:48Z,2026-08-23T17:59:48Z,2,400g - Unflavoured | 800g - Unflavoured,"Strength,Power,Lean Muscle"
PROD-096,Creatine Monohydrate,creatine-monohydrate-now,NOW,Creatine,Performance,Energy Reservoir!*,Energy Reservoir!*,draft,96,Muscle Building,workout,"workout, creatine monohydrate, now",https://vtiplvmddgjfcruqrvvb.supabase.co/storage/v1/object/sign/PRODUCT%20IMAGES%20BUCKET/creatine.webp?token=eyJraWQiOiJmZTRiZGQ2Yy0zZDI4LTRhODUtYTc1My1lYjc4NjhlNDU5OGEiLCJhbGciOiJIUzI1NiJ9.eyJ1cmwiOiJQUk9EVUNUIElNQUdFUyBCVUNLRVQvY3JlYXRpbmUud2VicCIsInNjb3BlIjoiZG93bmxvYWQiLCJpYXQiOjE3ODc2OTcxMTcsImV4cCI6MjEwMzA1NzExN30.GvRxeoPeXjl-_0A4ygZ91AAs5L0DE2lmHDKytdbCZTc,,,,,5 g,5,0,0,0,0,0,0,0,"Use according to the product label. Store in a cool, dry place.",,Check label for allergens.,VAR-096-01,SKU-0266,5 g,5 g,,,active,1575,1764,0,5,TRUE,2026-08-23T23:05:00+05:30,2026-08-23T23:05:00+05:30,1,5 g,workout
PROD-097,Kre-Alkalyn Creatine,kre-alkalyn-creatine-now,NOW,Creatine,Performance,Increased Bioavailability!*,Increased Bioavailability!*,draft,97,Muscle Building,workout,"workout, kre alkalyn creatine, now, kre-alkalyn",https://vtiplvmddgjfcruqrvvb.supabase.co/storage/v1/object/sign/PRODUCT%20IMAGES%20BUCKET/creatine.webp?token=eyJraWQiOiJmZTRiZGQ2Yy0zZDI4LTRhODUtYTc1My1lYjc4NjhlNDU5OGEiLCJhbGciOiJIUzI1NiJ9.eyJ1cmwiOiJQUk9EVUNUIElNQUdFUyBCVUNLRVQvY3JlYXRpbmUud2VicCIsInNjb3BlIjoiZG93bmxvYWQiLCJpYXQiOjE3ODc2OTcxMTcsImV4cCI6MjEwMzA1NzExN30.GvRxeoPeXjl-_0A4ygZ91AAs5L0DE2lmHDKytdbCZTc,,,,,5 g,5,0,0,0,0,0,0,0,"Use according to the product label. Store in a cool, dry place.",,Check label for allergens.,VAR-097-01,SKU-0144,5 g,5 g,,,active,2609,2922,0,5,TRUE,2026-08-23T23:05:00+05:30,2026-08-23T23:05:00+05:30,1,5 g,workout
PROD-098,100% Pure Creatine Monohydrate,100-pure-creatine-monohydrate-nutrabio,NutraBio,Creatine,Performance,Pure Creatine Monohydrate For Supporting Muscle Size*,Pure Creatine Monohydrate For Supporting Muscle Size*,draft,98,Muscle Building,workout,"workout, 100 pure creatine monohydrate, nutrabio, creatine monohydrate",https://vtiplvmddgjfcruqrvvb.supabase.co/storage/v1/object/sign/PRODUCT%20IMAGES%20BUCKET/creatine.webp?token=eyJraWQiOiJmZTRiZGQ2Yy0zZDI4LTRhODUtYTc1My1lYjc4NjhlNDU5OGEiLCJhbGciOiJIUzI1NiJ9.eyJ1cmwiOiJQUk9EVUNUIElNQUdFUyBCVUNLRVQvY3JlYXRpbmUud2VicCIsInNjb3BlIjoiZG93bmxvYWQiLCJpYXQiOjE3ODc2OTcxMTcsImV4cCI6MjEwMzA1NzExN30.GvRxeoPeXjl-_0A4ygZ91AAs5L0DE2lmHDKytdbCZTc,,,,,5 g,5,0,0,0,0,0,0,0,"Use according to the product label. Store in a cool, dry place.",,Check label for allergens.,VAR-098-01,SKU-0258,5 g,5 g,,,active,1249,1399,0,5,TRUE,2026-08-23T23:05:00+05:30,2026-08-23T23:05:00+05:30,1,5 g,workout
PROD-099,Creatine 2500 Caps,creatine-2500-caps-optimum-nutrition,Optimum Nutrition,Creatine,Performance,Increase The Results Of Training With More Endurance And Energy!*,Increase The Results Of Training With More Endurance And Energy!*,draft,99,Muscle Building,workout,"workout, creatine 2500 caps, optimum nutrition, creatine monohydrate",https://vtiplvmddgjfcruqrvvb.supabase.co/storage/v1/object/sign/PRODUCT%20IMAGES%20BUCKET/creatine.webp?token=eyJraWQiOiJmZTRiZGQ2Yy0zZDI4LTRhODUtYTc1My1lYjc4NjhlNDU5OGEiLCJhbGciOiJIUzI1NiJ9.eyJ1cmwiOiJQUk9EVUNUIElNQUdFUyBCVUNLRVQvY3JlYXRpbmUud2VicCIsInNjb3BlIjoiZG93bmxvYWQiLCJpYXQiOjE3ODc2OTcxMTcsImV4cCI6MjEwMzA1NzExN30.GvRxeoPeXjl-_0A4ygZ91AAs5L0DE2lmHDKytdbCZTc,,,,,5 g,5,0,0,0,0,0,0,0,"Use according to the product label. Store in a cool, dry place.",,Check label for allergens.,VAR-099-01,SKU-0252,5 g,5 g,,,active,2252,2522,0,5,TRUE,2026-08-23T23:05:00+05:30,2026-08-23T23:05:00+05:30,1,5 g,workout
PROD-100,Micronized Creatine Monohydrate Powder,micronized-creatine-monohydrate-powder,Optimum Nutrition,Creatine,Performance,"5g pure creatine monohydrate per serving. Supports strength, power, and muscle fullness.","Optimum Nutrition Micronized Creatine uses CreaPure® creatine monohydrate — the gold standard of creatine — milled to a smaller particle size for better mixability and absorption. 5g per serving helps increase phosphocreatine stores, supporting explosive power output and lean muscle gains.",draft,100,Muscle Building,"Strength,Power,Muscle Building","creatine,monohydrate,strength,power,pre-workout",https://vtiplvmddgjfcruqrvvb.supabase.co/storage/v1/object/sign/PRODUCT%20IMAGES%20BUCKET/creatine.webp?token=eyJraWQiOiJmZTRiZGQ2Yy0zZDI4LTRhODUtYTc1My1lYjc4NjhlNDU5OGEiLCJhbGciOiJIUzI1NiJ9.eyJ1cmwiOiJQUk9EVUNUIElNQUdFUyBCVUNLRVQvY3JlYXRpbmUud2VicCIsInNjb3BlIjoiZG93bmxvYWQiLCJpYXQiOjE3ODc2OTcxMTcsImV4cCI6MjEwMzA1NzExN30.GvRxeoPeXjl-_0A4ygZ91AAs5L0DE2lmHDKytdbCZTc,,,,,1 Teaspoon (5g),5,0,0,0,0,0,0,0,Mix 1 teaspoon with 240ml water or your favourite beverage. Load with 20g/day for 5 days then maintain with 3–5g/day.,Creatine Monohydrate (CreaPure®),Do not exceed 5g per day unless under medical supervision. Keep out of reach of children.,VAR-100-01,ON-CRE-300-UNF,300g - Unflavoured,300g,Unflavoured,,active,999,1299,0,5,TRUE,2026-08-23T17:59:48Z,2026-08-23T17:59:48Z,2,300g - Unflavoured | 600g - Unflavoured,"Strength,Power,Muscle Building"
PROD-100,Micronized Creatine Monohydrate Powder,micronized-creatine-monohydrate-powder,Optimum Nutrition,Creatine,Performance,"5g pure creatine monohydrate per serving. Supports strength, power, and muscle fullness.","Optimum Nutrition Micronized Creatine uses CreaPure® creatine monohydrate — the gold standard of creatine — milled to a smaller particle size for better mixability and absorption. 5g per serving helps increase phosphocreatine stores, supporting explosive power output and lean muscle gains.",draft,100,Muscle Building,"Strength,Power,Muscle Building","creatine,monohydrate,strength,power,pre-workout",https://vtiplvmddgjfcruqrvvb.supabase.co/storage/v1/object/sign/PRODUCT%20IMAGES%20BUCKET/creatine.webp?token=eyJraWQiOiJmZTRiZGQ2Yy0zZDI4LTRhODUtYTc1My1lYjc4NjhlNDU5OGEiLCJhbGciOiJIUzI1NiJ9.eyJ1cmwiOiJQUk9EVUNUIElNQUdFUyBCVUNLRVQvY3JlYXRpbmUud2VicCIsInNjb3BlIjoiZG93bmxvYWQiLCJpYXQiOjE3ODc2OTcxMTcsImV4cCI6MjEwMzA1NzExN30.GvRxeoPeXjl-_0A4ygZ91AAs5L0DE2lmHDKytdbCZTc,,,,,1 Teaspoon (5g),5,0,0,0,0,0,0,0,Mix 1 teaspoon with 240ml water or your favourite beverage. Load with 20g/day for 5 days then maintain with 3–5g/day.,Creatine Monohydrate (CreaPure®),Do not exceed 5g per day unless under medical supervision. Keep out of reach of children.,VAR-100-02,ON-CRE-600-UNF,600g - Unflavoured,600g,Unflavoured,,active,1799,2199,0,5,FALSE,2026-08-23T17:59:48Z,2026-08-23T17:59:48Z,2,300g - Unflavoured | 600g - Unflavoured,"Strength,Power,Muscle Building"
PROD-101,Con-Cret Creatine HCL Micro-Dosed,con-cret-creatine-hcl-micro-dosed,ProMera Health,Creatine,Performance,"750mg creatine HCL per micro-dose. Superior solubility, no loading, no bloating.","ProMera Health Con-Cret is the original creatine HCL formula. With 750mg per micro-dose (vs. 5g for monohydrate), creatine HCL is 59 times more soluble in water, meaning better absorption, no loading phase, no water retention, and no digestive discomfort. Ideal for users who experience bloating with monohydrate.",draft,101,Muscle Building,"Strength,Power,Lean Muscle,No Bloating","creatine hcl,con-cret,promera,no bloating,no loading,micro dose",https://vtiplvmddgjfcruqrvvb.supabase.co/storage/v1/object/sign/PRODUCT%20IMAGES%20BUCKET/creatine.webp?token=eyJraWQiOiJmZTRiZGQ2Yy0zZDI4LTRhODUtYTc1My1lYjc4NjhlNDU5OGEiLCJhbGciOiJIUzI1NiJ9.eyJ1cmwiOiJQUk9EVUNUIElNQUdFUyBCVUNLRVQvY3JlYXRpbmUud2VicCIsInNjb3BlIjoiZG93bmxvYWQiLCJpYXQiOjE3ODc2OTcxMTcsImV4cCI6MjEwMzA1NzExN30.GvRxeoPeXjl-_0A4ygZ91AAs5L0DE2lmHDKytdbCZTc,,,,,1 Scoop (748mg),0.748,0,0,0,0,0,0,0,Take 1–2 scoops pre-workout in 120ml water. No loading phase required.,"Creatine Hydrochloride 750mg, Silicon Dioxide",Do not exceed 2 scoops per day. Stay well hydrated when taking creatine.,VAR-101-01,PM-CHCL-64-UNF,64 Servings - Unflavoured,64 Servings,Unflavoured,,active,2499,3099,0,5,TRUE,2026-08-23T17:59:48Z,2026-08-23T17:59:48Z,2,64 Servings - Unflavoured | 64 Servings - Watermelon,"Strength,Power,Lean Muscle,No Bloating"
PROD-101,Con-Cret Creatine HCL Micro-Dosed,con-cret-creatine-hcl-micro-dosed,ProMera Health,Creatine,Performance,"750mg creatine HCL per micro-dose. Superior solubility, no loading, no bloating.","ProMera Health Con-Cret is the original creatine HCL formula. With 750mg per micro-dose (vs. 5g for monohydrate), creatine HCL is 59 times more soluble in water, meaning better absorption, no loading phase, no water retention, and no digestive discomfort. Ideal for users who experience bloating with monohydrate.",draft,101,Muscle Building,"Strength,Power,Lean Muscle,No Bloating","creatine hcl,con-cret,promera,no bloating,no loading,micro dose",https://vtiplvmddgjfcruqrvvb.supabase.co/storage/v1/object/sign/PRODUCT%20IMAGES%20BUCKET/creatine.webp?token=eyJraWQiOiJmZTRiZGQ2Yy0zZDI4LTRhODUtYTc1My1lYjc4NjhlNDU5OGEiLCJhbGciOiJIUzI1NiJ9.eyJ1cmwiOiJQUk9EVUNUIElNQUdFUyBCVUNLRVQvY3JlYXRpbmUud2VicCIsInNjb3BlIjoiZG93bmxvYWQiLCJpYXQiOjE3ODc2OTcxMTcsImV4cCI6MjEwMzA1NzExN30.GvRxeoPeXjl-_0A4ygZ91AAs5L0DE2lmHDKytdbCZTc,,,,,1 Scoop (748mg),0.748,0,0,0,0,0,0,0,Take 1–2 scoops pre-workout in 120ml water. No loading phase required.,"Creatine Hydrochloride 750mg, Silicon Dioxide",Do not exceed 2 scoops per day. Stay well hydrated when taking creatine.,VAR-101-02,PM-CHCL-64-WM,64 Servings - Watermelon,64 Servings,Watermelon,,active,2499,3099,0,5,FALSE,2026-08-23T17:59:48Z,2026-08-23T17:59:48Z,2,64 Servings - Unflavoured | 64 Servings - Watermelon,"Strength,Power,Lean Muscle,No Bloating"
PROD-102,Creatine Monohydrate,creatine-monohydrate-rsp-nutrition,RSP Nutrition,Creatine,Performance,5G Of Pharmaceutical Grade Micronized Creatine To Support Growth*,5G Of Pharmaceutical Grade Micronized Creatine To Support Growth*,draft,102,Muscle Building,workout,"workout, creatine monohydrate, rsp nutrition",https://vtiplvmddgjfcruqrvvb.supabase.co/storage/v1/object/sign/PRODUCT%20IMAGES%20BUCKET/creatine.webp?token=eyJraWQiOiJmZTRiZGQ2Yy0zZDI4LTRhODUtYTc1My1lYjc4NjhlNDU5OGEiLCJhbGciOiJIUzI1NiJ9.eyJ1cmwiOiJQUk9EVUNUIElNQUdFUyBCVUNLRVQvY3JlYXRpbmUud2VicCIsInNjb3BlIjoiZG93bmxvYWQiLCJpYXQiOjE3ODc2OTcxMTcsImV4cCI6MjEwMzA1NzExN30.GvRxeoPeXjl-_0A4ygZ91AAs5L0DE2lmHDKytdbCZTc,,,,,5 g,5,0,0,0,0,0,0,0,"Use according to the product label. Store in a cool, dry place.",,Check label for allergens.,VAR-102-01,SKU-0013,5 g,5 g,,,active,1272,1425,0,5,TRUE,2026-08-23T23:05:00+05:30,2026-08-23T23:05:00+05:30,1,5 g,workout
PROD-103,Creatine X3,creatine-x3-six-star-pro-nutrition,Six Star Pro Nutrition,Creatine,Performance,Elite Series!,Elite Series!,draft,103,Muscle Building,workout,"workout, creatine x3, six star pro nutrition, creatine monohydrate",https://vtiplvmddgjfcruqrvvb.supabase.co/storage/v1/object/sign/PRODUCT%20IMAGES%20BUCKET/creatine.webp?token=eyJraWQiOiJmZTRiZGQ2Yy0zZDI4LTRhODUtYTc1My1lYjc4NjhlNDU5OGEiLCJhbGciOiJIUzI1NiJ9.eyJ1cmwiOiJQUk9EVUNUIElNQUdFUyBCVUNLRVQvY3JlYXRpbmUud2VicCIsInNjb3BlIjoiZG93bmxvYWQiLCJpYXQiOjE3ODc2OTcxMTcsImV4cCI6MjEwMzA1NzExN30.GvRxeoPeXjl-_0A4ygZ91AAs5L0DE2lmHDKytdbCZTc,,,,,5 g,5,0,0,0,0,0,0,0,"Use according to the product label. Store in a cool, dry place.",,Check label for allergens.,VAR-103-01,SKU-0263,5 g,5 g,,,active,1379,1544,0,5,TRUE,2026-08-23T23:05:00+05:30,2026-08-23T23:05:00+05:30,1,5 g,workout
PROD-104,Creatine X3 Pill,creatine-x3-pill-six-star-pro-nutrition,Six Star Pro Nutrition,Creatine,Performance,Clinicically Proved Creatine Pill*,Clinicically Proved Creatine Pill*,draft,104,Muscle Building,workout,"workout, creatine x3 pill, six star pro nutrition, creatine monohydrate",https://vtiplvmddgjfcruqrvvb.supabase.co/storage/v1/object/sign/PRODUCT%20IMAGES%20BUCKET/creatine.webp?token=eyJraWQiOiJmZTRiZGQ2Yy0zZDI4LTRhODUtYTc1My1lYjc4NjhlNDU5OGEiLCJhbGciOiJIUzI1NiJ9.eyJ1cmwiOiJQUk9EVUNUIElNQUdFUyBCVUNLRVQvY3JlYXRpbmUud2VicCIsInNjb3BlIjoiZG93bmxvYWQiLCJpYXQiOjE3ODc2OTcxMTcsImV4cCI6MjEwMzA1NzExN30.GvRxeoPeXjl-_0A4ygZ91AAs5L0DE2lmHDKytdbCZTc,,,,,5 g,5,0,0,0,0,0,0,0,"Use according to the product label. Store in a cool, dry place.",,Check label for allergens.,VAR-104-01,SKU-0254,5 g,5 g,,,active,817,915,0,5,TRUE,2026-08-23T23:05:00+05:30,2026-08-23T23:05:00+05:30,1,5 g,workout
PROD-105,Creatine,creatine-universal-nutrition,Universal Nutrition,Creatine,Performance,Patented Pure Creatine Monohydrate Powder for Building Muscle*,Patented Pure Creatine Monohydrate Powder for Building Muscle*,draft,105,Muscle Building,workout,"workout, creatine, universal nutrition, creatine monohydrate",https://vtiplvmddgjfcruqrvvb.supabase.co/storage/v1/object/sign/PRODUCT%20IMAGES%20BUCKET/creatine.webp?token=eyJraWQiOiJmZTRiZGQ2Yy0zZDI4LTRhODUtYTc1My1lYjc4NjhlNDU5OGEiLCJhbGciOiJIUzI1NiJ9.eyJ1cmwiOiJQUk9EVUNUIElNQUdFUyBCVUNLRVQvY3JlYXRpbmUud2VicCIsInNjb3BlIjoiZG93bmxvYWQiLCJpYXQiOjE3ODc2OTcxMTcsImV4cCI6MjEwMzA1NzExN30.GvRxeoPeXjl-_0A4ygZ91AAs5L0DE2lmHDKytdbCZTc,,,,,5 g,5,0,0,0,0,0,0,0,"Use according to the product label. Store in a cool, dry place.",,Check label for allergens.,VAR-105-01,SKU-0255,5 g,5 g,,,active,934,1046,0,5,TRUE,2026-08-23T23:05:00+05:30,2026-08-23T23:05:00+05:30,1,5 g,workout
PROD-106,Creatine Chews,creatine-chews-universal-nutrition,Universal Nutrition,Creatine,Performance,Load Your Muscles With Pure Power!*,Load Your Muscles With Pure Power!*,draft,106,Muscle Building,workout,"workout, creatine chews, universal nutrition, creatine monohydrate",https://vtiplvmddgjfcruqrvvb.supabase.co/storage/v1/object/sign/PRODUCT%20IMAGES%20BUCKET/creatine.webp?token=eyJraWQiOiJmZTRiZGQ2Yy0zZDI4LTRhODUtYTc1My1lYjc4NjhlNDU5OGEiLCJhbGciOiJIUzI1NiJ9.eyJ1cmwiOiJQUk9EVUNUIElNQUdFUyBCVUNLRVQvY3JlYXRpbmUud2VicCIsInNjb3BlIjoiZG93bmxvYWQiLCJpYXQiOjE3ODc2OTcxMTcsImV4cCI6MjEwMzA1NzExN30.GvRxeoPeXjl-_0A4ygZ91AAs5L0DE2lmHDKytdbCZTc,,,,,5 g,5,0,0,0,0,0,0,0,"Use according to the product label. Store in a cool, dry place.",,Check label for allergens.,VAR-106-01,SKU-0262,5 g,5 g,,,active,1086,1216,0,5,TRUE,2026-08-23T23:05:00+05:30,2026-08-23T23:05:00+05:30,1,5 g,workout
PROD-107,Creatine A5X,creatine-a5x-isatori,iSatori,Creatine,Performance,Post-Workout Powder For Recovery And Endurance*,Post-Workout Powder For Recovery And Endurance*,draft,107,Muscle Building,workout,"workout, creatine a5x, isatori, creatine malate",https://vtiplvmddgjfcruqrvvb.supabase.co/storage/v1/object/sign/PRODUCT%20IMAGES%20BUCKET/creatine.webp?token=eyJraWQiOiJmZTRiZGQ2Yy0zZDI4LTRhODUtYTc1My1lYjc4NjhlNDU5OGEiLCJhbGciOiJIUzI1NiJ9.eyJ1cmwiOiJQUk9EVUNUIElNQUdFUyBCVUNLRVQvY3JlYXRpbmUud2VicCIsInNjb3BlIjoiZG93bmxvYWQiLCJpYXQiOjE3ODc2OTcxMTcsImV4cCI6MjEwMzA1NzExN30.GvRxeoPeXjl-_0A4ygZ91AAs5L0DE2lmHDKytdbCZTc,,,,,5 g,5,0,0,0,0,0,0,0,"Use according to the product label. Store in a cool, dry place.",,Check label for allergens.,VAR-107-01,SKU-0148,5 g,5 g,,,active,2320,2598,0,5,TRUE,2026-08-23T23:05:00+05:30,2026-08-23T23:05:00+05:30,1,5 g,workout
PROD-108,MuscleBlaze Mass Gainer XXL,muscleblaze-mass-gainer-xxl,MuscleBlaze,Mass Gainer,Weight Management,179g carbs and 30g protein per serving. Formulated for intense mass gain.,"MuscleBlaze Mass Gainer XXL provides a powerful combination of complex carbs and protein in every serving to support rapid muscle mass gain. With a 6:1 carb-to-protein ratio, it replenishes glycogen stores and fuels recovery, helping hard-gainers build the physique they desire.",draft,108,Weight Gain,"Mass Gain,Bulking,Weight Gain","mass gainer,muscleblaze xxl,bulking,carbs,hard gainer",https://img1.hkrtcdn.com/1185/prd_118460_o.jpg,https://img1.hkrtcdn.com/1185/prd_118460_o.jpg,,,,3 Scoops (300g),300,1200,30,179,6,0,15,380,Mix 3 scoops with 400ml whole milk post-workout or as a meal replacement.,"Maltodextrin, Whey Protein Concentrate, Cocoa Solids, Sugar, Vitamins & Minerals, Digestive Enzyme Blend (Protease, Amylase)","Contains milk, soy. Do not exceed recommended servings.",VAR-108-01,MB-MXL-1KG-CHO,1kg - Chocolate,1kg,Chocolate,,active,999,1299,0,5,TRUE,2026-08-23T17:59:48Z,2026-08-23T17:59:48Z,3,1kg - Chocolate | 3kg - Chocolate | 6kg - Chocolate,"Mass Gain,Bulking,Weight Gain"
PROD-108,MuscleBlaze Mass Gainer XXL,muscleblaze-mass-gainer-xxl,MuscleBlaze,Mass Gainer,Weight Management,179g carbs and 30g protein per serving. Formulated for intense mass gain.,"MuscleBlaze Mass Gainer XXL provides a powerful combination of complex carbs and protein in every serving to support rapid muscle mass gain. With a 6:1 carb-to-protein ratio, it replenishes glycogen stores and fuels recovery, helping hard-gainers build the physique they desire.",draft,108,Weight Gain,"Mass Gain,Bulking,Weight Gain","mass gainer,muscleblaze xxl,bulking,carbs,hard gainer",https://img1.hkrtcdn.com/1185/prd_118460_o.jpg,https://img1.hkrtcdn.com/1185/prd_118460_o.jpg,,,,3 Scoops (300g),300,1200,30,179,6,0,15,380,Mix 3 scoops with 400ml whole milk post-workout or as a meal replacement.,"Maltodextrin, Whey Protein Concentrate, Cocoa Solids, Sugar, Vitamins & Minerals, Digestive Enzyme Blend (Protease, Amylase)","Contains milk, soy. Do not exceed recommended servings.",VAR-108-02,MB-MXL-3KG-CHO,3kg - Chocolate,3kg,Chocolate,,active,2499,2999,0,5,FALSE,2026-08-23T17:59:48Z,2026-08-23T17:59:48Z,3,1kg - Chocolate | 3kg - Chocolate | 6kg - Chocolate,"Mass Gain,Bulking,Weight Gain"
PROD-108,MuscleBlaze Mass Gainer XXL,muscleblaze-mass-gainer-xxl,MuscleBlaze,Mass Gainer,Weight Management,179g carbs and 30g protein per serving. Formulated for intense mass gain.,"MuscleBlaze Mass Gainer XXL provides a powerful combination of complex carbs and protein in every serving to support rapid muscle mass gain. With a 6:1 carb-to-protein ratio, it replenishes glycogen stores and fuels recovery, helping hard-gainers build the physique they desire.",draft,108,Weight Gain,"Mass Gain,Bulking,Weight Gain","mass gainer,muscleblaze xxl,bulking,carbs,hard gainer",https://img1.hkrtcdn.com/1185/prd_118460_o.jpg,https://img1.hkrtcdn.com/1185/prd_118460_o.jpg,,,,3 Scoops (300g),300,1200,30,179,6,0,15,380,Mix 3 scoops with 400ml whole milk post-workout or as a meal replacement.,"Maltodextrin, Whey Protein Concentrate, Cocoa Solids, Sugar, Vitamins & Minerals, Digestive Enzyme Blend (Protease, Amylase)","Contains milk, soy. Do not exceed recommended servings.",VAR-108-03,MB-MXL-6KG-CHO,6kg - Chocolate,6kg,Chocolate,,active,4299,5199,0,5,FALSE,2026-08-23T17:59:48Z,2026-08-23T17:59:48Z,3,1kg - Chocolate | 3kg - Chocolate | 6kg - Chocolate,"Mass Gain,Bulking,Weight Gain"
PROD-109,Muscle Pharm Combat XL Mass Gainer,muscle-pharm-combat-xl-mass-gainer,MusclePharm,Mass Gainer,Weight Management,"1270 calories and 50g protein per serving. Fast, moderate, and slow proteins blended.","MusclePharm Combat XL is a multi-phase mass gainer featuring a blend of fast, moderate, and slow-digesting proteins (whey concentrate, isolate, egg, and casein) with 1270 calories and 50g of protein per serving. Includes 30g of dietary fibre and 10g of BCAAs for muscle building and satiety.",draft,109,Weight Gain,"Mass Gain,Muscle Building,Bulking","musclepharm,combat xl,mass gainer,1270 calories,50g protein,bulking",https://vtiplvmddgjfcruqrvvb.supabase.co/storage/v1/object/sign/PRODUCT%20IMAGES%20BUCKET/mass-gainer.webp?token=eyJraWQiOiJmZTRiZGQ2Yy0zZDI4LTRhODUtYTc1My1lYjc4NjhlNDU5OGEiLCJhbGciOiJIUzI1NiJ9.eyJ1cmwiOiJQUk9EVUNUIElNQUdFUyBCVUNLRVQvbWFzcy1nYWluZXIud2VicCIsInNjb3BlIjoiZG93bmxvYWQiLCJpYXQiOjE3ODc2OTc2MjEsImV4cCI6MjEwMzA1NzYyMX0.ueRdq8ICM7p519adXhNxOfb-COyrZBlNX0MoYUiBjtc,,,,,4 Scoops (245g),245,1270,50,222,14,14,21,730,Mix 4 scoops in 480–720ml water or whole milk post-workout.,"Protein Matrix (Whey Protein Concentrate, Whey Protein Isolate, Egg Albumen, Micellar Casein), Maltodextrin, Sunflower Powder, Cocoa Powder, Oat Flour, Flaxseed Powder, Digestive Enzyme Blend","Contains milk, egg, soy, and wheat. Not for persons under 18.",VAR-109-01,MP-CXL-3KG-CM,2.72kg - Chocolate Milk,2.72kg,Chocolate Milk,,active,2999,3799,0,5,TRUE,2026-08-23T17:59:48Z,2026-08-23T17:59:48Z,2,2.72kg - Chocolate Milk | 5.95kg - Chocolate Milk,"Mass Gain,Muscle Building,Bulking"
PROD-109,Muscle Pharm Combat XL Mass Gainer,muscle-pharm-combat-xl-mass-gainer,MusclePharm,Mass Gainer,Weight Management,"1270 calories and 50g protein per serving. Fast, moderate, and slow proteins blended.","MusclePharm Combat XL is a multi-phase mass gainer featuring a blend of fast, moderate, and slow-digesting proteins (whey concentrate, isolate, egg, and casein) with 1270 calories and 50g of protein per serving. Includes 30g of dietary fibre and 10g of BCAAs for muscle building and satiety.",draft,109,Weight Gain,"Mass Gain,Muscle Building,Bulking","musclepharm,combat xl,mass gainer,1270 calories,50g protein,bulking",https://vtiplvmddgjfcruqrvvb.supabase.co/storage/v1/object/sign/PRODUCT%20IMAGES%20BUCKET/mass-gainer.webp?token=eyJraWQiOiJmZTRiZGQ2Yy0zZDI4LTRhODUtYTc1My1lYjc4NjhlNDU5OGEiLCJhbGciOiJIUzI1NiJ9.eyJ1cmwiOiJQUk9EVUNUIElNQUdFUyBCVUNLRVQvbWFzcy1nYWluZXIud2VicCIsInNjb3BlIjoiZG93bmxvYWQiLCJpYXQiOjE3ODc2OTc2MjEsImV4cCI6MjEwMzA1NzYyMX0.ueRdq8ICM7p519adXhNxOfb-COyrZBlNX0MoYUiBjtc,,,,,4 Scoops (245g),245,1270,50,222,14,14,21,730,Mix 4 scoops in 480–720ml water or whole milk post-workout.,"Protein Matrix (Whey Protein Concentrate, Whey Protein Isolate, Egg Albumen, Micellar Casein), Maltodextrin, Sunflower Powder, Cocoa Powder, Oat Flour, Flaxseed Powder, Digestive Enzyme Blend","Contains milk, egg, soy, and wheat. Not for persons under 18.",VAR-109-02,MP-CXL-6KG-CM,5.95kg - Chocolate Milk,5.95kg,Chocolate Milk,,active,5999,7199,0,5,FALSE,2026-08-23T17:59:48Z,2026-08-23T17:59:48Z,2,2.72kg - Chocolate Milk | 5.95kg - Chocolate Milk,"Mass Gain,Muscle Building,Bulking"
PROD-110,Serious Mass High Protein Weight Gainer,serious-mass-high-protein-weight-gainer,Optimum Nutrition,Mass Gainer,Weight Management,50g protein and 1250 calories per serving. The ultimate hard-gainer solution.,"Optimum Nutrition Serious Mass is designed for those who struggle to gain weight. Each massive 2-scoop serving delivers 1250 calories, 50g of protein, over 250g of carbohydrates with no added sugar, and 25 vitamins and minerals. It's the go-to formula for serious mass building.",draft,110,Weight Gain,"Mass Gain,Muscle Building,Weight Gain","mass gainer,weight gainer,serious mass,bulking,calories",https://vtiplvmddgjfcruqrvvb.supabase.co/storage/v1/object/sign/PRODUCT%20IMAGES%20BUCKET/mass-gainer.webp?token=eyJraWQiOiJmZTRiZGQ2Yy0zZDI4LTRhODUtYTc1My1lYjc4NjhlNDU5OGEiLCJhbGciOiJIUzI1NiJ9.eyJ1cmwiOiJQUk9EVUNUIElNQUdFUyBCVUNLRVQvbWFzcy1nYWluZXIud2VicCIsInNjb3BlIjoiZG93bmxvYWQiLCJpYXQiOjE3ODc2OTc2MjEsImV4cCI6MjEwMzA1NzYyMX0.ueRdq8ICM7p519adXhNxOfb-COyrZBlNX0MoYUiBjtc,,,,,2 Scoops (334g),334,1250,50,254,4.5,0,20,470,Mix 2 scoops with 710ml water or milk. Consume post-workout or between meals.,"Maltodextrin, Protein Blend (Whey Protein Concentrate, Casein, Egg Whites), Cocoa Powder, Vitamin & Mineral Blend, Natural & Artificial Flavours, Sucralose","Contains milk, egg, soy, and wheat. Not for use by persons under 18.",VAR-110-01,ON-SM-3KG-CHO,3kg - Chocolate,3kg,Chocolate,,active,3599,4199,0,5,TRUE,2026-08-23T17:59:48Z,2026-08-23T17:59:48Z,3,3kg - Chocolate | 3kg - Vanilla | 5.4kg - Chocolate,"Mass Gain,Muscle Building,Weight Gain"
PROD-110,Serious Mass High Protein Weight Gainer,serious-mass-high-protein-weight-gainer,Optimum Nutrition,Mass Gainer,Weight Management,50g protein and 1250 calories per serving. The ultimate hard-gainer solution.,"Optimum Nutrition Serious Mass is designed for those who struggle to gain weight. Each massive 2-scoop serving delivers 1250 calories, 50g of protein, over 250g of carbohydrates with no added sugar, and 25 vitamins and minerals. It's the go-to formula for serious mass building.",draft,110,Weight Gain,"Mass Gain,Muscle Building,Weight Gain","mass gainer,weight gainer,serious mass,bulking,calories",https://vtiplvmddgjfcruqrvvb.supabase.co/storage/v1/object/sign/PRODUCT%20IMAGES%20BUCKET/mass-gainer.webp?token=eyJraWQiOiJmZTRiZGQ2Yy0zZDI4LTRhODUtYTc1My1lYjc4NjhlNDU5OGEiLCJhbGciOiJIUzI1NiJ9.eyJ1cmwiOiJQUk9EVUNUIElNQUdFUyBCVUNLRVQvbWFzcy1nYWluZXIud2VicCIsInNjb3BlIjoiZG93bmxvYWQiLCJpYXQiOjE3ODc2OTc2MjEsImV4cCI6MjEwMzA1NzYyMX0.ueRdq8ICM7p519adXhNxOfb-COyrZBlNX0MoYUiBjtc,,,,,2 Scoops (334g),334,1250,50,254,4.5,0,20,470,Mix 2 scoops with 710ml water or milk. Consume post-workout or between meals.,"Maltodextrin, Protein Blend (Whey Protein Concentrate, Casein, Egg Whites), Cocoa Powder, Vitamin & Mineral Blend, Natural & Artificial Flavours, Sucralose","Contains milk, egg, soy, and wheat. Not for use by persons under 18.",VAR-110-02,ON-SM-3KG-VAN,3kg - Vanilla,3kg,Vanilla,,active,3599,4199,0,5,FALSE,2026-08-23T17:59:48Z,2026-08-23T17:59:48Z,3,3kg - Chocolate | 3kg - Vanilla | 5.4kg - Chocolate,"Mass Gain,Muscle Building,Weight Gain"
PROD-110,Serious Mass High Protein Weight Gainer,serious-mass-high-protein-weight-gainer,Optimum Nutrition,Mass Gainer,Weight Management,50g protein and 1250 calories per serving. The ultimate hard-gainer solution.,"Optimum Nutrition Serious Mass is designed for those who struggle to gain weight. Each massive 2-scoop serving delivers 1250 calories, 50g of protein, over 250g of carbohydrates with no added sugar, and 25 vitamins and minerals. It's the go-to formula for serious mass building.",draft,110,Weight Gain,"Mass Gain,Muscle Building,Weight Gain","mass gainer,weight gainer,serious mass,bulking,calories",https://vtiplvmddgjfcruqrvvb.supabase.co/storage/v1/object/sign/PRODUCT%20IMAGES%20BUCKET/mass-gainer.webp?token=eyJraWQiOiJmZTRiZGQ2Yy0zZDI4LTRhODUtYTc1My1lYjc4NjhlNDU5OGEiLCJhbGciOiJIUzI1NiJ9.eyJ1cmwiOiJQUk9EVUNUIElNQUdFUyBCVUNLRVQvbWFzcy1nYWluZXIud2VicCIsInNjb3BlIjoiZG93bmxvYWQiLCJpYXQiOjE3ODc2OTc2MjEsImV4cCI6MjEwMzA1NzYyMX0.ueRdq8ICM7p519adXhNxOfb-COyrZBlNX0MoYUiBjtc,,,,,2 Scoops (334g),334,1250,50,254,4.5,0,20,470,Mix 2 scoops with 710ml water or milk. Consume post-workout or between meals.,"Maltodextrin, Protein Blend (Whey Protein Concentrate, Casein, Egg Whites), Cocoa Powder, Vitamin & Mineral Blend, Natural & Artificial Flavours, Sucralose","Contains milk, egg, soy, and wheat. Not for use by persons under 18.",VAR-110-03,ON-SM-5KG-CHO,5.4kg - Chocolate,5.4kg,Chocolate,,active,5999,7199,0,5,FALSE,2026-08-23T17:59:48Z,2026-08-23T17:59:48Z,3,3kg - Chocolate | 3kg - Vanilla | 5.4kg - Chocolate,"Mass Gain,Muscle Building,Weight Gain"
PROD-111,"Chettinad Soyabean Tempeh Cubes - Rich In Protein, Non-GMO, Makes Curries & Rolls",chettinad-soyabean-tempeh-cubes-rich-in-protein-non-gmo-makes-curries-rolls-hello-tempayy,Hello Tempayy,Plant Protein,Protein,"Paneer, Tofu & Cream from Hello Tempayy.","Paneer, Tofu & Cream item sourced from the provided BigBasket catalog.",draft,111,Muscle Building,"protein, vegetarian","protein, vegetarian, chettinad soyabean tempeh cubes rich in protein non gmo makes curries rolls, hello tempayy, plant & dairy proteins",https://www.bigbasket.com/media/uploads/p/l/40247745_2-hello-tempayy-roasted-chettinad-soyabeantempeh-cubes-rich-in-fibre-iron-gluten-free.jpg,https://www.bigbasket.com/media/uploads/p/l/40247745_2-hello-tempayy-roasted-chettinad-soyabeantempeh-cubes-rich-in-fibre-iron-gluten-free.jpg,,,,100 g,100,180,18,6,10,2,1,120,"Use according to the product label. Store in a cool, dry place.",,Check product label for allergens.,VAR-111-01,SKU-0407,200 g,200 g,,,active,165,185,0,5,TRUE,2026-08-23T23:05:00+05:30,2026-08-23T23:05:00+05:30,1,200 g,"protein, vegetarian"
PROD-112,"Peppery Szechuan Chilli Soyabean Tempeh Cubes - Vegan, Rich In Protein, Iron, Vit B12, Non-GMO",peppery-szechuan-chilli-soyabean-tempeh-cubes-vegan-rich-in-protein-iron-vit-b12-non-gmo-hello-tempayy,Hello Tempayy,Plant Protein,Protein,"Paneer, Tofu & Cream from Hello Tempayy.","Paneer, Tofu & Cream item sourced from the provided BigBasket catalog.",draft,112,Muscle Building,"protein, vegetarian","protein, vegetarian, peppery szechuan chilli soyabean tempeh cubes vegan rich in protein iron vit b12 non gmo, hello tempayy, plant & dairy proteins",https://www.bigbasket.com/media/uploads/p/l/40210468_4-hello-tempayy-peppery-szechuan-chilli-soyabean-tempeh-cubes-rich-in-vitamin-iron-gluten-free.jpg,https://www.bigbasket.com/media/uploads/p/l/40210468_4-hello-tempayy-peppery-szechuan-chilli-soyabean-tempeh-cubes-rich-in-vitamin-iron-gluten-free.jpg,,,,100 g,100,180,18,6,10,2,1,120,"Use according to the product label. Store in a cool, dry place.",,Check product label for allergens.,VAR-112-01,SKU-0433,200 g,200 g,,,active,165,185,0,5,TRUE,2026-08-23T23:05:00+05:30,2026-08-23T23:05:00+05:30,1,200 g,"protein, vegetarian"
PROD-113,"Soyabean Tempeh Cubes - Natural, Pack Of 3",soyabean-tempeh-cubes-natural-pack-of-3-hello-tempayy,Hello Tempayy,Plant Protein,Protein,"Paneer, Tofu & Cream from Hello Tempayy.","Paneer, Tofu & Cream item sourced from the provided BigBasket catalog.",draft,113,Muscle Building,"protein, vegetarian","protein, vegetarian, soyabean tempeh cubes natural pack of 3, hello tempayy, plant & dairy proteins",https://www.bigbasket.com/media/uploads/p/l/1215135_1-hello-tempayy-soyabean-tempeh-cubes-natural-pack-of-3.jpg,https://www.bigbasket.com/media/uploads/p/l/1215135_1-hello-tempayy-soyabean-tempeh-cubes-natural-pack-of-3.jpg,,,,100 g,100,180,18,6,10,2,1,120,"Use according to the product label. Store in a cool, dry place.",,Check product label for allergens.,VAR-113-01,SKU-0444,3x200 g,3x200 g,,,active,435,487,0,5,TRUE,2026-08-23T23:05:00+05:30,2026-08-23T23:05:00+05:30,1,3x200 g,"protein, vegetarian"
PROD-114,"Soyabean Tempeh Cubes - Peppery Szechuan Chilli, Pack Of 2",soyabean-tempeh-cubes-peppery-szechuan-chilli-pack-of-2-hello-tempayy,Hello Tempayy,Plant Protein,Protein,"Paneer, Tofu & Cream from Hello Tempayy.","Paneer, Tofu & Cream item sourced from the provided BigBasket catalog.",draft,114,Muscle Building,"protein, vegetarian","protein, vegetarian, soyabean tempeh cubes peppery szechuan chilli pack of 2, hello tempayy, plant & dairy proteins",https://www.bigbasket.com/media/uploads/p/l/1215138_1-hello-tempayy-soyabean-tempeh-cubes-peppery-szechuan-chilli-pack-of-2.jpg,https://www.bigbasket.com/media/uploads/p/l/1215138_1-hello-tempayy-soyabean-tempeh-cubes-peppery-szechuan-chilli-pack-of-2.jpg,,,,100 g,100,180,18,6,10,2,1,120,"Use according to the product label. Store in a cool, dry place.",,Check product label for allergens.,VAR-114-01,SKU-0445,2x200 g,2x200 g,,,active,330,370,0,5,TRUE,2026-08-23T23:05:00+05:30,2026-08-23T23:05:00+05:30,1,2x200 g,"protein, vegetarian"
PROD-115,"Soyabean Tempeh Cubes - Rich In Protein & Fibre, Low Carb Snack",soyabean-tempeh-cubes-rich-in-protein-fibre-low-carb-snack-hello-tempayy,Hello Tempayy,Plant Protein,Protein,"Paneer, Tofu & Cream from Hello Tempayy.","Paneer, Tofu & Cream item sourced from the provided BigBasket catalog.",draft,115,Muscle Building,"protein, vegetarian, high fibre, healthy snacking","protein, vegetarian, high fibre, healthy snacking, soyabean tempeh cubes rich in protein fibre low carb snack, hello tempayy, plant & dairy proteins",https://www.bigbasket.com/media/uploads/p/l/40210465_4-hello-tempayy-soyabean-tempeh-cubes-rich-in-iron-fibre-gluten-free.jpg,https://www.bigbasket.com/media/uploads/p/l/40210465_4-hello-tempayy-soyabean-tempeh-cubes-rich-in-iron-fibre-gluten-free.jpg,,,,100 g,100,180,18,6,10,2,1,120,"Use according to the product label. Store in a cool, dry place.",,Check product label for allergens.,VAR-115-01,SKU-0446,200 g,200 g,,,active,145,162,0,5,TRUE,2026-08-23T23:05:00+05:30,2026-08-23T23:05:00+05:30,1,200 g,"protein, vegetarian, high fibre, healthy snacking"
PROD-116,"Spicy Peri Peri Soyabean Tempeh Cubes - Rich In Protein, Makes Rolls & Salad",spicy-peri-peri-soyabean-tempeh-cubes-rich-in-protein-makes-rolls-salad-hello-tempayy,Hello Tempayy,Plant Protein,Protein,"Paneer, Tofu & Cream from Hello Tempayy.","Paneer, Tofu & Cream item sourced from the provided BigBasket catalog.",draft,116,Muscle Building,"protein, vegetarian","protein, vegetarian, spicy peri peri soyabean tempeh cubes rich in protein makes rolls salad, hello tempayy, plant & dairy proteins",https://www.bigbasket.com/media/uploads/p/l/40238813_2-hello-tempayy-spicy-peri-peri-soyabean-tempeh-cubes-rich-in-fibre-iron-gluten-free.jpg,https://www.bigbasket.com/media/uploads/p/l/40238813_2-hello-tempayy-spicy-peri-peri-soyabean-tempeh-cubes-rich-in-fibre-iron-gluten-free.jpg,,,,100 g,100,180,18,6,10,2,1,120,"Use according to the product label. Store in a cool, dry place.",,Check product label for allergens.,VAR-116-01,SKU-0447,200 g,200 g,,,active,165,185,0,5,TRUE,2026-08-23T23:05:00+05:30,2026-08-23T23:05:00+05:30,1,200 g,"protein, vegetarian"
PROD-117,Veggie Elite,veggie-elite-mrm,MRM,Plant Protein,Protein,Performance Protein!*,Performance Protein!*,draft,117,Muscle Building,"protein, vegetarian","protein, vegetarian, veggie elite, mrm, plant protein",https://vtiplvmddgjfcruqrvvb.supabase.co/storage/v1/object/sign/PRODUCT%20IMAGES%20BUCKET/plant-protein.webp?token=eyJraWQiOiJmZTRiZGQ2Yy0zZDI4LTRhODUtYTc1My1lYjc4NjhlNDU5OGEiLCJhbGciOiJIUzI1NiJ9.eyJ1cmwiOiJQUk9EVUNUIElNQUdFUyBCVUNLRVQvcGxhbnQtcHJvdGVpbi53ZWJwIiwic2NvcGUiOiJkb3dubG9hZCIsImlhdCI6MTc4NzY5NzgyNSwiZXhwIjoyMTAzMDU3ODI1fQ.FYOzlyj0EeAwcC8JoXtzsyn4Uig5EYeZkmK52VlWe30,,,,,30 g,30,120,24,3,2,1,1,100,"Use according to the product label. Store in a cool, dry place.",,Check label for allergens.,VAR-117-01,SKU-0026,30 g,30 g,,,active,2923,3274,0,5,TRUE,2026-08-23T23:05:00+05:30,2026-08-23T23:05:00+05:30,1,30 g,"protein, vegetarian"
PROD-118,Pea Protein,pea-protein-now,NOW,Plant Protein,Protein,Non-GMO Vegetable Protein!,Non-GMO Vegetable Protein!,draft,118,Muscle Building,"protein, vegetarian","protein, vegetarian, pea protein, now, plant protein",https://vtiplvmddgjfcruqrvvb.supabase.co/storage/v1/object/sign/PRODUCT%20IMAGES%20BUCKET/plant-protein.webp?token=eyJraWQiOiJmZTRiZGQ2Yy0zZDI4LTRhODUtYTc1My1lYjc4NjhlNDU5OGEiLCJhbGciOiJIUzI1NiJ9.eyJ1cmwiOiJQUk9EVUNUIElNQUdFUyBCVUNLRVQvcGxhbnQtcHJvdGVpbi53ZWJwIiwic2NvcGUiOiJkb3dubG9hZCIsImlhdCI6MTc4NzY5NzgyNSwiZXhwIjoyMTAzMDU3ODI1fQ.FYOzlyj0EeAwcC8JoXtzsyn4Uig5EYeZkmK52VlWe30,,,,,30 g,30,120,24,3,2,1,1,100,"Use according to the product label. Store in a cool, dry place.",,Check label for allergens.,VAR-118-01,SKU-0029,30 g,30 g,,,active,1669,1869,0,5,TRUE,2026-08-23T23:05:00+05:30,2026-08-23T23:05:00+05:30,1,30 g,"protein, vegetarian"
PROD-119,Nakpro Perform Plant Protein,nakpro-perform-plant-protein,Nakpro,Plant Protein,Protein,25g plant protein from pea and brown rice. India-made vegan protein.,"Nakpro Perform is an Indian-made vegan protein powder combining pea protein and brown rice protein for a complete amino acid profile. With 25g protein per serving and no artificial sweeteners, it is an excellent clean nutrition choice for Indian vegans and vegetarians.",draft,119,Muscle Building,"Vegan,Clean Eating,Muscle Building","nakpro,plant protein,india,pea protein,vegan",https://vtiplvmddgjfcruqrvvb.supabase.co/storage/v1/object/sign/PRODUCT%20IMAGES%20BUCKET/plant-protein.webp?token=eyJraWQiOiJmZTRiZGQ2Yy0zZDI4LTRhODUtYTc1My1lYjc4NjhlNDU5OGEiLCJhbGciOiJIUzI1NiJ9.eyJ1cmwiOiJQUk9EVUNUIElNQUdFUyBCVUNLRVQvcGxhbnQtcHJvdGVpbi53ZWJwIiwic2NvcGUiOiJkb3dubG9hZCIsImlhdCI6MTc4NzY5NzgyNSwiZXhwIjoyMTAzMDU3ODI1fQ.FYOzlyj0EeAwcC8JoXtzsyn4Uig5EYeZkmK52VlWe30,,,,,1 Scoop (35g),35,140,25,5,3,3,1,200,Mix 1 scoop with 250ml water or milk. Shake well and consume post-workout.,"Pea Protein Isolate, Brown Rice Protein, Cocoa Powder, Natural Flavours, Stevia Extract","Vegan. Free from dairy, gluten, and soy. Store in a cool dry place.",VAR-119-01,NKP-PP-1KG-CHO,1kg - Chocolate,1kg,Chocolate,,active,1999,2499,0,5,TRUE,2026-08-23T17:59:48Z,2026-08-23T17:59:48Z,3,1kg - Chocolate | 1kg - Unflavoured | 2kg - Chocolate,"Vegan,Clean Eating,Muscle Building"
PROD-119,Nakpro Perform Plant Protein,nakpro-perform-plant-protein,Nakpro,Plant Protein,Protein,25g plant protein from pea and brown rice. India-made vegan protein.,"Nakpro Perform is an Indian-made vegan protein powder combining pea protein and brown rice protein for a complete amino acid profile. With 25g protein per serving and no artificial sweeteners, it is an excellent clean nutrition choice for Indian vegans and vegetarians.",draft,119,Muscle Building,"Vegan,Clean Eating,Muscle Building","nakpro,plant protein,india,pea protein,vegan",https://vtiplvmddgjfcruqrvvb.supabase.co/storage/v1/object/sign/PRODUCT%20IMAGES%20BUCKET/plant-protein.webp?token=eyJraWQiOiJmZTRiZGQ2Yy0zZDI4LTRhODUtYTc1My1lYjc4NjhlNDU5OGEiLCJhbGciOiJIUzI1NiJ9.eyJ1cmwiOiJQUk9EVUNUIElNQUdFUyBCVUNLRVQvcGxhbnQtcHJvdGVpbi53ZWJwIiwic2NvcGUiOiJkb3dubG9hZCIsImlhdCI6MTc4NzY5NzgyNSwiZXhwIjoyMTAzMDU3ODI1fQ.FYOzlyj0EeAwcC8JoXtzsyn4Uig5EYeZkmK52VlWe30,,,,,1 Scoop (35g),35,140,25,5,3,3,1,200,Mix 1 scoop with 250ml water or milk. Shake well and consume post-workout.,"Pea Protein Isolate, Brown Rice Protein, Cocoa Powder, Natural Flavours, Stevia Extract","Vegan. Free from dairy, gluten, and soy. Store in a cool dry place.",VAR-119-02,NKP-PP-1KG-UNF,1kg - Unflavoured,1kg,Unflavoured,,active,1899,2299,0,5,FALSE,2026-08-23T17:59:48Z,2026-08-23T17:59:48Z,3,1kg - Chocolate | 1kg - Unflavoured | 2kg - Chocolate,"Vegan,Clean Eating,Muscle Building"
PROD-119,Nakpro Perform Plant Protein,nakpro-perform-plant-protein,Nakpro,Plant Protein,Protein,25g plant protein from pea and brown rice. India-made vegan protein.,"Nakpro Perform is an Indian-made vegan protein powder combining pea protein and brown rice protein for a complete amino acid profile. With 25g protein per serving and no artificial sweeteners, it is an excellent clean nutrition choice for Indian vegans and vegetarians.",draft,119,Muscle Building,"Vegan,Clean Eating,Muscle Building","nakpro,plant protein,india,pea protein,vegan",https://vtiplvmddgjfcruqrvvb.supabase.co/storage/v1/object/sign/PRODUCT%20IMAGES%20BUCKET/plant-protein.webp?token=eyJraWQiOiJmZTRiZGQ2Yy0zZDI4LTRhODUtYTc1My1lYjc4NjhlNDU5OGEiLCJhbGciOiJIUzI1NiJ9.eyJ1cmwiOiJQUk9EVUNUIElNQUdFUyBCVUNLRVQvcGxhbnQtcHJvdGVpbi53ZWJwIiwic2NvcGUiOiJkb3dubG9hZCIsImlhdCI6MTc4NzY5NzgyNSwiZXhwIjoyMTAzMDU3ODI1fQ.FYOzlyj0EeAwcC8JoXtzsyn4Uig5EYeZkmK52VlWe30,,,,,1 Scoop (35g),35,140,25,5,3,3,1,200,Mix 1 scoop with 250ml water or milk. Shake well and consume post-workout.,"Pea Protein Isolate, Brown Rice Protein, Cocoa Powder, Natural Flavours, Stevia Extract","Vegan. Free from dairy, gluten, and soy. Store in a cool dry place.",VAR-119-03,NKP-PP-2KG-CHO,2kg - Chocolate,2kg,Chocolate,,active,3699,4299,0,5,FALSE,2026-08-23T17:59:48Z,2026-08-23T17:59:48Z,3,1kg - Chocolate | 1kg - Unflavoured | 2kg - Chocolate,"Vegan,Clean Eating,Muscle Building"
PROD-120,Orgain Organic Plant Protein Powder,orgain-organic-plant-protein-powder,Orgain,Plant Protein,Protein,"21g organic plant protein per serving. Vegan, non-GMO, no artificial ingredients.","Orgain Organic Plant Protein is a certified organic, vegan protein made from a blend of pea protein, brown rice protein, and chia seeds. With 21g of complete protein, 5g of dietary fibre, and only 150 calories per serving, it's perfect for vegans and those with dairy or lactose sensitivities.",draft,120,Muscle Building,"Vegan,Clean Eating,Recovery","plant protein,vegan protein,orgain,pea protein,organic",https://vtiplvmddgjfcruqrvvb.supabase.co/storage/v1/object/sign/PRODUCT%20IMAGES%20BUCKET/plant-protein.webp?token=eyJraWQiOiJmZTRiZGQ2Yy0zZDI4LTRhODUtYTc1My1lYjc4NjhlNDU5OGEiLCJhbGciOiJIUzI1NiJ9.eyJ1cmwiOiJQUk9EVUNUIElNQUdFUyBCVUNLRVQvcGxhbnQtcHJvdGVpbi53ZWJwIiwic2NvcGUiOiJkb3dubG9hZCIsImlhdCI6MTc4NzY5NzgyNSwiZXhwIjoyMTAzMDU3ODI1fQ.FYOzlyj0EeAwcC8JoXtzsyn4Uig5EYeZkmK52VlWe30,,,,,2 Scoops (46g),46,150,21,15,4,5,1,280,Mix 2 scoops with 350ml plant milk or water. Ideal as a post-workout shake or meal supplement.,"Organic Pea Protein, Organic Brown Rice Protein, Organic Chia Seeds, Organic Cocoa Powder, Organic Agave Inulin, Natural Flavours","Vegan. Free from dairy, gluten, and soy. Produced in a facility that handles tree nuts.",VAR-120-01,ORG-PP-1KG-CF,1kg - Chocolate Fudge,1kg,Chocolate Fudge,,active,3999,4799,0,5,TRUE,2026-08-23T17:59:48Z,2026-08-23T17:59:48Z,3,1kg - Chocolate Fudge | 500g - Chocolate Fudge | 500g - Vanilla Bean,"Vegan,Clean Eating,Recovery"
PROD-120,Orgain Organic Plant Protein Powder,orgain-organic-plant-protein-powder,Orgain,Plant Protein,Protein,"21g organic plant protein per serving. Vegan, non-GMO, no artificial ingredients.","Orgain Organic Plant Protein is a certified organic, vegan protein made from a blend of pea protein, brown rice protein, and chia seeds. With 21g of complete protein, 5g of dietary fibre, and only 150 calories per serving, it's perfect for vegans and those with dairy or lactose sensitivities.",draft,120,Muscle Building,"Vegan,Clean Eating,Recovery","plant protein,vegan protein,orgain,pea protein,organic",https://vtiplvmddgjfcruqrvvb.supabase.co/storage/v1/object/sign/PRODUCT%20IMAGES%20BUCKET/plant-protein.webp?token=eyJraWQiOiJmZTRiZGQ2Yy0zZDI4LTRhODUtYTc1My1lYjc4NjhlNDU5OGEiLCJhbGciOiJIUzI1NiJ9.eyJ1cmwiOiJQUk9EVUNUIElNQUdFUyBCVUNLRVQvcGxhbnQtcHJvdGVpbi53ZWJwIiwic2NvcGUiOiJkb3dubG9hZCIsImlhdCI6MTc4NzY5NzgyNSwiZXhwIjoyMTAzMDU3ODI1fQ.FYOzlyj0EeAwcC8JoXtzsyn4Uig5EYeZkmK52VlWe30,,,,,2 Scoops (46g),46,150,21,15,4,5,1,280,Mix 2 scoops with 350ml plant milk or water. Ideal as a post-workout shake or meal supplement.,"Organic Pea Protein, Organic Brown Rice Protein, Organic Chia Seeds, Organic Cocoa Powder, Organic Agave Inulin, Natural Flavours","Vegan. Free from dairy, gluten, and soy. Produced in a facility that handles tree nuts.",VAR-120-02,ORG-PP-500-CF,500g - Chocolate Fudge,500g,Chocolate Fudge,,active,2299,2799,0,5,FALSE,2026-08-23T17:59:48Z,2026-08-23T17:59:48Z,3,1kg - Chocolate Fudge | 500g - Chocolate Fudge | 500g - Vanilla Bean,"Vegan,Clean Eating,Recovery"
PROD-120,Orgain Organic Plant Protein Powder,orgain-organic-plant-protein-powder,Orgain,Plant Protein,Protein,"21g organic plant protein per serving. Vegan, non-GMO, no artificial ingredients.","Orgain Organic Plant Protein is a certified organic, vegan protein made from a blend of pea protein, brown rice protein, and chia seeds. With 21g of complete protein, 5g of dietary fibre, and only 150 calories per serving, it's perfect for vegans and those with dairy or lactose sensitivities.",draft,120,Muscle Building,"Vegan,Clean Eating,Recovery","plant protein,vegan protein,orgain,pea protein,organic",https://vtiplvmddgjfcruqrvvb.supabase.co/storage/v1/object/sign/PRODUCT%20IMAGES%20BUCKET/plant-protein.webp?token=eyJraWQiOiJmZTRiZGQ2Yy0zZDI4LTRhODUtYTc1My1lYjc4NjhlNDU5OGEiLCJhbGciOiJIUzI1NiJ9.eyJ1cmwiOiJQUk9EVUNUIElNQUdFUyBCVUNLRVQvcGxhbnQtcHJvdGVpbi53ZWJwIiwic2NvcGUiOiJkb3dubG9hZCIsImlhdCI6MTc4NzY5NzgyNSwiZXhwIjoyMTAzMDU3ODI1fQ.FYOzlyj0EeAwcC8JoXtzsyn4Uig5EYeZkmK52VlWe30,,,,,2 Scoops (46g),46,150,21,15,4,5,1,280,Mix 2 scoops with 350ml plant milk or water. Ideal as a post-workout shake or meal supplement.,"Organic Pea Protein, Organic Brown Rice Protein, Organic Chia Seeds, Organic Cocoa Powder, Organic Agave Inulin, Natural Flavours","Vegan. Free from dairy, gluten, and soy. Produced in a facility that handles tree nuts.",VAR-120-03,ORG-PP-500-VB,500g - Vanilla Bean,500g,Vanilla Bean,,active,2299,2799,0,5,FALSE,2026-08-23T17:59:48Z,2026-08-23T17:59:48Z,3,1kg - Chocolate Fudge | 500g - Chocolate Fudge | 500g - Vanilla Bean,"Vegan,Clean Eating,Recovery"
PROD-121,Vegan Series Select Protein,vegan-series-select-protein-pescience,PEScience,Plant Protein,Protein,20G Of Vegan Protein Per Serving,20G Of Vegan Protein Per Serving,draft,121,Muscle Building,"protein, vegetarian","protein, vegetarian, vegan series select protein, pescience, plant protein",https://vtiplvmddgjfcruqrvvb.supabase.co/storage/v1/object/sign/PRODUCT%20IMAGES%20BUCKET/plant-protein.webp?token=eyJraWQiOiJmZTRiZGQ2Yy0zZDI4LTRhODUtYTc1My1lYjc4NjhlNDU5OGEiLCJhbGciOiJIUzI1NiJ9.eyJ1cmwiOiJQUk9EVUNUIElNQUdFUyBCVUNLRVQvcGxhbnQtcHJvdGVpbi53ZWJwIiwic2NvcGUiOiJkb3dubG9hZCIsImlhdCI6MTc4NzY5NzgyNSwiZXhwIjoyMTAzMDU3ODI1fQ.FYOzlyj0EeAwcC8JoXtzsyn4Uig5EYeZkmK52VlWe30,,,,,30 g,30,120,24,3,2,1,1,100,"Use according to the product label. Store in a cool, dry place.",,Check label for allergens.,VAR-121-01,SKU-0027,30 g,30 g,,,active,2677,2998,0,5,TRUE,2026-08-23T23:05:00+05:30,2026-08-23T23:05:00+05:30,1,30 g,"protein, vegetarian"
PROD-122,Sport Performance Protein,sport-performance-protein-vega,Vega,Plant Protein,Protein,Plant-based Protein!,Plant-based Protein!,draft,122,Muscle Building,"protein, vegetarian","protein, vegetarian, sport performance protein, vega, plant protein",https://vtiplvmddgjfcruqrvvb.supabase.co/storage/v1/object/sign/PRODUCT%20IMAGES%20BUCKET/plant-protein.webp?token=eyJraWQiOiJmZTRiZGQ2Yy0zZDI4LTRhODUtYTc1My1lYjc4NjhlNDU5OGEiLCJhbGciOiJIUzI1NiJ9.eyJ1cmwiOiJQUk9EVUNUIElNQUdFUyBCVUNLRVQvcGxhbnQtcHJvdGVpbi53ZWJwIiwic2NvcGUiOiJkb3dubG9hZCIsImlhdCI6MTc4NzY5NzgyNSwiZXhwIjoyMTAzMDU3ODI1fQ.FYOzlyj0EeAwcC8JoXtzsyn4Uig5EYeZkmK52VlWe30,,,,,30 g,30,120,24,3,2,1,1,100,"Use according to the product label. Store in a cool, dry place.",,Check label for allergens.,VAR-122-01,SKU-0030,30 g,30 g,,,active,7778,8711,0,5,TRUE,2026-08-23T23:05:00+05:30,2026-08-23T23:05:00+05:30,1,30 g,"protein, vegetarian"
PROD-123,N.O.-Xplode,n-o-xplode-bsn,BSN,Pre-Workout,Pre-Workout,The Original Pre-Workout Igniter. Re-Engineered,The Original Pre-Workout Igniter. Re-Engineered,draft,123,Muscle Building,workout,"workout, n o xplode, bsn, improve workout products",https://vtiplvmddgjfcruqrvvb.supabase.co/storage/v1/object/sign/PRODUCT%20IMAGES%20BUCKET/pre-workout.webp?token=eyJraWQiOiJmZTRiZGQ2Yy0zZDI4LTRhODUtYTc1My1lYjc4NjhlNDU5OGEiLCJhbGciOiJIUzI1NiJ9.eyJ1cmwiOiJQUk9EVUNUIElNQUdFUyBCVUNLRVQvcHJlLXdvcmtvdXQud2VicCIsInNjb3BlIjoiZG93bmxvYWQiLCJpYXQiOjE3ODc2OTc4NzYsImV4cCI6MjEwMzA1Nzg3Nn0.ihbM2ekL_oObnGCa7e3zJl-Ht0xD-R51yaCL7UspbWI,,,,,5 g,5,20,0,1,0,0,0,10,"Use according to the product label. Store in a cool, dry place.",,Check label for allergens.,VAR-123-01,SKU-0163,5 g,5 g,,,active,2549,2855,0,5,TRUE,2026-08-23T23:05:00+05:30,2026-08-23T23:05:00+05:30,1,5 g,workout
PROD-124,C4 Original Pre-Workout Powder,c4-original-pre-workout-powder,Cellucor,Pre-Workout,Pre-Workout,"150mg caffeine, 1.6g CarnoSyn Beta-Alanine. America's #1 pre-workout brand.","Cellucor C4 Original is the original explosive pre-workout formula trusted by millions. Each serving delivers CarnoSyn® Beta-Alanine for endurance, 1g of Creatine Nitrate for power and pump, and 150mg of caffeine for energy and focus. No artificial dyes.",draft,124,Muscle Building,"Energy,Strength,Endurance,Focus","c4 pre-workout,cellucor,beta alanine,caffeine,pump,focus",https://vtiplvmddgjfcruqrvvb.supabase.co/storage/v1/object/sign/PRODUCT%20IMAGES%20BUCKET/pre-workout.webp?token=eyJraWQiOiJmZTRiZGQ2Yy0zZDI4LTRhODUtYTc1My1lYjc4NjhlNDU5OGEiLCJhbGciOiJIUzI1NiJ9.eyJ1cmwiOiJQUk9EVUNUIElNQUdFUyBCVUNLRVQvcHJlLXdvcmtvdXQud2VicCIsInNjb3BlIjoiZG93bmxvYWQiLCJpYXQiOjE3ODc2OTc4NzYsImV4cCI6MjEwMzA1Nzg3Nn0.ihbM2ekL_oObnGCa7e3zJl-Ht0xD-R51yaCL7UspbWI,,,,,1 Scoop (6.3g),6.3,5,0,0,0,0,0,95,Mix 1 scoop in 180–240ml water 20–30 minutes before workout. Do not exceed 1 serving.,"CarnoSyn Beta-Alanine, Creatine Nitrate, Arginine AKG, N-Acetyl-L-Tyrosine, Caffeine Anhydrous, Vitamin C, Niacinamide, Vitamin B6, Folic Acid, Vitamin B12, Sucralose, Silicon Dioxide",Contains 150mg caffeine per serving. Not for use by persons under 18. Do not take within 4 hours of sleep.,VAR-124-01,C4-PW-30-FP,30 servings - Fruit Punch,30 servings,Fruit Punch,,active,1799,2199,0,5,TRUE,2026-08-23T17:59:48Z,2026-08-23T17:59:48Z,3,30 servings - Fruit Punch | 30 servings - Icy Blue Razz | 60 servings - Watermelon,"Energy,Strength,Endurance,Focus"
PROD-124,C4 Original Pre-Workout Powder,c4-original-pre-workout-powder,Cellucor,Pre-Workout,Pre-Workout,"150mg caffeine, 1.6g CarnoSyn Beta-Alanine. America's #1 pre-workout brand.","Cellucor C4 Original is the original explosive pre-workout formula trusted by millions. Each serving delivers CarnoSyn® Beta-Alanine for endurance, 1g of Creatine Nitrate for power and pump, and 150mg of caffeine for energy and focus. No artificial dyes.",draft,124,Muscle Building,"Energy,Strength,Endurance,Focus","c4 pre-workout,cellucor,beta alanine,caffeine,pump,focus",https://vtiplvmddgjfcruqrvvb.supabase.co/storage/v1/object/sign/PRODUCT%20IMAGES%20BUCKET/pre-workout.webp?token=eyJraWQiOiJmZTRiZGQ2Yy0zZDI4LTRhODUtYTc1My1lYjc4NjhlNDU5OGEiLCJhbGciOiJIUzI1NiJ9.eyJ1cmwiOiJQUk9EVUNUIElNQUdFUyBCVUNLRVQvcHJlLXdvcmtvdXQud2VicCIsInNjb3BlIjoiZG93bmxvYWQiLCJpYXQiOjE3ODc2OTc4NzYsImV4cCI6MjEwMzA1Nzg3Nn0.ihbM2ekL_oObnGCa7e3zJl-Ht0xD-R51yaCL7UspbWI,,,,,1 Scoop (6.3g),6.3,5,0,0,0,0,0,95,Mix 1 scoop in 180–240ml water 20–30 minutes before workout. Do not exceed 1 serving.,"CarnoSyn Beta-Alanine, Creatine Nitrate, Arginine AKG, N-Acetyl-L-Tyrosine, Caffeine Anhydrous, Vitamin C, Niacinamide, Vitamin B6, Folic Acid, Vitamin B12, Sucralose, Silicon Dioxide",Contains 150mg caffeine per serving. Not for use by persons under 18. Do not take within 4 hours of sleep.,VAR-124-02,C4-PW-30-IBR,30 servings - Icy Blue Razz,30 servings,Icy Blue Razz,,active,1799,2199,0,5,FALSE,2026-08-23T17:59:48Z,2026-08-23T17:59:48Z,3,30 servings - Fruit Punch | 30 servings - Icy Blue Razz | 60 servings - Watermelon,"Energy,Strength,Endurance,Focus"
PROD-124,C4 Original Pre-Workout Powder,c4-original-pre-workout-powder,Cellucor,Pre-Workout,Pre-Workout,"150mg caffeine, 1.6g CarnoSyn Beta-Alanine. America's #1 pre-workout brand.","Cellucor C4 Original is the original explosive pre-workout formula trusted by millions. Each serving delivers CarnoSyn® Beta-Alanine for endurance, 1g of Creatine Nitrate for power and pump, and 150mg of caffeine for energy and focus. No artificial dyes.",draft,124,Muscle Building,"Energy,Strength,Endurance,Focus","c4 pre-workout,cellucor,beta alanine,caffeine,pump,focus",https://vtiplvmddgjfcruqrvvb.supabase.co/storage/v1/object/sign/PRODUCT%20IMAGES%20BUCKET/pre-workout.webp?token=eyJraWQiOiJmZTRiZGQ2Yy0zZDI4LTRhODUtYTc1My1lYjc4NjhlNDU5OGEiLCJhbGciOiJIUzI1NiJ9.eyJ1cmwiOiJQUk9EVUNUIElNQUdFUyBCVUNLRVQvcHJlLXdvcmtvdXQud2VicCIsInNjb3BlIjoiZG93bmxvYWQiLCJpYXQiOjE3ODc2OTc4NzYsImV4cCI6MjEwMzA1Nzg3Nn0.ihbM2ekL_oObnGCa7e3zJl-Ht0xD-R51yaCL7UspbWI,,,,,1 Scoop (6.3g),6.3,5,0,0,0,0,0,95,Mix 1 scoop in 180–240ml water 20–30 minutes before workout. Do not exceed 1 serving.,"CarnoSyn Beta-Alanine, Creatine Nitrate, Arginine AKG, N-Acetyl-L-Tyrosine, Caffeine Anhydrous, Vitamin C, Niacinamide, Vitamin B6, Folic Acid, Vitamin B12, Sucralose, Silicon Dioxide",Contains 150mg caffeine per serving. Not for use by persons under 18. Do not take within 4 hours of sleep.,VAR-124-03,C4-PW-60-WM,60 servings - Watermelon,60 servings,Watermelon,,active,3299,3999,0,5,FALSE,2026-08-23T17:59:48Z,2026-08-23T17:59:48Z,3,30 servings - Fruit Punch | 30 servings - Icy Blue Razz | 60 servings - Watermelon,"Energy,Strength,Endurance,Focus"
PROD-125,ENGN,engn-evlution-nutrition,EVLUTION NUTRITION,Pre-Workout,Pre-Workout,"Intense Pre-Workout Powder for Increased Energy, Power, & Focus*","Intense Pre-Workout Powder for Increased Energy, Power, & Focus*",draft,125,Muscle Building,workout,"workout, engn, evlution nutrition, improve workout products",https://vtiplvmddgjfcruqrvvb.supabase.co/storage/v1/object/sign/PRODUCT%20IMAGES%20BUCKET/pre-workout.webp?token=eyJraWQiOiJmZTRiZGQ2Yy0zZDI4LTRhODUtYTc1My1lYjc4NjhlNDU5OGEiLCJhbGciOiJIUzI1NiJ9.eyJ1cmwiOiJQUk9EVUNUIElNQUdFUyBCVUNLRVQvcHJlLXdvcmtvdXQud2VicCIsInNjb3BlIjoiZG93bmxvYWQiLCJpYXQiOjE3ODc2OTc4NzYsImV4cCI6MjEwMzA1Nzg3Nn0.ihbM2ekL_oObnGCa7e3zJl-Ht0xD-R51yaCL7UspbWI,,,,,5 g,5,20,0,1,0,0,0,10,"Use according to the product label. Store in a cool, dry place.",,Check label for allergens.,VAR-125-01,SKU-0160,5 g,5 g,,,active,2549,2855,0,5,TRUE,2026-08-23T23:05:00+05:30,2026-08-23T23:05:00+05:30,1,5 g,workout
PROD-126,NITRAFLEX,nitraflex-gat,GAT,Pre-Workout,Pre-Workout,"Pre-Training Formula for Bigger, Better Workouts*","Pre-Training Formula for Bigger, Better Workouts*",draft,126,Muscle Building,workout,"workout, nitraflex, gat, improve workout products",https://vtiplvmddgjfcruqrvvb.supabase.co/storage/v1/object/sign/PRODUCT%20IMAGES%20BUCKET/pre-workout.webp?token=eyJraWQiOiJmZTRiZGQ2Yy0zZDI4LTRhODUtYTc1My1lYjc4NjhlNDU5OGEiLCJhbGciOiJIUzI1NiJ9.eyJ1cmwiOiJQUk9EVUNUIElNQUdFUyBCVUNLRVQvcHJlLXdvcmtvdXQud2VicCIsInNjb3BlIjoiZG93bmxvYWQiLCJpYXQiOjE3ODc2OTc4NzYsImV4cCI6MjEwMzA1Nzg3Nn0.ihbM2ekL_oObnGCa7e3zJl-Ht0xD-R51yaCL7UspbWI,,,,,5 g,5,20,0,1,0,0,0,10,"Use according to the product label. Store in a cool, dry place.",,Check label for allergens.,VAR-126-01,SKU-0162,5 g,5 g,,,active,2549,2855,0,5,TRUE,2026-08-23T23:05:00+05:30,2026-08-23T23:05:00+05:30,1,5 g,workout
PROD-127,Ghost Legend Pre-Workout,ghost-legend-pre-workout,Ghost Lifestyle,Pre-Workout,Pre-Workout,"250mg caffeine, 4g citrulline, 3.2g beta-alanine. Fully transparent label.","Ghost Legend is a full-disclosure, fully dosed pre-workout with 250mg of caffeine from natural sources, 4g of L-Citrulline for skin-splitting pumps, and 3.2g of CarnoSyn Beta-Alanine for endurance. Featuring unique licensed collaborations, every scoop is built for the Ghost Life.",draft,127,Muscle Building,"Energy,Pump,Endurance,Focus","ghost legend,pre-workout,citrulline,beta alanine,pump,caffeine",https://vtiplvmddgjfcruqrvvb.supabase.co/storage/v1/object/sign/PRODUCT%20IMAGES%20BUCKET/pre-workout.webp?token=eyJraWQiOiJmZTRiZGQ2Yy0zZDI4LTRhODUtYTc1My1lYjc4NjhlNDU5OGEiLCJhbGciOiJIUzI1NiJ9.eyJ1cmwiOiJQUk9EVUNUIElNQUdFUyBCVUNLRVQvcHJlLXdvcmtvdXQud2VicCIsInNjb3BlIjoiZG93bmxvYWQiLCJpYXQiOjE3ODc2OTc4NzYsImV4cCI6MjEwMzA1Nzg3Nn0.ihbM2ekL_oObnGCa7e3zJl-Ht0xD-R51yaCL7UspbWI,,,,,1 Scoop (13.6g),13.6,5,0,0,0,0,0,110,Mix 1 scoop in 300–400ml cold water 15–20 minutes before training.,"L-Citrulline, Beta-Alanine, Natural Caffeine (from Coffee Bean), Alpha-GPC, Taurine, Raw Coconut Water, Noolandz, L-Tyrosine, Natural Flavours, Sucralose",Contains 250mg caffeine. Not suitable for minors or pregnant/nursing women. Assess tolerance before use.,VAR-127-01,GH-LGD-30-SCL,30 servings - Sonic Cherry Limeade,30 servings,Sonic Cherry Limeade,,active,3299,3999,0,5,TRUE,2026-08-23T17:59:48Z,2026-08-23T17:59:48Z,2,30 servings - Sonic Cherry Limeade | 30 servings - Warheads Sour Watermelon,"Energy,Pump,Endurance,Focus"
PROD-127,Ghost Legend Pre-Workout,ghost-legend-pre-workout,Ghost Lifestyle,Pre-Workout,Pre-Workout,"250mg caffeine, 4g citrulline, 3.2g beta-alanine. Fully transparent label.","Ghost Legend is a full-disclosure, fully dosed pre-workout with 250mg of caffeine from natural sources, 4g of L-Citrulline for skin-splitting pumps, and 3.2g of CarnoSyn Beta-Alanine for endurance. Featuring unique licensed collaborations, every scoop is built for the Ghost Life.",draft,127,Muscle Building,"Energy,Pump,Endurance,Focus","ghost legend,pre-workout,citrulline,beta alanine,pump,caffeine",https://vtiplvmddgjfcruqrvvb.supabase.co/storage/v1/object/sign/PRODUCT%20IMAGES%20BUCKET/pre-workout.webp?token=eyJraWQiOiJmZTRiZGQ2Yy0zZDI4LTRhODUtYTc1My1lYjc4NjhlNDU5OGEiLCJhbGciOiJIUzI1NiJ9.eyJ1cmwiOiJQUk9EVUNUIElNQUdFUyBCVUNLRVQvcHJlLXdvcmtvdXQud2VicCIsInNjb3BlIjoiZG93bmxvYWQiLCJpYXQiOjE3ODc2OTc4NzYsImV4cCI6MjEwMzA1Nzg3Nn0.ihbM2ekL_oObnGCa7e3zJl-Ht0xD-R51yaCL7UspbWI,,,,,1 Scoop (13.6g),13.6,5,0,0,0,0,0,110,Mix 1 scoop in 300–400ml cold water 15–20 minutes before training.,"L-Citrulline, Beta-Alanine, Natural Caffeine (from Coffee Bean), Alpha-GPC, Taurine, Raw Coconut Water, Noolandz, L-Tyrosine, Natural Flavours, Sucralose",Contains 250mg caffeine. Not suitable for minors or pregnant/nursing women. Assess tolerance before use.,VAR-127-02,GH-LGD-30-WSW,30 servings - Warheads Sour Watermelon,30 servings,Warheads Sour Watermelon,,active,3299,3999,0,5,FALSE,2026-08-23T17:59:48Z,2026-08-23T17:59:48Z,2,30 servings - Sonic Cherry Limeade | 30 servings - Warheads Sour Watermelon,"Energy,Pump,Endurance,Focus"
PROD-128,Pre JYM,pre-jym-jym-supplement-science,JYM Supplement Science,Pre-Workout,Pre-Workout,Pre-Workout Powder Powerhouse Packed with 13-Hand Picked Ingredients to Support Improved Workouts*,Pre-Workout Powder Powerhouse Packed with 13-Hand Picked Ingredients to Support Improved Workouts*,draft,128,Muscle Building,workout,"workout, pre jym, jym supplement science, improve workout products",https://vtiplvmddgjfcruqrvvb.supabase.co/storage/v1/object/sign/PRODUCT%20IMAGES%20BUCKET/pre-workout.webp?token=eyJraWQiOiJmZTRiZGQ2Yy0zZDI4LTRhODUtYTc1My1lYjc4NjhlNDU5OGEiLCJhbGciOiJIUzI1NiJ9.eyJ1cmwiOiJQUk9EVUNUIElNQUdFUyBCVUNLRVQvcHJlLXdvcmtvdXQud2VicCIsInNjb3BlIjoiZG93bmxvYWQiLCJpYXQiOjE3ODc2OTc4NzYsImV4cCI6MjEwMzA1Nzg3Nn0.ihbM2ekL_oObnGCa7e3zJl-Ht0xD-R51yaCL7UspbWI,,,,,5 g,5,20,0,1,0,0,0,10,"Use according to the product label. Store in a cool, dry place.",,Check label for allergens.,VAR-128-01,SKU-0159,5 g,5 g,,,active,4164,4664,0,5,TRUE,2026-08-23T23:05:00+05:30,2026-08-23T23:05:00+05:30,1,5 g,workout
PROD-129,PRE-KAGED,pre-kaged-kaged-muscle,Kaged Muscle,Pre-Workout,Pre-Workout,Turn Up Your Workout Intensity and Increase Performance with a Revolutionary Workout Primer*,Turn Up Your Workout Intensity and Increase Performance with a Revolutionary Workout Primer*,draft,129,Muscle Building,workout,"workout, pre kaged, kaged muscle, improve workout products",https://vtiplvmddgjfcruqrvvb.supabase.co/storage/v1/object/sign/PRODUCT%20IMAGES%20BUCKET/pre-workout.webp?token=eyJraWQiOiJmZTRiZGQ2Yy0zZDI4LTRhODUtYTc1My1lYjc4NjhlNDU5OGEiLCJhbGciOiJIUzI1NiJ9.eyJ1cmwiOiJQUk9EVUNUIElNQUdFUyBCVUNLRVQvcHJlLXdvcmtvdXQud2VicCIsInNjb3BlIjoiZG93bmxvYWQiLCJpYXQiOjE3ODc2OTc4NzYsImV4cCI6MjEwMzA1Nzg3Nn0.ihbM2ekL_oObnGCa7e3zJl-Ht0xD-R51yaCL7UspbWI,,,,,5 g,5,20,0,1,0,0,0,10,"Use according to the product label. Store in a cool, dry place.",,Check label for allergens.,VAR-129-01,SKU-0161,5 g,5 g,,,active,3229,3616,0,5,TRUE,2026-08-23T23:05:00+05:30,2026-08-23T23:05:00+05:30,1,5 g,workout
PROD-130,CLIF BAR Energy Bar,clif-bar-energy-bar,Clif Bar,Protein Bars & Snacks,Protein,68g carb-rich endurance energy bar made with organic oats and real food ingredients.,"CLIF BAR is the original endurance energy bar, made with organic rolled oats for sustained slow-release energy. Each bar contains a balanced mix of carbohydrates, protein, and fat along with essential vitamins and minerals. Perfect for endurance athletes, cyclists, or hikers needing sustained fuel.",draft,130,"Muscle Building, General Fitness","Endurance,Energy,Carb Loading","clif bar,energy bar,endurance,oats,organic,cyclist",https://vtiplvmddgjfcruqrvvb.supabase.co/storage/v1/object/sign/PRODUCT%20IMAGES%20BUCKET/protein-bars.webp?token=eyJraWQiOiJmZTRiZGQ2Yy0zZDI4LTRhODUtYTc1My1lYjc4NjhlNDU5OGEiLCJhbGciOiJIUzI1NiJ9.eyJ1cmwiOiJQUk9EVUNUIElNQUdFUyBCVUNLRVQvcHJvdGVpbi1iYXJzLndlYnAiLCJzY29wZSI6ImRvd25sb2FkIiwiaWF0IjoxNzg3Njk3OTEwLCJleHAiOjIxMDMwNTc5MTB9.3ui2AZwEINkhZRPcd3MWJ9D5uuELYwWql52WMkGaOyM,,,,,1 Bar (68g),68,250,10,44,6,5,21,150,Consume 1–2 bars 30–60 minutes before or during prolonged physical activity. Drink plenty of water.,"Organic Rolled Oats, Organic Brown Rice Syrup, Soy Protein Isolate, Organic Cane Syrup, Palm Kernel Oil, Organic Oat Fibre, Organic Cane Sugar, Dark Chocolate Chips, Cocoa Powder, Soy Lecithin, Vanilla Extract","Contains wheat, soy, and tree nuts. Manufactured in a facility with peanuts.",VAR-130-01,CLF-EB-12-CC,Box of 12 - Chocolate Chip,12x68g,Chocolate Chip,,active,1999,2399,0,5,TRUE,2026-08-23T17:59:48Z,2026-08-23T17:59:48Z,3,Box of 12 - Chocolate Chip | Box of 12 - Peanut Butter | Single Bar - Chocolate Chip,"Endurance,Energy,Carb Loading"
PROD-130,CLIF BAR Energy Bar,clif-bar-energy-bar,Clif Bar,Protein Bars & Snacks,Protein,68g carb-rich endurance energy bar made with organic oats and real food ingredients.,"CLIF BAR is the original endurance energy bar, made with organic rolled oats for sustained slow-release energy. Each bar contains a balanced mix of carbohydrates, protein, and fat along with essential vitamins and minerals. Perfect for endurance athletes, cyclists, or hikers needing sustained fuel.",draft,130,"Muscle Building, General Fitness","Endurance,Energy,Carb Loading","clif bar,energy bar,endurance,oats,organic,cyclist",https://vtiplvmddgjfcruqrvvb.supabase.co/storage/v1/object/sign/PRODUCT%20IMAGES%20BUCKET/protein-bars.webp?token=eyJraWQiOiJmZTRiZGQ2Yy0zZDI4LTRhODUtYTc1My1lYjc4NjhlNDU5OGEiLCJhbGciOiJIUzI1NiJ9.eyJ1cmwiOiJQUk9EVUNUIElNQUdFUyBCVUNLRVQvcHJvdGVpbi1iYXJzLndlYnAiLCJzY29wZSI6ImRvd25sb2FkIiwiaWF0IjoxNzg3Njk3OTEwLCJleHAiOjIxMDMwNTc5MTB9.3ui2AZwEINkhZRPcd3MWJ9D5uuELYwWql52WMkGaOyM,,,,,1 Bar (68g),68,250,10,44,6,5,21,150,Consume 1–2 bars 30–60 minutes before or during prolonged physical activity. Drink plenty of water.,"Organic Rolled Oats, Organic Brown Rice Syrup, Soy Protein Isolate, Organic Cane Syrup, Palm Kernel Oil, Organic Oat Fibre, Organic Cane Sugar, Dark Chocolate Chips, Cocoa Powder, Soy Lecithin, Vanilla Extract","Contains wheat, soy, and tree nuts. Manufactured in a facility with peanuts.",VAR-130-02,CLF-EB-12-PB,Box of 12 - Peanut Butter,12x68g,Peanut Butter,,active,1999,2399,0,5,FALSE,2026-08-23T17:59:48Z,2026-08-23T17:59:48Z,3,Box of 12 - Chocolate Chip | Box of 12 - Peanut Butter | Single Bar - Chocolate Chip,"Endurance,Energy,Carb Loading"
PROD-130,CLIF BAR Energy Bar,clif-bar-energy-bar,Clif Bar,Protein Bars & Snacks,Protein,68g carb-rich endurance energy bar made with organic oats and real food ingredients.,"CLIF BAR is the original endurance energy bar, made with organic rolled oats for sustained slow-release energy. Each bar contains a balanced mix of carbohydrates, protein, and fat along with essential vitamins and minerals. Perfect for endurance athletes, cyclists, or hikers needing sustained fuel.",draft,130,"Muscle Building, General Fitness","Endurance,Energy,Carb Loading","clif bar,energy bar,endurance,oats,organic,cyclist",https://vtiplvmddgjfcruqrvvb.supabase.co/storage/v1/object/sign/PRODUCT%20IMAGES%20BUCKET/protein-bars.webp?token=eyJraWQiOiJmZTRiZGQ2Yy0zZDI4LTRhODUtYTc1My1lYjc4NjhlNDU5OGEiLCJhbGciOiJIUzI1NiJ9.eyJ1cmwiOiJQUk9EVUNUIElNQUdFUyBCVUNLRVQvcHJvdGVpbi1iYXJzLndlYnAiLCJzY29wZSI6ImRvd25sb2FkIiwiaWF0IjoxNzg3Njk3OTEwLCJleHAiOjIxMDMwNTc5MTB9.3ui2AZwEINkhZRPcd3MWJ9D5uuELYwWql52WMkGaOyM,,,,,1 Bar (68g),68,250,10,44,6,5,21,150,Consume 1–2 bars 30–60 minutes before or during prolonged physical activity. Drink plenty of water.,"Organic Rolled Oats, Organic Brown Rice Syrup, Soy Protein Isolate, Organic Cane Syrup, Palm Kernel Oil, Organic Oat Fibre, Organic Cane Sugar, Dark Chocolate Chips, Cocoa Powder, Soy Lecithin, Vanilla Extract","Contains wheat, soy, and tree nuts. Manufactured in a facility with peanuts.",VAR-130-03,CLF-EB-68-CC,Single Bar - Chocolate Chip,68g,Chocolate Chip,,active,199,249,0,5,FALSE,2026-08-23T17:59:48Z,2026-08-23T17:59:48Z,3,Box of 12 - Chocolate Chip | Box of 12 - Peanut Butter | Single Bar - Chocolate Chip,"Endurance,Energy,Carb Loading"
PROD-131,Halo Top Protein Ice Cream,halo-top-protein-ice-cream,Halo Top,Protein Bars & Snacks,Protein,"20g protein, only 280 calories per pint. The entire pint you can eat guilt-free.",Halo Top is the revolutionary protein ice cream that's changed the dessert game. Each pint contains a full 20g of protein and only 280 calories total — meaning you can eat the entire pint without guilt. Made with erythritol and stevia for sweetness with minimal sugar impact. Available in 20+ flavours.,draft,131,"Muscle Building, General Fitness","Protein Snack,Low Calorie,Healthy Indulgence,Dessert","halo top,protein ice cream,low calorie,high protein dessert,guilt free",https://vtiplvmddgjfcruqrvvb.supabase.co/storage/v1/object/sign/PRODUCT%20IMAGES%20BUCKET/protein-bars.webp?token=eyJraWQiOiJmZTRiZGQ2Yy0zZDI4LTRhODUtYTc1My1lYjc4NjhlNDU5OGEiLCJhbGciOiJIUzI1NiJ9.eyJ1cmwiOiJQUk9EVUNUIElNQUdFUyBCVUNLRVQvcHJvdGVpbi1iYXJzLndlYnAiLCJzY29wZSI6ImRvd25sb2FkIiwiaWF0IjoxNzg3Njk3OTEwLCJleHAiOjIxMDMwNTc5MTB9.3ui2AZwEINkhZRPcd3MWJ9D5uuELYwWql52WMkGaOyM,,,,,½ cup (65g),65,70,5,7,2.5,0.5,2,100,Serve directly from freezer. Let sit for 5–10 minutes to reach optimal scoopable texture.,"Skim Milk, Eggs, Erythritol, Cream, Prebiotic Fibre (Soluble Corn Fibre), Milk Protein Concentrate, Cocoa Powder, Vegetable Glycerin, Stevia, Natural Flavour",Contains milk and eggs. Not for lactose-intolerant individuals.,VAR-131-01,HT-PIC-473-CHO,473ml Pint - Chocolate,473ml,Chocolate,,active,799,999,0,5,TRUE,2026-08-23T17:59:48Z,2026-08-23T17:59:48Z,3,473ml Pint - Chocolate | 473ml Pint - Strawberry | 473ml Pint - Vanilla,"Protein Snack,Low Calorie,Healthy Indulgence,Dessert"
PROD-131,Halo Top Protein Ice Cream,halo-top-protein-ice-cream,Halo Top,Protein Bars & Snacks,Protein,"20g protein, only 280 calories per pint. The entire pint you can eat guilt-free.",Halo Top is the revolutionary protein ice cream that's changed the dessert game. Each pint contains a full 20g of protein and only 280 calories total — meaning you can eat the entire pint without guilt. Made with erythritol and stevia for sweetness with minimal sugar impact. Available in 20+ flavours.,draft,131,"Muscle Building, General Fitness","Protein Snack,Low Calorie,Healthy Indulgence,Dessert","halo top,protein ice cream,low calorie,high protein dessert,guilt free",https://vtiplvmddgjfcruqrvvb.supabase.co/storage/v1/object/sign/PRODUCT%20IMAGES%20BUCKET/protein-bars.webp?token=eyJraWQiOiJmZTRiZGQ2Yy0zZDI4LTRhODUtYTc1My1lYjc4NjhlNDU5OGEiLCJhbGciOiJIUzI1NiJ9.eyJ1cmwiOiJQUk9EVUNUIElNQUdFUyBCVUNLRVQvcHJvdGVpbi1iYXJzLndlYnAiLCJzY29wZSI6ImRvd25sb2FkIiwiaWF0IjoxNzg3Njk3OTEwLCJleHAiOjIxMDMwNTc5MTB9.3ui2AZwEINkhZRPcd3MWJ9D5uuELYwWql52WMkGaOyM,,,,,½ cup (65g),65,70,5,7,2.5,0.5,2,100,Serve directly from freezer. Let sit for 5–10 minutes to reach optimal scoopable texture.,"Skim Milk, Eggs, Erythritol, Cream, Prebiotic Fibre (Soluble Corn Fibre), Milk Protein Concentrate, Cocoa Powder, Vegetable Glycerin, Stevia, Natural Flavour",Contains milk and eggs. Not for lactose-intolerant individuals.,VAR-131-02,HT-PIC-473-STR,473ml Pint - Strawberry,473ml,Strawberry,,active,799,999,0,5,FALSE,2026-08-23T17:59:48Z,2026-08-23T17:59:48Z,3,473ml Pint - Chocolate | 473ml Pint - Strawberry | 473ml Pint - Vanilla,"Protein Snack,Low Calorie,Healthy Indulgence,Dessert"
PROD-131,Halo Top Protein Ice Cream,halo-top-protein-ice-cream,Halo Top,Protein Bars & Snacks,Protein,"20g protein, only 280 calories per pint. The entire pint you can eat guilt-free.",Halo Top is the revolutionary protein ice cream that's changed the dessert game. Each pint contains a full 20g of protein and only 280 calories total — meaning you can eat the entire pint without guilt. Made with erythritol and stevia for sweetness with minimal sugar impact. Available in 20+ flavours.,draft,131,"Muscle Building, General Fitness","Protein Snack,Low Calorie,Healthy Indulgence,Dessert","halo top,protein ice cream,low calorie,high protein dessert,guilt free",https://vtiplvmddgjfcruqrvvb.supabase.co/storage/v1/object/sign/PRODUCT%20IMAGES%20BUCKET/protein-bars.webp?token=eyJraWQiOiJmZTRiZGQ2Yy0zZDI4LTRhODUtYTc1My1lYjc4NjhlNDU5OGEiLCJhbGciOiJIUzI1NiJ9.eyJ1cmwiOiJQUk9EVUNUIElNQUdFUyBCVUNLRVQvcHJvdGVpbi1iYXJzLndlYnAiLCJzY29wZSI6ImRvd25sb2FkIiwiaWF0IjoxNzg3Njk3OTEwLCJleHAiOjIxMDMwNTc5MTB9.3ui2AZwEINkhZRPcd3MWJ9D5uuELYwWql52WMkGaOyM,,,,,½ cup (65g),65,70,5,7,2.5,0.5,2,100,Serve directly from freezer. Let sit for 5–10 minutes to reach optimal scoopable texture.,"Skim Milk, Eggs, Erythritol, Cream, Prebiotic Fibre (Soluble Corn Fibre), Milk Protein Concentrate, Cocoa Powder, Vegetable Glycerin, Stevia, Natural Flavour",Contains milk and eggs. Not for lactose-intolerant individuals.,VAR-131-03,HT-PIC-473-VAN,473ml Pint - Vanilla,473ml,Vanilla,,active,799,999,0,5,FALSE,2026-08-23T17:59:48Z,2026-08-23T17:59:48Z,3,473ml Pint - Chocolate | 473ml Pint - Strawberry | 473ml Pint - Vanilla,"Protein Snack,Low Calorie,Healthy Indulgence,Dessert"
PROD-132,MuscleBlaze Hi-Protein Bar,muscleblaze-hi-protein-bar,MuscleBlaze,Protein Bars & Snacks,Protein,27g protein and just 3g sugar per bar. India's highest protein bar.,"MuscleBlaze Hi-Protein Bar packs an impressive 27g of protein with only 3g of sugar, making it one of the highest-protein bars available in India. Made with real dark chocolate and a satisfying chewy texture, it's the ideal post-workout recovery snack or healthy indulgence.",draft,132,"Muscle Building, General Fitness","Protein Snack,Recovery,Muscle Building","muscleblaze protein bar,high protein,low sugar,dark chocolate",https://vtiplvmddgjfcruqrvvb.supabase.co/storage/v1/object/sign/PRODUCT%20IMAGES%20BUCKET/protein-bars.webp?token=eyJraWQiOiJmZTRiZGQ2Yy0zZDI4LTRhODUtYTc1My1lYjc4NjhlNDU5OGEiLCJhbGciOiJIUzI1NiJ9.eyJ1cmwiOiJQUk9EVUNUIElNQUdFUyBCVUNLRVQvcHJvdGVpbi1iYXJzLndlYnAiLCJzY29wZSI6ImRvd25sb2FkIiwiaWF0IjoxNzg3Njk3OTEwLCJleHAiOjIxMDMwNTc5MTB9.3ui2AZwEINkhZRPcd3MWJ9D5uuELYwWql52WMkGaOyM,,,,,1 Bar (100g),100,320,27,29,11,3,3,250,Eat 1 bar post-workout or as an in-between meal snack.,"Protein Blend (Whey Protein Isolate, Milk Protein), Rice Syrup, Dark Chocolate (Cocoa Mass, Cocoa Butter, Sweetener), Peanut Butter, Almonds, Glycerin, Sunflower Oil, Soy Lecithin","Contains milk, soy, peanuts, and tree nuts. Keep in a cool, dry place.",VAR-132-01,MB-HPB-1-DC,Pack of 1 - Dark Chocolate,100g,Dark Chocolate,,active,149,199,0,5,TRUE,2026-08-23T17:59:48Z,2026-08-23T17:59:48Z,3,Pack of 1 - Dark Chocolate | Pack of 6 - Dark Chocolate | Pack of 6 - Peanut Butter,"Protein Snack,Recovery,Muscle Building"
PROD-132,MuscleBlaze Hi-Protein Bar,muscleblaze-hi-protein-bar,MuscleBlaze,Protein Bars & Snacks,Protein,27g protein and just 3g sugar per bar. India's highest protein bar.,"MuscleBlaze Hi-Protein Bar packs an impressive 27g of protein with only 3g of sugar, making it one of the highest-protein bars available in India. Made with real dark chocolate and a satisfying chewy texture, it's the ideal post-workout recovery snack or healthy indulgence.",draft,132,"Muscle Building, General Fitness","Protein Snack,Recovery,Muscle Building","muscleblaze protein bar,high protein,low sugar,dark chocolate",https://vtiplvmddgjfcruqrvvb.supabase.co/storage/v1/object/sign/PRODUCT%20IMAGES%20BUCKET/protein-bars.webp?token=eyJraWQiOiJmZTRiZGQ2Yy0zZDI4LTRhODUtYTc1My1lYjc4NjhlNDU5OGEiLCJhbGciOiJIUzI1NiJ9.eyJ1cmwiOiJQUk9EVUNUIElNQUdFUyBCVUNLRVQvcHJvdGVpbi1iYXJzLndlYnAiLCJzY29wZSI6ImRvd25sb2FkIiwiaWF0IjoxNzg3Njk3OTEwLCJleHAiOjIxMDMwNTc5MTB9.3ui2AZwEINkhZRPcd3MWJ9D5uuELYwWql52WMkGaOyM,,,,,1 Bar (100g),100,320,27,29,11,3,3,250,Eat 1 bar post-workout or as an in-between meal snack.,"Protein Blend (Whey Protein Isolate, Milk Protein), Rice Syrup, Dark Chocolate (Cocoa Mass, Cocoa Butter, Sweetener), Peanut Butter, Almonds, Glycerin, Sunflower Oil, Soy Lecithin","Contains milk, soy, peanuts, and tree nuts. Keep in a cool, dry place.",VAR-132-02,MB-HPB-6-DC,Pack of 6 - Dark Chocolate,6x100g,Dark Chocolate,,active,799,999,0,5,FALSE,2026-08-23T17:59:48Z,2026-08-23T17:59:48Z,3,Pack of 1 - Dark Chocolate | Pack of 6 - Dark Chocolate | Pack of 6 - Peanut Butter,"Protein Snack,Recovery,Muscle Building"
PROD-132,MuscleBlaze Hi-Protein Bar,muscleblaze-hi-protein-bar,MuscleBlaze,Protein Bars & Snacks,Protein,27g protein and just 3g sugar per bar. India's highest protein bar.,"MuscleBlaze Hi-Protein Bar packs an impressive 27g of protein with only 3g of sugar, making it one of the highest-protein bars available in India. Made with real dark chocolate and a satisfying chewy texture, it's the ideal post-workout recovery snack or healthy indulgence.",draft,132,"Muscle Building, General Fitness","Protein Snack,Recovery,Muscle Building","muscleblaze protein bar,high protein,low sugar,dark chocolate",https://vtiplvmddgjfcruqrvvb.supabase.co/storage/v1/object/sign/PRODUCT%20IMAGES%20BUCKET/protein-bars.webp?token=eyJraWQiOiJmZTRiZGQ2Yy0zZDI4LTRhODUtYTc1My1lYjc4NjhlNDU5OGEiLCJhbGciOiJIUzI1NiJ9.eyJ1cmwiOiJQUk9EVUNUIElNQUdFUyBCVUNLRVQvcHJvdGVpbi1iYXJzLndlYnAiLCJzY29wZSI6ImRvd25sb2FkIiwiaWF0IjoxNzg3Njk3OTEwLCJleHAiOjIxMDMwNTc5MTB9.3ui2AZwEINkhZRPcd3MWJ9D5uuELYwWql52WMkGaOyM,,,,,1 Bar (100g),100,320,27,29,11,3,3,250,Eat 1 bar post-workout or as an in-between meal snack.,"Protein Blend (Whey Protein Isolate, Milk Protein), Rice Syrup, Dark Chocolate (Cocoa Mass, Cocoa Butter, Sweetener), Peanut Butter, Almonds, Glycerin, Sunflower Oil, Soy Lecithin","Contains milk, soy, peanuts, and tree nuts. Keep in a cool, dry place.",VAR-132-03,MB-HPB-6-PB,Pack of 6 - Peanut Butter,6x100g,Peanut Butter,,active,799,999,0,5,FALSE,2026-08-23T17:59:48Z,2026-08-23T17:59:48Z,3,Pack of 1 - Dark Chocolate | Pack of 6 - Dark Chocolate | Pack of 6 - Peanut Butter,"Protein Snack,Recovery,Muscle Building"
PROD-133,No Whey! Vegan Chocolate Truffle Bar,no-whey-vegan-chocolate-truffle-bar,No Whey! Foods,Protein Bars & Snacks,Protein,"Completely dairy-free, gluten-free, peanut-free vegan chocolate bar. 8g protein.","No Whey! Foods makes allergen-friendly vegan protein bars safe for people with multiple food allergies. Dairy-free, gluten-free, peanut-free, and tree-nut-free, these chocolate truffle bars provide 8g of plant protein and rich chocolate flavour without any of the common allergens.",draft,133,"Muscle Building, General Fitness","Vegan,Allergen-Friendly,Protein Snack","vegan protein bar,no whey,dairy free,gluten free,allergen friendly,chocolate",https://vtiplvmddgjfcruqrvvb.supabase.co/storage/v1/object/sign/PRODUCT%20IMAGES%20BUCKET/protein-bars.webp?token=eyJraWQiOiJmZTRiZGQ2Yy0zZDI4LTRhODUtYTc1My1lYjc4NjhlNDU5OGEiLCJhbGciOiJIUzI1NiJ9.eyJ1cmwiOiJQUk9EVUNUIElNQUdFUyBCVUNLRVQvcHJvdGVpbi1iYXJzLndlYnAiLCJzY29wZSI6ImRvd25sb2FkIiwiaWF0IjoxNzg3Njk3OTEwLCJleHAiOjIxMDMwNTc5MTB9.3ui2AZwEINkhZRPcd3MWJ9D5uuELYwWql52WMkGaOyM,,,,,1 Bar (45g),45,190,8,23,9,5,10,90,Enjoy as a snack. Store at room temperature away from direct sunlight.,"Rice Protein, Pea Protein, Dark Chocolate (Cocoa Mass, Cane Sugar, Cocoa Butter), Brown Rice Syrup, Cocoa Powder, Coconut Sugar, Vanilla Extract","Free from dairy, gluten, peanuts, and tree nuts. Produced in a dedicated allergen-free facility.",VAR-133-01,NW-VPB-10-DC,Box of 10,10x45g,Dark Chocolate,,active,1999,2399,0,5,TRUE,2026-08-23T17:59:48Z,2026-08-23T17:59:48Z,2,Box of 10 | Single Bar,"Vegan,Allergen-Friendly,Protein Snack"
PROD-133,No Whey! Vegan Chocolate Truffle Bar,no-whey-vegan-chocolate-truffle-bar,No Whey! Foods,Protein Bars & Snacks,Protein,"Completely dairy-free, gluten-free, peanut-free vegan chocolate bar. 8g protein.","No Whey! Foods makes allergen-friendly vegan protein bars safe for people with multiple food allergies. Dairy-free, gluten-free, peanut-free, and tree-nut-free, these chocolate truffle bars provide 8g of plant protein and rich chocolate flavour without any of the common allergens.",draft,133,"Muscle Building, General Fitness","Vegan,Allergen-Friendly,Protein Snack","vegan protein bar,no whey,dairy free,gluten free,allergen friendly,chocolate",https://vtiplvmddgjfcruqrvvb.supabase.co/storage/v1/object/sign/PRODUCT%20IMAGES%20BUCKET/protein-bars.webp?token=eyJraWQiOiJmZTRiZGQ2Yy0zZDI4LTRhODUtYTc1My1lYjc4NjhlNDU5OGEiLCJhbGciOiJIUzI1NiJ9.eyJ1cmwiOiJQUk9EVUNUIElNQUdFUyBCVUNLRVQvcHJvdGVpbi1iYXJzLndlYnAiLCJzY29wZSI6ImRvd25sb2FkIiwiaWF0IjoxNzg3Njk3OTEwLCJleHAiOjIxMDMwNTc5MTB9.3ui2AZwEINkhZRPcd3MWJ9D5uuELYwWql52WMkGaOyM,,,,,1 Bar (45g),45,190,8,23,9,5,10,90,Enjoy as a snack. Store at room temperature away from direct sunlight.,"Rice Protein, Pea Protein, Dark Chocolate (Cocoa Mass, Cane Sugar, Cocoa Butter), Brown Rice Syrup, Cocoa Powder, Coconut Sugar, Vanilla Extract","Free from dairy, gluten, peanuts, and tree nuts. Produced in a dedicated allergen-free facility.",VAR-133-02,NW-VPB-1-DC,Single Bar,45g,Dark Chocolate,,active,229,279,0,5,FALSE,2026-08-23T17:59:48Z,2026-08-23T17:59:48Z,2,Box of 10 | Single Bar,"Vegan,Allergen-Friendly,Protein Snack"
PROD-134,PhD Smart Bar Protein Bar,phd-smart-bar-protein-bar,PhD Nutrition,Protein Bars & Snacks,Protein,20g protein with a real chocolate coating and wafer crunch. Only 221 calories.,PhD Smart Bar combines 20g of protein from a multi-source protein blend with a light wafer crunch and premium chocolate coating — all in just 221 calories. No artificial colours or flavours. One of the most indulgent-tasting protein bars on the market without compromising on macros.,draft,134,"Muscle Building, General Fitness","Protein Snack,Recovery,On-the-go,Healthy Indulgence","phd smart bar,protein bar,wafer,chocolate,low calorie,uk brand",https://vtiplvmddgjfcruqrvvb.supabase.co/storage/v1/object/sign/PRODUCT%20IMAGES%20BUCKET/protein-bars.webp?token=eyJraWQiOiJmZTRiZGQ2Yy0zZDI4LTRhODUtYTc1My1lYjc4NjhlNDU5OGEiLCJhbGciOiJIUzI1NiJ9.eyJ1cmwiOiJQUk9EVUNUIElNQUdFUyBCVUNLRVQvcHJvdGVpbi1iYXJzLndlYnAiLCJzY29wZSI6ImRvd25sb2FkIiwiaWF0IjoxNzg3Njk3OTEwLCJleHAiOjIxMDMwNTc5MTB9.3ui2AZwEINkhZRPcd3MWJ9D5uuELYwWql52WMkGaOyM,,,,,1 Bar (64g),64,221,20,21,7,4,5,200,Consume as a snack post-workout or whenever you need a high-protein treat.,"Milk Chocolate Compound, Protein Blend (Whey Protein Concentrate, Milk Protein Concentrate), Wafer (Wheat Flour, Sugar, Palm Oil), Glycerin, Sunflower Oil, Cocoa Butter, Natural Flavour","Contains milk, wheat, and soy. May contain peanuts and tree nuts.",VAR-134-01,PHD-SB-12-CC,Box of 12 - Chocolate Cookie,12x64g,Chocolate Cookie,,active,1899,2299,0,5,TRUE,2026-08-23T17:59:48Z,2026-08-23T17:59:48Z,3,Box of 12 - Chocolate Cookie | Single Bar - Caramel | Single Bar - Chocolate Cookie,"Protein Snack,Recovery,On-the-go,Healthy Indulgence"
PROD-134,PhD Smart Bar Protein Bar,phd-smart-bar-protein-bar,PhD Nutrition,Protein Bars & Snacks,Protein,20g protein with a real chocolate coating and wafer crunch. Only 221 calories.,PhD Smart Bar combines 20g of protein from a multi-source protein blend with a light wafer crunch and premium chocolate coating — all in just 221 calories. No artificial colours or flavours. One of the most indulgent-tasting protein bars on the market without compromising on macros.,draft,134,"Muscle Building, General Fitness","Protein Snack,Recovery,On-the-go,Healthy Indulgence","phd smart bar,protein bar,wafer,chocolate,low calorie,uk brand",https://vtiplvmddgjfcruqrvvb.supabase.co/storage/v1/object/sign/PRODUCT%20IMAGES%20BUCKET/protein-bars.webp?token=eyJraWQiOiJmZTRiZGQ2Yy0zZDI4LTRhODUtYTc1My1lYjc4NjhlNDU5OGEiLCJhbGciOiJIUzI1NiJ9.eyJ1cmwiOiJQUk9EVUNUIElNQUdFUyBCVUNLRVQvcHJvdGVpbi1iYXJzLndlYnAiLCJzY29wZSI6ImRvd25sb2FkIiwiaWF0IjoxNzg3Njk3OTEwLCJleHAiOjIxMDMwNTc5MTB9.3ui2AZwEINkhZRPcd3MWJ9D5uuELYwWql52WMkGaOyM,,,,,1 Bar (64g),64,221,20,21,7,4,5,200,Consume as a snack post-workout or whenever you need a high-protein treat.,"Milk Chocolate Compound, Protein Blend (Whey Protein Concentrate, Milk Protein Concentrate), Wafer (Wheat Flour, Sugar, Palm Oil), Glycerin, Sunflower Oil, Cocoa Butter, Natural Flavour","Contains milk, wheat, and soy. May contain peanuts and tree nuts.",VAR-134-02,PHD-SB-1-CAR,Single Bar - Caramel,64g,Caramel,,active,179,219,0,5,FALSE,2026-08-23T17:59:48Z,2026-08-23T17:59:48Z,3,Box of 12 - Chocolate Cookie | Single Bar - Caramel | Single Bar - Chocolate Cookie,"Protein Snack,Recovery,On-the-go,Healthy Indulgence"
PROD-134,PhD Smart Bar Protein Bar,phd-smart-bar-protein-bar,PhD Nutrition,Protein Bars & Snacks,Protein,20g protein with a real chocolate coating and wafer crunch. Only 221 calories.,PhD Smart Bar combines 20g of protein from a multi-source protein blend with a light wafer crunch and premium chocolate coating — all in just 221 calories. No artificial colours or flavours. One of the most indulgent-tasting protein bars on the market without compromising on macros.,draft,134,"Muscle Building, General Fitness","Protein Snack,Recovery,On-the-go,Healthy Indulgence","phd smart bar,protein bar,wafer,chocolate,low calorie,uk brand",https://vtiplvmddgjfcruqrvvb.supabase.co/storage/v1/object/sign/PRODUCT%20IMAGES%20BUCKET/protein-bars.webp?token=eyJraWQiOiJmZTRiZGQ2Yy0zZDI4LTRhODUtYTc1My1lYjc4NjhlNDU5OGEiLCJhbGciOiJIUzI1NiJ9.eyJ1cmwiOiJQUk9EVUNUIElNQUdFUyBCVUNLRVQvcHJvdGVpbi1iYXJzLndlYnAiLCJzY29wZSI6ImRvd25sb2FkIiwiaWF0IjoxNzg3Njk3OTEwLCJleHAiOjIxMDMwNTc5MTB9.3ui2AZwEINkhZRPcd3MWJ9D5uuELYwWql52WMkGaOyM,,,,,1 Bar (64g),64,221,20,21,7,4,5,200,Consume as a snack post-workout or whenever you need a high-protein treat.,"Milk Chocolate Compound, Protein Blend (Whey Protein Concentrate, Milk Protein Concentrate), Wafer (Wheat Flour, Sugar, Palm Oil), Glycerin, Sunflower Oil, Cocoa Butter, Natural Flavour","Contains milk, wheat, and soy. May contain peanuts and tree nuts.",VAR-134-03,PHD-SB-1-CC,Single Bar - Chocolate Cookie,64g,Chocolate Cookie,,active,179,219,0,5,FALSE,2026-08-23T17:59:48Z,2026-08-23T17:59:48Z,3,Box of 12 - Chocolate Cookie | Single Bar - Caramel | Single Bar - Chocolate Cookie,"Protein Snack,Recovery,On-the-go,Healthy Indulgence"
PROD-135,Quest Nutrition Tortilla Style Protein Chips,quest-nutrition-tortilla-style-protein-chips,Quest Nutrition,Protein Bars & Snacks,Protein,19g protein and only 4g net carbs per bag of chips. Baked not fried.,"Quest Protein Chips are the guilt-free answer to chip cravings, delivering 19g of protein and just 4g of net carbs per bag. Made from protein dough (not potato) and baked rather than fried, they achieve a satisfying crunch with a genuinely high protein content. A breakthrough in macro-friendly snacking.",draft,135,"Muscle Building, General Fitness","Protein Snack,Low Carb,Keto Friendly,On-the-go","quest chips,protein chips,low carb,keto snack,high protein chips",https://vtiplvmddgjfcruqrvvb.supabase.co/storage/v1/object/sign/PRODUCT%20IMAGES%20BUCKET/protein-bars.webp?token=eyJraWQiOiJmZTRiZGQ2Yy0zZDI4LTRhODUtYTc1My1lYjc4NjhlNDU5OGEiLCJhbGciOiJIUzI1NiJ9.eyJ1cmwiOiJQUk9EVUNUIElNQUdFUyBCVUNLRVQvcHJvdGVpbi1iYXJzLndlYnAiLCJzY29wZSI6ImRvd25sb2FkIiwiaWF0IjoxNzg3Njk3OTEwLCJleHAiOjIxMDMwNTc5MTB9.3ui2AZwEINkhZRPcd3MWJ9D5uuELYwWql52WMkGaOyM,,,,,1 Bag (32g),32,140,19,5,5,1,0,350,Enjoy straight from the bag as a snack anytime.,"Protein Blend (Whey Protein Isolate, Milk Protein Isolate), Tapioca Starch, Tomato Powder, Cheddar Cheese Powder, Whey Protein Concentrate, Salt, Spice Blend, Sunflower Oil",Contains milk and soy. Not for children under 4.,VAR-135-01,QST-PCH-8-NC,Box of 8 - Nacho Cheese,8x32g,Nacho Cheese,,active,1499,1799,0,5,TRUE,2026-08-23T17:59:48Z,2026-08-23T17:59:48Z,3,Box of 8 - Nacho Cheese | Single Bag - BBQ | Single Bag - Nacho Cheese,"Protein Snack,Low Carb,Keto Friendly,On-the-go"
PROD-135,Quest Nutrition Tortilla Style Protein Chips,quest-nutrition-tortilla-style-protein-chips,Quest Nutrition,Protein Bars & Snacks,Protein,19g protein and only 4g net carbs per bag of chips. Baked not fried.,"Quest Protein Chips are the guilt-free answer to chip cravings, delivering 19g of protein and just 4g of net carbs per bag. Made from protein dough (not potato) and baked rather than fried, they achieve a satisfying crunch with a genuinely high protein content. A breakthrough in macro-friendly snacking.",draft,135,"Muscle Building, General Fitness","Protein Snack,Low Carb,Keto Friendly,On-the-go","quest chips,protein chips,low carb,keto snack,high protein chips",https://vtiplvmddgjfcruqrvvb.supabase.co/storage/v1/object/sign/PRODUCT%20IMAGES%20BUCKET/protein-bars.webp?token=eyJraWQiOiJmZTRiZGQ2Yy0zZDI4LTRhODUtYTc1My1lYjc4NjhlNDU5OGEiLCJhbGciOiJIUzI1NiJ9.eyJ1cmwiOiJQUk9EVUNUIElNQUdFUyBCVUNLRVQvcHJvdGVpbi1iYXJzLndlYnAiLCJzY29wZSI6ImRvd25sb2FkIiwiaWF0IjoxNzg3Njk3OTEwLCJleHAiOjIxMDMwNTc5MTB9.3ui2AZwEINkhZRPcd3MWJ9D5uuELYwWql52WMkGaOyM,,,,,1 Bag (32g),32,140,19,5,5,1,0,350,Enjoy straight from the bag as a snack anytime.,"Protein Blend (Whey Protein Isolate, Milk Protein Isolate), Tapioca Starch, Tomato Powder, Cheddar Cheese Powder, Whey Protein Concentrate, Salt, Spice Blend, Sunflower Oil",Contains milk and soy. Not for children under 4.,VAR-135-02,QST-PCH-1-BBQ,Single Bag - BBQ,32g,BBQ,,active,199,249,0,5,FALSE,2026-08-23T17:59:48Z,2026-08-23T17:59:48Z,3,Box of 8 - Nacho Cheese | Single Bag - BBQ | Single Bag - Nacho Cheese,"Protein Snack,Low Carb,Keto Friendly,On-the-go"
PROD-135,Quest Nutrition Tortilla Style Protein Chips,quest-nutrition-tortilla-style-protein-chips,Quest Nutrition,Protein Bars & Snacks,Protein,19g protein and only 4g net carbs per bag of chips. Baked not fried.,"Quest Protein Chips are the guilt-free answer to chip cravings, delivering 19g of protein and just 4g of net carbs per bag. Made from protein dough (not potato) and baked rather than fried, they achieve a satisfying crunch with a genuinely high protein content. A breakthrough in macro-friendly snacking.",draft,135,"Muscle Building, General Fitness","Protein Snack,Low Carb,Keto Friendly,On-the-go","quest chips,protein chips,low carb,keto snack,high protein chips",https://vtiplvmddgjfcruqrvvb.supabase.co/storage/v1/object/sign/PRODUCT%20IMAGES%20BUCKET/protein-bars.webp?token=eyJraWQiOiJmZTRiZGQ2Yy0zZDI4LTRhODUtYTc1My1lYjc4NjhlNDU5OGEiLCJhbGciOiJIUzI1NiJ9.eyJ1cmwiOiJQUk9EVUNUIElNQUdFUyBCVUNLRVQvcHJvdGVpbi1iYXJzLndlYnAiLCJzY29wZSI6ImRvd25sb2FkIiwiaWF0IjoxNzg3Njk3OTEwLCJleHAiOjIxMDMwNTc5MTB9.3ui2AZwEINkhZRPcd3MWJ9D5uuELYwWql52WMkGaOyM,,,,,1 Bag (32g),32,140,19,5,5,1,0,350,Enjoy straight from the bag as a snack anytime.,"Protein Blend (Whey Protein Isolate, Milk Protein Isolate), Tapioca Starch, Tomato Powder, Cheddar Cheese Powder, Whey Protein Concentrate, Salt, Spice Blend, Sunflower Oil",Contains milk and soy. Not for children under 4.,VAR-135-03,QST-PCH-1-NC,Single Bag - Nacho Cheese,32g,Nacho Cheese,,active,199,249,0,5,FALSE,2026-08-23T17:59:48Z,2026-08-23T17:59:48Z,3,Box of 8 - Nacho Cheese | Single Bag - BBQ | Single Bag - Nacho Cheese,"Protein Snack,Low Carb,Keto Friendly,On-the-go"
PROD-136,RiteBite Max Protein Bar,ritebite-max-protein-bar,RiteBite,Protein Bars & Snacks,Protein,"20g protein, high-fibre, low-sugar protein bar. Made in India for Indian consumers.","RiteBite Max Protein Bar is one of India's most popular protein snacks with 20g of protein per bar, high fibre for satiety, and a low sugar profile. Available in multiple flavours, it's ideal as a post-workout snack or a healthy meal replacement on the go.",draft,136,"Muscle Building, General Fitness","Protein Snack,On-the-go,Muscle Building","protein bar,ritebite,india,high protein,low sugar",https://vtiplvmddgjfcruqrvvb.supabase.co/storage/v1/object/sign/PRODUCT%20IMAGES%20BUCKET/protein-bars.webp?token=eyJraWQiOiJmZTRiZGQ2Yy0zZDI4LTRhODUtYTc1My1lYjc4NjhlNDU5OGEiLCJhbGciOiJIUzI1NiJ9.eyJ1cmwiOiJQUk9EVUNUIElNQUdFUyBCVUNLRVQvcHJvdGVpbi1iYXJzLndlYnAiLCJzY29wZSI6ImRvd25sb2FkIiwiaWF0IjoxNzg3Njk3OTEwLCJleHAiOjIxMDMwNTc5MTB9.3ui2AZwEINkhZRPcd3MWJ9D5uuELYwWql52WMkGaOyM,,,,,1 Bar (67g),67,218,20,23,7,3,3,160,Consume as a post-workout snack or between meals. Best enjoyed fresh.,"Protein Blend (Whey Protein Concentrate, Soy Protein Isolate), Date Paste, Oats, Dark Chocolate Coating, Almonds, Peanuts, Cocoa Solids, Natural Flavours, Glycerin","Contains milk, soy, wheat, peanuts, and tree nuts. Not suitable for those with nut allergies.",VAR-136-01,RB-MPB-1-CB,Pack of 1 - Choco Berry,67g,Choco Berry,,active,99,130,0,5,TRUE,2026-08-23T17:59:48Z,2026-08-23T17:59:48Z,3,Pack of 1 - Choco Berry | Pack of 6 - Choco Berry | Pack of 6 - Peanut Butter,"Protein Snack,On-the-go,Muscle Building"
PROD-136,RiteBite Max Protein Bar,ritebite-max-protein-bar,RiteBite,Protein Bars & Snacks,Protein,"20g protein, high-fibre, low-sugar protein bar. Made in India for Indian consumers.","RiteBite Max Protein Bar is one of India's most popular protein snacks with 20g of protein per bar, high fibre for satiety, and a low sugar profile. Available in multiple flavours, it's ideal as a post-workout snack or a healthy meal replacement on the go.",draft,136,"Muscle Building, General Fitness","Protein Snack,On-the-go,Muscle Building","protein bar,ritebite,india,high protein,low sugar",https://vtiplvmddgjfcruqrvvb.supabase.co/storage/v1/object/sign/PRODUCT%20IMAGES%20BUCKET/protein-bars.webp?token=eyJraWQiOiJmZTRiZGQ2Yy0zZDI4LTRhODUtYTc1My1lYjc4NjhlNDU5OGEiLCJhbGciOiJIUzI1NiJ9.eyJ1cmwiOiJQUk9EVUNUIElNQUdFUyBCVUNLRVQvcHJvdGVpbi1iYXJzLndlYnAiLCJzY29wZSI6ImRvd25sb2FkIiwiaWF0IjoxNzg3Njk3OTEwLCJleHAiOjIxMDMwNTc5MTB9.3ui2AZwEINkhZRPcd3MWJ9D5uuELYwWql52WMkGaOyM,,,,,1 Bar (67g),67,218,20,23,7,3,3,160,Consume as a post-workout snack or between meals. Best enjoyed fresh.,"Protein Blend (Whey Protein Concentrate, Soy Protein Isolate), Date Paste, Oats, Dark Chocolate Coating, Almonds, Peanuts, Cocoa Solids, Natural Flavours, Glycerin","Contains milk, soy, wheat, peanuts, and tree nuts. Not suitable for those with nut allergies.",VAR-136-02,RB-MPB-6-CB,Pack of 6 - Choco Berry,6x67g,Choco Berry,,active,540,699,0,5,FALSE,2026-08-23T17:59:48Z,2026-08-23T17:59:48Z,3,Pack of 1 - Choco Berry | Pack of 6 - Choco Berry | Pack of 6 - Peanut Butter,"Protein Snack,On-the-go,Muscle Building"
PROD-136,RiteBite Max Protein Bar,ritebite-max-protein-bar,RiteBite,Protein Bars & Snacks,Protein,"20g protein, high-fibre, low-sugar protein bar. Made in India for Indian consumers.","RiteBite Max Protein Bar is one of India's most popular protein snacks with 20g of protein per bar, high fibre for satiety, and a low sugar profile. Available in multiple flavours, it's ideal as a post-workout snack or a healthy meal replacement on the go.",draft,136,"Muscle Building, General Fitness","Protein Snack,On-the-go,Muscle Building","protein bar,ritebite,india,high protein,low sugar",https://vtiplvmddgjfcruqrvvb.supabase.co/storage/v1/object/sign/PRODUCT%20IMAGES%20BUCKET/protein-bars.webp?token=eyJraWQiOiJmZTRiZGQ2Yy0zZDI4LTRhODUtYTc1My1lYjc4NjhlNDU5OGEiLCJhbGciOiJIUzI1NiJ9.eyJ1cmwiOiJQUk9EVUNUIElNQUdFUyBCVUNLRVQvcHJvdGVpbi1iYXJzLndlYnAiLCJzY29wZSI6ImRvd25sb2FkIiwiaWF0IjoxNzg3Njk3OTEwLCJleHAiOjIxMDMwNTc5MTB9.3ui2AZwEINkhZRPcd3MWJ9D5uuELYwWql52WMkGaOyM,,,,,1 Bar (67g),67,218,20,23,7,3,3,160,Consume as a post-workout snack or between meals. Best enjoyed fresh.,"Protein Blend (Whey Protein Concentrate, Soy Protein Isolate), Date Paste, Oats, Dark Chocolate Coating, Almonds, Peanuts, Cocoa Solids, Natural Flavours, Glycerin","Contains milk, soy, wheat, peanuts, and tree nuts. Not suitable for those with nut allergies.",VAR-136-03,RB-MPB-6-PB,Pack of 6 - Peanut Butter,6x67g,Peanut Butter,,active,540,699,0,5,FALSE,2026-08-23T17:59:48Z,2026-08-23T17:59:48Z,3,Pack of 1 - Choco Berry | Pack of 6 - Choco Berry | Pack of 6 - Peanut Butter,"Protein Snack,On-the-go,Muscle Building"
PROD-137,Yoga Bar Nuts & Seeds Trail Mix,yoga-bar-nuts-seeds-trail-mix,Yoga Bar,Protein Bars & Snacks,Protein,"No sugar, no artificial anything. 7 real ingredients for clean snacking.","Yoga Bar Nuts & Seeds Trail Mix combines almonds, cashews, pumpkin seeds, sunflower seeds, and dried cranberries in a perfectly balanced blend. No added sugar, no preservatives, no artificial colours. Each bag provides a satisfying mix of healthy fats, protein, and minerals for clean, sustained energy.",draft,137,"Muscle Building, General Fitness, Weight Loss","Healthy Fats,Protein Snack,Clean Eating,On-the-go","trail mix,yoga bar,nuts seeds,no sugar,almonds,cashews,clean snack",https://vtiplvmddgjfcruqrvvb.supabase.co/storage/v1/object/sign/PRODUCT%20IMAGES%20BUCKET/protein-bars.webp?token=eyJraWQiOiJmZTRiZGQ2Yy0zZDI4LTRhODUtYTc1My1lYjc4NjhlNDU5OGEiLCJhbGciOiJIUzI1NiJ9.eyJ1cmwiOiJQUk9EVUNUIElNQUdFUyBCVUNLRVQvcHJvdGVpbi1iYXJzLndlYnAiLCJzY29wZSI6ImRvd25sb2FkIiwiaWF0IjoxNzg3Njk3OTEwLCJleHAiOjIxMDMwNTc5MTB9.3ui2AZwEINkhZRPcd3MWJ9D5uuELYwWql52WMkGaOyM,,,,,30g (small bag),30,162,5,8,12,2,4,15,"Enjoy as a mid-meal snack. Keep in a cool, dry place.","Almonds, Cashews, Pumpkin Seeds, Sunflower Seeds, Dried Cranberries, Raisins, Dark Chocolate Chips",Contains tree nuts. May contain peanut traces. Free from added sugar and artificial colours.,VAR-137-01,YB-TM-200-MX,200g Pouch,200g,Mixed,,active,299,369,0,5,TRUE,2026-08-23T17:59:48Z,2026-08-23T17:59:48Z,2,200g Pouch | Pack of 6 x 30g,"Healthy Fats,Protein Snack,Clean Eating,On-the-go"
PROD-137,Yoga Bar Nuts & Seeds Trail Mix,yoga-bar-nuts-seeds-trail-mix,Yoga Bar,Protein Bars & Snacks,Protein,"No sugar, no artificial anything. 7 real ingredients for clean snacking.","Yoga Bar Nuts & Seeds Trail Mix combines almonds, cashews, pumpkin seeds, sunflower seeds, and dried cranberries in a perfectly balanced blend. No added sugar, no preservatives, no artificial colours. Each bag provides a satisfying mix of healthy fats, protein, and minerals for clean, sustained energy.",draft,137,"Muscle Building, General Fitness, Weight Loss","Healthy Fats,Protein Snack,Clean Eating,On-the-go","trail mix,yoga bar,nuts seeds,no sugar,almonds,cashews,clean snack",https://vtiplvmddgjfcruqrvvb.supabase.co/storage/v1/object/sign/PRODUCT%20IMAGES%20BUCKET/protein-bars.webp?token=eyJraWQiOiJmZTRiZGQ2Yy0zZDI4LTRhODUtYTc1My1lYjc4NjhlNDU5OGEiLCJhbGciOiJIUzI1NiJ9.eyJ1cmwiOiJQUk9EVUNUIElNQUdFUyBCVUNLRVQvcHJvdGVpbi1iYXJzLndlYnAiLCJzY29wZSI6ImRvd25sb2FkIiwiaWF0IjoxNzg3Njk3OTEwLCJleHAiOjIxMDMwNTc5MTB9.3ui2AZwEINkhZRPcd3MWJ9D5uuELYwWql52WMkGaOyM,,,,,30g (small bag),30,162,5,8,12,2,4,15,"Enjoy as a mid-meal snack. Keep in a cool, dry place.","Almonds, Cashews, Pumpkin Seeds, Sunflower Seeds, Dried Cranberries, Raisins, Dark Chocolate Chips",Contains tree nuts. May contain peanut traces. Free from added sugar and artificial colours.,VAR-137-02,YB-TM-6-MX,Pack of 6 x 30g,6x30g,Mixed,,active,249,299,0,5,FALSE,2026-08-23T17:59:48Z,2026-08-23T17:59:48Z,2,200g Pouch | Pack of 6 x 30g,"Healthy Fats,Protein Snack,Clean Eating,On-the-go"
PROD-138,Amul Fruit 'N' Nut Chocolate,amul-fruit-n-nut-chocolate-amul,AMUL,Healthy Snacks & Packaged Foods,Health Foods,CHOCOLATE BAR product suitable for a health-focused Indian catalog.,"Amul Fruit 'N' Nut Chocolate from AMUL, listed in the provided Indian packaged-food dataset.",draft,138,General Fitness,healthy snacking,"healthy snacking, amul fruit n nut chocolate, amul, healthy packaged foods",https://vtiplvmddgjfcruqrvvb.supabase.co/storage/v1/object/sign/PRODUCT%20IMAGES%20BUCKET/healthy-snacks.webp?token=eyJraWQiOiJmZTRiZGQ2Yy0zZDI4LTRhODUtYTc1My1lYjc4NjhlNDU5OGEiLCJhbGciOiJIUzI1NiJ9.eyJ1cmwiOiJQUk9EVUNUIElNQUdFUyBCVUNLRVQvaGVhbHRoeS1zbmFja3Mud2VicCIsInNjb3BlIjoiZG93bmxvYWQiLCJpYXQiOjE3ODc2OTc0NjksImV4cCI6MjEwMzA1NzQ2OX0.dwrWkYMdhAVPBgm1Gcew3so5vVFaWx3Tgsk9g28KeoU,,,,,100 g,100,556,7.1,55,34.2,0,37,0,"Use according to the product label. Store in a cool, dry place.","Sugar, Cocoa Solids, Cocoa Butter, Almonds (8%), Raisins (5%), Permitted Emulsifiers (E322, E476), Added Flavours (Artificial Flavouring Substances - Cocoa and VANILLA CAKE)",tree nuts,VAR-138-01,SKU-0377,100 g,100 g,Chocolate,,active,200,230,0,5,TRUE,2026-08-23T23:05:00+05:30,2026-08-23T23:05:00+05:30,1,100 g,healthy snacking
PROD-139,Amul Fruit N Nut Fantasy Ice Cream Tub,amul-fruit-n-nut-fantasy-ice-cream-tub-amul,AMUL,Healthy Snacks & Packaged Foods,Health Foods,ICECREAM product suitable for a health-focused Indian catalog.,"Amul Fruit N Nut Fantasy Ice Cream Tub from AMUL, listed in the provided Indian packaged-food dataset.",draft,139,General Fitness,healthy snacking,"healthy snacking, amul fruit n nut fantasy ice cream tub, amul, healthy packaged foods",https://vtiplvmddgjfcruqrvvb.supabase.co/storage/v1/object/sign/PRODUCT%20IMAGES%20BUCKET/healthy-snacks.webp?token=eyJraWQiOiJmZTRiZGQ2Yy0zZDI4LTRhODUtYTc1My1lYjc4NjhlNDU5OGEiLCJhbGciOiJIUzI1NiJ9.eyJ1cmwiOiJQUk9EVUNUIElNQUdFUyBCVUNLRVQvaGVhbHRoeS1zbmFja3Mud2VicCIsInNjb3BlIjoiZG93bmxvYWQiLCJpYXQiOjE3ODc2OTc0NjksImV4cCI6MjEwMzA1NzQ2OX0.dwrWkYMdhAVPBgm1Gcew3so5vVFaWx3Tgsk9g28KeoU,,,,,100 g,100,226,4,23.6,13.6,0,22.3,49,"Use according to the product label. Store in a cool, dry place.","Milk Solids, Sugar, Orange Jelly (4%), Milk Chocolate Chips (3%), Cashew Pieces (2.5%), Raisins (2.5%), Emulsifier (471), Stabilizers (407, 412, 466, 415), Artificial Flavouring Substances (Kesar Elaichi), Colours (102, 110)","milk, tree nuts",VAR-139-01,SKU-0378,100 g,100 g,,,active,230,264,0,5,TRUE,2026-08-23T23:05:00+05:30,2026-08-23T23:05:00+05:30,1,100 g,healthy snacking
PROD-140,Arun Ibar Mini Almond Crunch Ice Cream Stick,arun-ibar-mini-almond-crunch-ice-cream-stick-arun,ARUN,Healthy Snacks & Packaged Foods,Health Foods,CHOCOBAR product suitable for a health-focused Indian catalog.,"Arun Ibar Mini Almond Crunch Ice Cream Stick from ARUN, listed in the provided Indian packaged-food dataset.",draft,140,General Fitness,healthy snacking,"healthy snacking, arun ibar mini almond crunch ice cream stick, arun, healthy packaged foods",https://vtiplvmddgjfcruqrvvb.supabase.co/storage/v1/object/sign/PRODUCT%20IMAGES%20BUCKET/healthy-snacks.webp?token=eyJraWQiOiJmZTRiZGQ2Yy0zZDI4LTRhODUtYTc1My1lYjc4NjhlNDU5OGEiLCJhbGciOiJIUzI1NiJ9.eyJ1cmwiOiJQUk9EVUNUIElNQUdFUyBCVUNLRVQvaGVhbHRoeS1zbmFja3Mud2VicCIsInNjb3BlIjoiZG93bmxvYWQiLCJpYXQiOjE3ODc2OTc0NjksImV4cCI6MjEwMzA1NzQ2OX0.dwrWkYMdhAVPBgm1Gcew3so5vVFaWx3Tgsk9g28KeoU,,,,,80 g,80,271.8,4,22.1,18.6,0.5,21.6,51.7,"Use according to the product label. Store in a cool, dry place.","Inner Layer (59%): Ice Cream (Milk Solids, Water, Refined Sugar, Liquid Glucose, Emulsifiers (471, 477), Stabilizers (410, 412)), Outer Coating (41%): Milk Chocolate (Milk Solids, Refined Sugar, Cocoa Solids, Cocoa Butter, Emulsifiers (Soy Lecithin and 476), Nature Identical and Artificial (VANILLA CAKE) Flavoring Substances) and Almond (6%)","milk, soy, tree nuts",VAR-140-01,SKU-0379,80 g,80 g,,,active,80,92,0,5,TRUE,2026-08-23T23:05:00+05:30,2026-08-23T23:05:00+05:30,1,80 g,healthy snacking
PROD-141,bb Gooddiet Multigrain PUFFS - Chilli Chataka,bb-gooddiet-multigrain-puffs-chilli-chataka-bb-gooddiet,BB GOODDIET,Healthy Snacks & Packaged Foods,Health Foods,PUFFSS product suitable for a health-focused Indian catalog.,"bb Gooddiet Multigrain PUFFS - Chilli Chataka from BB GOODDIET, listed in the provided Indian packaged-food dataset.",draft,141,General Fitness,health & wellness,"health & wellness, bb gooddiet multigrain puffs chilli chataka, bb gooddiet, healthy packaged foods",https://vtiplvmddgjfcruqrvvb.supabase.co/storage/v1/object/sign/PRODUCT%20IMAGES%20BUCKET/healthy-snacks.webp?token=eyJraWQiOiJmZTRiZGQ2Yy0zZDI4LTRhODUtYTc1My1lYjc4NjhlNDU5OGEiLCJhbGciOiJIUzI1NiJ9.eyJ1cmwiOiJQUk9EVUNUIElNQUdFUyBCVUNLRVQvaGVhbHRoeS1zbmFja3Mud2VicCIsInNjb3BlIjoiZG93bmxvYWQiLCJpYXQiOjE3ODc2OTc0NjksImV4cCI6MjEwMzA1NzQ2OX0.dwrWkYMdhAVPBgm1Gcew3so5vVFaWx3Tgsk9g28KeoU,,,,,100 g,100,446.27,7.4,66.84,16.59,0.76,16.59,1515,"Use according to the product label. Store in a cool, dry place.","Multigrain flour (71%) (Corn grit, Rice flour), Edible vegetable oil (Refined sunflower oil), Seasoning (Edible common salt, Sugar, Spices & condiments (Chilli, Fennel, Aniseed, Fenugreek, Coriander, Cumin, Pepper), Mango powder, Acidity regulator (INS 330), Garlic, Onion, Anticaking agent (INS 551), Dehydrated herb, Flavour enhancers (INS 627, INS 631) and Antioxidant (INS 300)) & Edible common salt.",Check label for allergens.,VAR-141-01,SKU-0374,100 g,100 g,,,active,125,144,0,5,TRUE,2026-08-23T23:05:00+05:30,2026-08-23T23:05:00+05:30,1,100 g,health & wellness
PROD-142,bb Gooddiet Multigrain Puffs - Butter Makhana,bb-gooddiet-multigrain-puffs-butter-makhana-bb-gooddiet,BB GOODDIET,Healthy Snacks & Packaged Foods,Health Foods,PUFFS product suitable for a health-focused Indian catalog.,"bb Gooddiet Multigrain Puffs - Butter Makhana from BB GOODDIET, listed in the provided Indian packaged-food dataset.",draft,142,General Fitness,healthy snacking,"healthy snacking, bb gooddiet multigrain puffs butter makhana, bb gooddiet, healthy packaged foods",https://vtiplvmddgjfcruqrvvb.supabase.co/storage/v1/object/sign/PRODUCT%20IMAGES%20BUCKET/healthy-snacks.webp?token=eyJraWQiOiJmZTRiZGQ2Yy0zZDI4LTRhODUtYTc1My1lYjc4NjhlNDU5OGEiLCJhbGciOiJIUzI1NiJ9.eyJ1cmwiOiJQUk9EVUNUIElNQUdFUyBCVUNLRVQvaGVhbHRoeS1zbmFja3Mud2VicCIsInNjb3BlIjoiZG93bmxvYWQiLCJpYXQiOjE3ODc2OTc0NjksImV4cCI6MjEwMzA1NzQ2OX0.dwrWkYMdhAVPBgm1Gcew3so5vVFaWx3Tgsk9g28KeoU,,,,,100 g,100,461.57,8.12,65.94,18.37,4.39,7.66,1205,"Use according to the product label. Store in a cool, dry place.","Multi-Grain Flour (71%) (oats Flour, Bajra Flour, Jowar Flour, Corn Grit, Rice Flour, Bengal Gram Flour), Edible Vegetable Oil (sunflower Oil), Seasoning (sugar, Edible Common Salt, Garlic, Onion Powder, Spice & Condiments (ginger, Cumin, Chilli), Dehydrated Herb, Flavour Enhancer (ins 627 , Ins 631) And Anticaking Agent) & Edible Common Salt. Alergen Declaration: Contains Milk Solid. Packed In A Facility Which Handles Wheat, Soya & Nuts. Contains Added Flavours. (Nature Identical Flavouring Substances (butter)).","milk, soy, wheat/gluten",VAR-142-01,SKU-0313,100 g,100 g,,,active,125,144,0,5,TRUE,2026-08-23T23:05:00+05:30,2026-08-23T23:05:00+05:30,1,100 g,healthy snacking
PROD-143,Cadbury Bournville Fruit & Nut 50% Dark CHOCOLATE BAR,cadbury-bournville-fruit-nut-50-dark-chocolate-bar-bournville,BOURNVILLE,Healthy Snacks & Packaged Foods,Health Foods,CHOCOLATE BAR product suitable for a health-focused Indian catalog.,"Cadbury Bournville Fruit & Nut 50% Dark CHOCOLATE BAR from BOURNVILLE, listed in the provided Indian packaged-food dataset.",draft,143,General Fitness,healthy snacking,"healthy snacking, cadbury bournville fruit nut 50 dark chocolate bar, bournville, healthy packaged foods",https://vtiplvmddgjfcruqrvvb.supabase.co/storage/v1/object/sign/PRODUCT%20IMAGES%20BUCKET/healthy-snacks.webp?token=eyJraWQiOiJmZTRiZGQ2Yy0zZDI4LTRhODUtYTc1My1lYjc4NjhlNDU5OGEiLCJhbGciOiJIUzI1NiJ9.eyJ1cmwiOiJQUk9EVUNUIElNQUdFUyBCVUNLRVQvaGVhbHRoeS1zbmFja3Mud2VicCIsInNjb3BlIjoiZG93bmxvYWQiLCJpYXQiOjE3ODc2OTc0NjksImV4cCI6MjEwMzA1NzQ2OX0.dwrWkYMdhAVPBgm1Gcew3so5vVFaWx3Tgsk9g28KeoU,,,,,100 g,100,533,6.4,56.8,32.8,0,44.2,16,"Use according to the product label. Store in a cool, dry place.","Sugar, Cocoa Butter (24%), Cocoa Solids (18%), Raisins (75%), Cashew Nuts (4%), Apricot Kernels (4%), Milk Solids, Emulsifiers (442, 476), Nature Identical Flavoring Substance","milk, tree nuts",VAR-143-01,SKU-0385,100 g,100 g,Chocolate,,active,130,150,0,5,TRUE,2026-08-23T23:05:00+05:30,2026-08-23T23:05:00+05:30,1,100 g,healthy snacking
PROD-144,Cadbury Temptations Almond Treat Premium CHOCOLATE BAR,cadbury-temptations-almond-treat-premium-chocolate-bar-bournville,BOURNVILLE,Healthy Snacks & Packaged Foods,Health Foods,CHOCOLATE BAR product suitable for a health-focused Indian catalog.,"Cadbury Temptations Almond Treat Premium CHOCOLATE BAR from BOURNVILLE, listed in the provided Indian packaged-food dataset.",draft,144,General Fitness,healthy snacking,"healthy snacking, cadbury temptations almond treat premium chocolate bar, bournville, healthy packaged foods",https://vtiplvmddgjfcruqrvvb.supabase.co/storage/v1/object/sign/PRODUCT%20IMAGES%20BUCKET/healthy-snacks.webp?token=eyJraWQiOiJmZTRiZGQ2Yy0zZDI4LTRhODUtYTc1My1lYjc4NjhlNDU5OGEiLCJhbGciOiJIUzI1NiJ9.eyJ1cmwiOiJQUk9EVUNUIElNQUdFUyBCVUNLRVQvaGVhbHRoeS1zbmFja3Mud2VicCIsInNjb3BlIjoiZG93bmxvYWQiLCJpYXQiOjE3ODc2OTc0NjksImV4cCI6MjEwMzA1NzQ2OX0.dwrWkYMdhAVPBgm1Gcew3so5vVFaWx3Tgsk9g28KeoU,,,,,100 g,100,555,9,53.4,35,0,45.2,81.5,"Use according to the product label. Store in a cool, dry place.","Sugar, Almonds (17%), Cocoa Butter, Milk Solids, Cocoa Solids, Fractionated Fat, Emulsifiers (442,476), Flavours (Natural, Nature Identical And Artificial (VANILLA CAKE) Flavouring Substances). Contains Cocoa Butter Equivalent In Addition To Cocoa Butter.Allergen Information: Contains Milk, Almonds, Soy May Contain Other Tree Nuts","milk, soy, tree nuts",VAR-144-01,SKU-0390,100 g,100 g,Chocolate,,active,130,150,0,5,TRUE,2026-08-23T23:05:00+05:30,2026-08-23T23:05:00+05:30,1,100 g,healthy snacking
PROD-145,Britannia 5 Grain High-Fibre Biscuits Multigrain Digestive Biscuits,britannia-5-grain-high-fibre-biscuits-multigrain-digestive-biscuits-britannia,BRITANNIA,Healthy Snacks & Packaged Foods,Health Foods,DIGESTIVE BISCUIT product suitable for a health-focused Indian catalog.,"Britannia 5 Grain High-Fibre Biscuits Multigrain Digestive Biscuits from BRITANNIA, listed in the provided Indian packaged-food dataset.",draft,145,General Fitness,high fibre,"high fibre, britannia 5 grain high fibre biscuits multigrain digestive biscuits, britannia, better-for-you biscuits",https://vtiplvmddgjfcruqrvvb.supabase.co/storage/v1/object/sign/PRODUCT%20IMAGES%20BUCKET/healthy-snacks.webp?token=eyJraWQiOiJmZTRiZGQ2Yy0zZDI4LTRhODUtYTc1My1lYjc4NjhlNDU5OGEiLCJhbGciOiJIUzI1NiJ9.eyJ1cmwiOiJQUk9EVUNUIElNQUdFUyBCVUNLRVQvaGVhbHRoeS1zbmFja3Mud2VicCIsInNjb3BlIjoiZG93bmxvYWQiLCJpYXQiOjE3ODc2OTc0NjksImV4cCI6MjEwMzA1NzQ2OX0.dwrWkYMdhAVPBgm1Gcew3so5vVFaWx3Tgsk9g28KeoU,,,,,100 g,100,492,8.1,70.2,19.9,7.7,18.6,224,"Use according to the product label. Store in a cool, dry place.","Wheat Flour (Atta) (45%), Refined Palm Oil, Sugar, Cereal Products (16%) (Ragi Flour, Corn Flakes, Rolled Oats, Jowar Flour, Rice Flour and Quinoa Flour), Wheat Bran (6%), Milk Products (Sweetened Condensed Partly Skimmed Milk and Milk Solids), Raising Agents (500(i) and 503(i)), Honey, Iodised Salt, Emulsifiers (322(i), 471 and 472e) and Nature-Identical and Artificial (VANILLA CAKE) Flavoring Substances","milk, wheat/gluten",VAR-145-01,SKU-0350,100 g,100 g,,,active,75,86,0,5,TRUE,2026-08-23T23:05:00+05:30,2026-08-23T23:05:00+05:30,1,100 g,high fibre
PROD-146,Britannia Good Day Cashew Cookies Family Pack,britannia-good-day-cashew-cookies-family-pack-britannia,BRITANNIA,Healthy Snacks & Packaged Foods,Health Foods,COOKIES product suitable for a health-focused Indian catalog.,"Britannia Good Day Cashew Cookies Family Pack from BRITANNIA, listed in the provided Indian packaged-food dataset.",draft,146,General Fitness,healthy snacking,"healthy snacking, britannia good day cashew cookies family pack, britannia, better-for-you biscuits",https://vtiplvmddgjfcruqrvvb.supabase.co/storage/v1/object/sign/PRODUCT%20IMAGES%20BUCKET/healthy-snacks.webp?token=eyJraWQiOiJmZTRiZGQ2Yy0zZDI4LTRhODUtYTc1My1lYjc4NjhlNDU5OGEiLCJhbGciOiJIUzI1NiJ9.eyJ1cmwiOiJQUk9EVUNUIElNQUdFUyBCVUNLRVQvaGVhbHRoeS1zbmFja3Mud2VicCIsInNjb3BlIjoiZG93bmxvYWQiLCJpYXQiOjE3ODc2OTc0NjksImV4cCI6MjEwMzA1NzQ2OX0.dwrWkYMdhAVPBgm1Gcew3so5vVFaWx3Tgsk9g28KeoU,,,,,100 g,100,512,7,67,24,0,22,0,"Use according to the product label. Store in a cool, dry place.","Added Flavours (Nature Identical and Artificial - Milk and VANILLA CAKE), Butter (0.6%), Cashew Nuts (4.5%), Edible Vegetable Oil (Palm), Emulsifiers (322, 471, 472e), Iodised Salt, Invert Syrup, Milk Solids, Raising Agents (503(ii) & 500(ii)), Refined Wheat Flour (Maida), Sugar","milk, tree nuts, wheat/gluten",VAR-146-01,SKU-0381,100 g,100 g,,,active,25,29,0,5,TRUE,2026-08-23T23:05:00+05:30,2026-08-23T23:05:00+05:30,1,100 g,healthy snacking
PROD-147,Britannia Good Day Chunkies Coconut Cookies,britannia-good-day-chunkies-coconut-cookies-britannia,BRITANNIA,Healthy Snacks & Packaged Foods,Health Foods,COCONUT COOKIES product suitable for a health-focused Indian catalog.,"Britannia Good Day Chunkies Coconut Cookies from BRITANNIA, listed in the provided Indian packaged-food dataset.",draft,147,General Fitness,healthy snacking,"healthy snacking, britannia good day chunkies coconut cookies, britannia, better-for-you biscuits",https://vtiplvmddgjfcruqrvvb.supabase.co/storage/v1/object/sign/PRODUCT%20IMAGES%20BUCKET/healthy-snacks.webp?token=eyJraWQiOiJmZTRiZGQ2Yy0zZDI4LTRhODUtYTc1My1lYjc4NjhlNDU5OGEiLCJhbGciOiJIUzI1NiJ9.eyJ1cmwiOiJQUk9EVUNUIElNQUdFUyBCVUNLRVQvaGVhbHRoeS1zbmFja3Mud2VicCIsInNjb3BlIjoiZG93bmxvYWQiLCJpYXQiOjE3ODc2OTc0NjksImV4cCI6MjEwMzA1NzQ2OX0.dwrWkYMdhAVPBgm1Gcew3so5vVFaWx3Tgsk9g28KeoU,,,,,100 g,100,575,6.2,532.8,37.2,0,28,143,"Use according to the product label. Store in a cool, dry place.","Butter, Coconut Products (16.5%) ,Coconut Milk Powder, Desiccated Coconut, Emulsifiers INS322(I),Emulsifiers  INS471,Emulsifiers   INS472E, Interesterified Vegetable Fat, Iodised Salt, Invert Sugar Syrup, Raising Agents INS500(II), Raising Agents INS503(II), Raising Agents INS450(I), Refined Wheat Flour (Maida), Sugar, Nature Identical Flavouring Substance","milk, wheat/gluten",VAR-147-01,SKU-0382,100 g,100 g,,,active,45,52,0,5,TRUE,2026-08-23T23:05:00+05:30,2026-08-23T23:05:00+05:30,1,100 g,healthy snacking
PROD-148,Britannia NutriChoice Chocolate and Almond Oats Biscuits,britannia-nutrichoice-chocolate-and-almond-oats-biscuits-britannia,BRITANNIA,Healthy Snacks & Packaged Foods,Health Foods,BISCUIT product suitable for a health-focused Indian catalog.,"Britannia NutriChoice Chocolate and Almond Oats Biscuits from BRITANNIA, listed in the provided Indian packaged-food dataset.",draft,148,General Fitness,"breakfast, high fibre, healthy snacking","breakfast, high fibre, healthy snacking, britannia nutrichoice chocolate and almond oats biscuits, britannia, better-for-you biscuits",https://vtiplvmddgjfcruqrvvb.supabase.co/storage/v1/object/sign/PRODUCT%20IMAGES%20BUCKET/healthy-snacks.webp?token=eyJraWQiOiJmZTRiZGQ2Yy0zZDI4LTRhODUtYTc1My1lYjc4NjhlNDU5OGEiLCJhbGciOiJIUzI1NiJ9.eyJ1cmwiOiJQUk9EVUNUIElNQUdFUyBCVUNLRVQvaGVhbHRoeS1zbmFja3Mud2VicCIsInNjb3BlIjoiZG93bmxvYWQiLCJpYXQiOjE3ODc2OTc0NjksImV4cCI6MjEwMzA1NzQ2OX0.dwrWkYMdhAVPBgm1Gcew3so5vVFaWx3Tgsk9g28KeoU,,,,,100 g,100,490,7.2,68.3,22.5,0,21.7,376,"Use according to the product label. Store in a cool, dry place.","Almond (1.6%), Butter, Chocolate Chips (8%) ,Cocoa Butter, Cocoa Solids, Dextrose, Sugar, Emulsifiers INS 322(I),Emulsifiers  INS 471,Emulsifiers  INS 472E,  Artificial Flavours - Chocolate,Artificial Flavours - Milk, Iodised Salt, Liquid Glucose, Maltodextrin, Milk Solids, Oats Fibre (1.6%), Raising Agents INS450,Raising Agents  INS500(1),Raising Agents  INS 503(11), Refined Palm Oil, Refined Wheat Flour (Maida), Rolled Oats (15%), Sugar, Wheat Bran, Wheat Flour (Atta) (18%)","milk, tree nuts, wheat/gluten",VAR-148-01,SKU-0306,100 g,100 g,Chocolate,,active,25,29,0,5,TRUE,2026-08-23T23:05:00+05:30,2026-08-23T23:05:00+05:30,1,100 g,"breakfast, high fibre, healthy snacking"
PROD-149,Britannia Nutrichoice Almond and Oats Milk Biscuits,britannia-nutrichoice-almond-and-oats-milk-biscuits-britannia,BRITANNIA,Healthy Snacks & Packaged Foods,Health Foods,BISCUIT product suitable for a health-focused Indian catalog.,"Britannia Nutrichoice Almond and Oats Milk Biscuits from BRITANNIA, listed in the provided Indian packaged-food dataset.",draft,149,General Fitness,"breakfast, high fibre, healthy snacking","breakfast, high fibre, healthy snacking, britannia nutrichoice almond and oats milk biscuits, britannia, better-for-you biscuits",https://vtiplvmddgjfcruqrvvb.supabase.co/storage/v1/object/sign/PRODUCT%20IMAGES%20BUCKET/healthy-snacks.webp?token=eyJraWQiOiJmZTRiZGQ2Yy0zZDI4LTRhODUtYTc1My1lYjc4NjhlNDU5OGEiLCJhbGciOiJIUzI1NiJ9.eyJ1cmwiOiJQUk9EVUNUIElNQUdFUyBCVUNLRVQvaGVhbHRoeS1zbmFja3Mud2VicCIsInNjb3BlIjoiZG93bmxvYWQiLCJpYXQiOjE3ODc2OTc0NjksImV4cCI6MjEwMzA1NzQ2OX0.dwrWkYMdhAVPBgm1Gcew3so5vVFaWx3Tgsk9g28KeoU,,,,,100 g,100,478,8,68.5,21,8.4,19.5,385,"Use according to the product label. Store in a cool, dry place.","Almonds (5%), Colour (150d), Emulsifiers 322(i),Emulsifiers 471,Emulsifiers 472e, Artificial (Milk & Butter), Iodised Salt, Invert Sugar Syrup, Liquid Glucose, Maltodextrin, Milk Solids (1.6%), Oats Fibre (0.8%), Raising Agents 500(ii),Raising Agents 503(ii), Raising Agents 450(i], Refined Palm Oil, Rolled Oats (14.3%), Sugar, Wheat Bran (2.4%), Wheat Flour (Atta) (41.7%)","milk, tree nuts, wheat/gluten",VAR-149-01,SKU-0307,100 g,100 g,,,active,25,29,0,5,TRUE,2026-08-23T23:05:00+05:30,2026-08-23T23:05:00+05:30,1,100 g,"breakfast, high fibre, healthy snacking"
PROD-150,Britannia Nutrichoice Digestive High-Fibre Biscuits,britannia-nutrichoice-digestive-high-fibre-biscuits-britannia,BRITANNIA,Healthy Snacks & Packaged Foods,Health Foods,DIGESTIVE BISCUIT product suitable for a health-focused Indian catalog.,"Britannia Nutrichoice Digestive High-Fibre Biscuits from BRITANNIA, listed in the provided Indian packaged-food dataset.",draft,150,General Fitness,"high fibre, healthy snacking","high fibre, healthy snacking, britannia nutrichoice digestive high fibre biscuits, britannia, better-for-you biscuits",https://vtiplvmddgjfcruqrvvb.supabase.co/storage/v1/object/sign/PRODUCT%20IMAGES%20BUCKET/healthy-snacks.webp?token=eyJraWQiOiJmZTRiZGQ2Yy0zZDI4LTRhODUtYTc1My1lYjc4NjhlNDU5OGEiLCJhbGciOiJIUzI1NiJ9.eyJ1cmwiOiJQUk9EVUNUIElNQUdFUyBCVUNLRVQvaGVhbHRoeS1zbmFja3Mud2VicCIsInNjb3BlIjoiZG93bmxvYWQiLCJpYXQiOjE3ODc2OTc0NjksImV4cCI6MjEwMzA1NzQ2OX0.dwrWkYMdhAVPBgm1Gcew3so5vVFaWx3Tgsk9g28KeoU,,,,,100 g,100,483,9.3,68,20.8,6.7,12.7,362,"Use according to the product label. Store in a cool, dry place.","WHEAT FLOUR (ATTA) (65.5%), REFINED PALM OIL, SUGAR, WHEAT BRAN (2.6%), MALTODEXTRIN, MILK SOLIDS , WHEY POWDEr, INVERT SUGAR SYRUP, RAISING AGENTS 503(ii),RAISING AGENTS 500(ii), IODISED SALT, EMULSIFIERS 322(i) ,EMULSIFIERS 471 , MALT ,EXTRACT, NATURE IDENTICAL & ARTIFICIAL (VANILLA CAKE) FLAVOURING SUBSTANCES , DOUGH CONDITIONER [223]","milk, wheat/gluten",VAR-150-01,SKU-0383,100 g,100 g,,,active,20,23,0,5,TRUE,2026-08-23T23:05:00+05:30,2026-08-23T23:05:00+05:30,1,100 g,"high fibre, healthy snacking"
PROD-151,Britannia Nutrichoice Oats Cookies Diabetic Friendly,britannia-nutrichoice-oats-cookies-diabetic-friendly-britannia,BRITANNIA,Healthy Snacks & Packaged Foods,Health Foods,COOKIES product suitable for a health-focused Indian catalog.,"Britannia Nutrichoice Oats Cookies Diabetic Friendly from BRITANNIA, listed in the provided Indian packaged-food dataset.",draft,151,General Fitness,"breakfast, high fibre, healthy snacking","breakfast, high fibre, healthy snacking, britannia nutrichoice oats cookies diabetic friendly, britannia, better-for-you biscuits",https://vtiplvmddgjfcruqrvvb.supabase.co/storage/v1/object/sign/PRODUCT%20IMAGES%20BUCKET/healthy-snacks.webp?token=eyJraWQiOiJmZTRiZGQ2Yy0zZDI4LTRhODUtYTc1My1lYjc4NjhlNDU5OGEiLCJhbGciOiJIUzI1NiJ9.eyJ1cmwiOiJQUk9EVUNUIElNQUdFUyBCVUNLRVQvaGVhbHRoeS1zbmFja3Mud2VicCIsInNjb3BlIjoiZG93bmxvYWQiLCJpYXQiOjE3ODc2OTc0NjksImV4cCI6MjEwMzA1NzQ2OX0.dwrWkYMdhAVPBgm1Gcew3so5vVFaWx3Tgsk9g28KeoU,,,,,100 g,100,464,9.4,68.6,19,9.2,2.1,404,"Use according to the product label. Store in a cool, dry place.","Almonds (2%), Dough Conditioner (223), Emulsifiers 322 (I), Emulsifiers 471,Emulsifiers 472E, Artificial (VANILLA CAKE) Flavouring Substances, Foxtail Millet Flour (1%), Inulin, Little Millet Flour (1%), Maltodextrin, Milk Solids, Raising Agents 450 (0), Raising Agents 503 (II),Raising Agents 500 (II), Refined Palm Oil, Rolled Oats (7%), Soya Protein Isolate, Sweeteners 965 (I),Sweeteners 955, Vitamins*, Wheat Flour (Atta) (53%), Oats Fibre (1%), Iodised Salt, Minerals*","milk, soy, tree nuts, wheat/gluten",VAR-151-01,SKU-0317,100 g,100 g,,,active,70,80,0,5,TRUE,2026-08-23T23:05:00+05:30,2026-08-23T23:05:00+05:30,1,100 g,"breakfast, high fibre, healthy snacking"
PROD-152,Britannia Nutrichoice Oats Orange & Almond Biscuits,britannia-nutrichoice-oats-orange-almond-biscuits-britannia,BRITANNIA,Healthy Snacks & Packaged Foods,Health Foods,BISCUIT product suitable for a health-focused Indian catalog.,"Britannia Nutrichoice Oats Orange & Almond Biscuits from BRITANNIA, listed in the provided Indian packaged-food dataset.",draft,152,General Fitness,"breakfast, high fibre, healthy snacking","breakfast, high fibre, healthy snacking, britannia nutrichoice oats orange almond biscuits, britannia, better-for-you biscuits",https://vtiplvmddgjfcruqrvvb.supabase.co/storage/v1/object/sign/PRODUCT%20IMAGES%20BUCKET/healthy-snacks.webp?token=eyJraWQiOiJmZTRiZGQ2Yy0zZDI4LTRhODUtYTc1My1lYjc4NjhlNDU5OGEiLCJhbGciOiJIUzI1NiJ9.eyJ1cmwiOiJQUk9EVUNUIElNQUdFUyBCVUNLRVQvaGVhbHRoeS1zbmFja3Mud2VicCIsInNjb3BlIjoiZG93bmxvYWQiLCJpYXQiOjE3ODc2OTc0NjksImV4cCI6MjEwMzA1NzQ2OX0.dwrWkYMdhAVPBgm1Gcew3so5vVFaWx3Tgsk9g28KeoU,,,,,100 g,100,471,7.8,70.3,19.4,8,15.6,351,"Use according to the product label. Store in a cool, dry place.","Almonds (3%), Butter, Colour (150D), Emulsifiers 322(i),Emulsifiers  471, Emulsifiers 472e, Iodised Salt, Invert Sugar Syrup, Liquid Glucose, Maltodextrin, Milk Solids, Natural and Nature Identical Flavouring Substances, Oats Fibre (0.8%), Orange Peel (0.5%), Orange Powder (0.1%), Raisins, Raising Agents 500(Ii),Raising Agents 503(Ii) ,Raising Agents 450(I), Refined Palm Oil, Rolled Oats (14%), Sugar, Wheat Bran (2.3%), Wheat Flour (Atta) (41.5%)","milk, tree nuts, wheat/gluten",VAR-152-01,SKU-0308,100 g,100 g,,,active,25,29,0,5,TRUE,2026-08-23T23:05:00+05:30,2026-08-23T23:05:00+05:30,1,100 g,"breakfast, high fibre, healthy snacking"
PROD-153,Cadbury Dairy Milk Bites Hazelnut Chocolate Pack,cadbury-dairy-milk-bites-hazelnut-chocolate-pack-cadbury,CADBURY,Healthy Snacks & Packaged Foods,Health Foods,CHOCOLATE product suitable for a health-focused Indian catalog.,"Cadbury Dairy Milk Bites Hazelnut Chocolate Pack from CADBURY, listed in the provided Indian packaged-food dataset.",draft,153,General Fitness,healthy snacking,"healthy snacking, cadbury dairy milk bites hazelnut chocolate pack, cadbury, healthy packaged foods",https://vtiplvmddgjfcruqrvvb.supabase.co/storage/v1/object/sign/PRODUCT%20IMAGES%20BUCKET/healthy-snacks.webp?token=eyJraWQiOiJmZTRiZGQ2Yy0zZDI4LTRhODUtYTc1My1lYjc4NjhlNDU5OGEiLCJhbGciOiJIUzI1NiJ9.eyJ1cmwiOiJQUk9EVUNUIElNQUdFUyBCVUNLRVQvaGVhbHRoeS1zbmFja3Mud2VicCIsInNjb3BlIjoiZG93bmxvYWQiLCJpYXQiOjE3ODc2OTc0NjksImV4cCI6MjEwMzA1NzQ2OX0.dwrWkYMdhAVPBgm1Gcew3so5vVFaWx3Tgsk9g28KeoU,,,,,100 g,100,566,9.2,48.1,37.8,0,42.1,119,"Use according to the product label. Store in a cool, dry place.","Milk Chocolate (Sugar, Milk Solids, Cocoa Butter, Cocoa Solids, Fractionated Fat, Emulsifiers (442, 476), Natural Flavours, Nature Identical and Artificial VANILLA CAKE Flavouring), Hazelnuts, Glazing Agent (904), Stabilizers (414, 1400), Sugar, Liquid Glucose",milk,VAR-153-01,SKU-0386,100 g,100 g,Chocolate,,active,100,115,0,5,TRUE,2026-08-23T23:05:00+05:30,2026-08-23T23:05:00+05:30,1,100 g,healthy snacking
PROD-154,Cadbury Dairy Milk Fruit & Nut CHOCOLATE BAR,cadbury-dairy-milk-fruit-nut-chocolate-bar-cadbury,CADBURY,Healthy Snacks & Packaged Foods,Health Foods,CHOCOLATE BAR product suitable for a health-focused Indian catalog.,"Cadbury Dairy Milk Fruit & Nut CHOCOLATE BAR from CADBURY, listed in the provided Indian packaged-food dataset.",draft,154,General Fitness,healthy snacking,"healthy snacking, cadbury dairy milk fruit nut chocolate bar, cadbury, healthy packaged foods",https://iseforestandgarden.com/cdn/shop/products/71oeIqHoYOL._SL1500_1024x1024%402x.jpg?v=1632400928,https://iseforestandgarden.com/cdn/shop/products/71oeIqHoYOL._SL1500_1024x1024%402x.jpg?v=1632400928,,,,100 g,100,520,8.5,58.8,28.4,0,54.4,106,"Use according to the product label. Store in a cool, dry place.","Sugar, Milk Solids (18%), Cocoa Butter, Dry Fruit (Raisins (10%)), Cocoa Solids, Almonds (9%), Fractionated Fat, Emulsifiers (442, 476), Flavours (Natural, Nature Identical and Artificial (VANILLA CAKE) Flavouring Substances). Contains Cocoa Butter Equivalent In Addition To Cocoa Butter","milk, tree nuts",VAR-154-01,SKU-0387,100 g,100 g,Chocolate,,active,55,63,0,5,TRUE,2026-08-23T23:05:00+05:30,2026-08-23T23:05:00+05:30,1,100 g,healthy snacking
PROD-155,Cadbury Dairy Milk Silk Hazelnut CHOCOLATE BAR,cadbury-dairy-milk-silk-hazelnut-chocolate-bar-cadbury,CADBURY,Healthy Snacks & Packaged Foods,Health Foods,CHOCOLATE BAR product suitable for a health-focused Indian catalog.,"Cadbury Dairy Milk Silk Hazelnut CHOCOLATE BAR from CADBURY, listed in the provided Indian packaged-food dataset.",draft,155,General Fitness,healthy snacking,"healthy snacking, cadbury dairy milk silk hazelnut chocolate bar, cadbury, healthy packaged foods",https://storage.googleapis.com/pricemandu.com/images/products/full/403a7d8aea810cab17e67d43d4d07b3f9a1e9ca3.jpg,https://storage.googleapis.com/pricemandu.com/images/products/full/403a7d8aea810cab17e67d43d4d07b3f9a1e9ca3.jpg,,,,100 g,100,566,8.7,51.4,36.8,0,46.6,104,"Use according to the product label. Store in a cool, dry place.","Sugar, Milk Solids (21%), Hazelnuts (16%), Cocoa Butter, Cocoa Solids, Emulsifiers (442, 476), Flavours (Natural, Nature Identical, and Artificial VANILLA CAKE)",milk,VAR-155-01,SKU-0388,100 g,100 g,Chocolate,,active,100,115,0,5,TRUE,2026-08-23T23:05:00+05:30,2026-08-23T23:05:00+05:30,1,100 g,healthy snacking
PROD-156,Cadbury Nutties Chocolate,cadbury-nutties-chocolate-cadbury,CADBURY,Healthy Snacks & Packaged Foods,Health Foods,CHOCOLATE product suitable for a health-focused Indian catalog.,"Cadbury Nutties Chocolate from CADBURY, listed in the provided Indian packaged-food dataset.",draft,156,General Fitness,healthy snacking,"healthy snacking, cadbury nutties chocolate, cadbury, healthy packaged foods",https://vtiplvmddgjfcruqrvvb.supabase.co/storage/v1/object/sign/PRODUCT%20IMAGES%20BUCKET/healthy-snacks.webp?token=eyJraWQiOiJmZTRiZGQ2Yy0zZDI4LTRhODUtYTc1My1lYjc4NjhlNDU5OGEiLCJhbGciOiJIUzI1NiJ9.eyJ1cmwiOiJQUk9EVUNUIElNQUdFUyBCVUNLRVQvaGVhbHRoeS1zbmFja3Mud2VicCIsInNjb3BlIjoiZG93bmxvYWQiLCJpYXQiOjE3ODc2OTc0NjksImV4cCI6MjEwMzA1NzQ2OX0.dwrWkYMdhAVPBgm1Gcew3so5vVFaWx3Tgsk9g28KeoU,,,,,100 g,100,511,5,67.2,24.8,0,61.5,117,"Use according to the product label. Store in a cool, dry place.","Center (56%) (Sugar, Cashews (11%), Milk Solids, Glazing Agent (904), Stabilizers (1400, 414), lodised Salt, Flavours (Natural and Nature Identical Flavouring Substances), Emulsifier (442), Almond); Milk Chocolate (44%) (Sugar, Milk Solids (9%), Cocoa Butter, Cocoa Solids, Fractionated Fat, Emulsifiers (442, 476), Flavours (Natural, Nature Identical and Artificial (VANILLA CAKE) Flavouring Substances))","milk, tree nuts",VAR-156-01,SKU-0389,100 g,100 g,Chocolate,,active,50,57,0,5,TRUE,2026-08-23T23:05:00+05:30,2026-08-23T23:05:00+05:30,1,100 g,healthy snacking
PROD-157,Confetteria Raffaello Coconut and White Almond,confetteria-raffaello-coconut-and-white-almond-confetteria-raffaello,CONFETTERIA RAFFAELLO,Healthy Snacks & Packaged Foods,Health Foods,CHOCOLATE product suitable for a health-focused Indian catalog.,"Confetteria Raffaello Coconut and White Almond from CONFETTERIA RAFFAELLO, listed in the provided Indian packaged-food dataset.",draft,157,General Fitness,healthy snacking,"healthy snacking, confetteria raffaello coconut and white almond, confetteria raffaello, healthy packaged foods",https://vtiplvmddgjfcruqrvvb.supabase.co/storage/v1/object/sign/PRODUCT%20IMAGES%20BUCKET/healthy-snacks.webp?token=eyJraWQiOiJmZTRiZGQ2Yy0zZDI4LTRhODUtYTc1My1lYjc4NjhlNDU5OGEiLCJhbGciOiJIUzI1NiJ9.eyJ1cmwiOiJQUk9EVUNUIElNQUdFUyBCVUNLRVQvaGVhbHRoeS1zbmFja3Mud2VicCIsInNjb3BlIjoiZG93bmxvYWQiLCJpYXQiOjE3ODc2OTc0NjksImV4cCI6MjEwMzA1NzQ2OX0.dwrWkYMdhAVPBgm1Gcew3so5vVFaWx3Tgsk9g28KeoU,,,,,100 g,100,627,7.4,38.6,48.3,0,33.6,105,"Use according to the product label. Store in a cool, dry place.","Desiccated Coconut, Palm Oil, Sugar, Almond, Skimmed Milk Powder, Whey Powder, Shea Butter, Refined Wheat Flour (Maida), Tapioca Starch, Nature Identical Flavouring Substances, Emulsifier (Lecithin - INS 322), Raising Agent (INS 500ii), Edible Common Salt","milk, tree nuts, wheat/gluten",VAR-157-01,SKU-0351,100 g,100 g,,,active,495,569,0,5,TRUE,2026-08-23T23:05:00+05:30,2026-08-23T23:05:00+05:30,1,100 g,healthy snacking
PROD-158,CookieMan Almond Finger Cookies,cookieman-almond-finger-cookies-cookieman,COOKIEMAN,Healthy Snacks & Packaged Foods,Health Foods,COOKIES product suitable for a health-focused Indian catalog.,"CookieMan Almond Finger Cookies from COOKIEMAN, listed in the provided Indian packaged-food dataset.",draft,158,General Fitness,healthy snacking,"healthy snacking, cookieman almond finger cookies, cookieman, better-for-you biscuits",https://vtiplvmddgjfcruqrvvb.supabase.co/storage/v1/object/sign/PRODUCT%20IMAGES%20BUCKET/healthy-snacks.webp?token=eyJraWQiOiJmZTRiZGQ2Yy0zZDI4LTRhODUtYTc1My1lYjc4NjhlNDU5OGEiLCJhbGciOiJIUzI1NiJ9.eyJ1cmwiOiJQUk9EVUNUIElNQUdFUyBCVUNLRVQvaGVhbHRoeS1zbmFja3Mud2VicCIsInNjb3BlIjoiZG93bmxvYWQiLCJpYXQiOjE3ODc2OTc0NjksImV4cCI6MjEwMzA1NzQ2OX0.dwrWkYMdhAVPBgm1Gcew3so5vVFaWx3Tgsk9g28KeoU,,,,,100 g,100,492.3,7.8,48.3,29.6,0.1,20.5,259.7,"Use according to the product label. Store in a cool, dry place.","Refined Wheat Flour (Maida), Butter (18%), Sugar, Almond Nuts (14%),Partially Hydrogenated Vegetable Fat - Palm,Partially Hydrogenated Vegetable Fat Palm Kernel Oil, Partially Hydrogenated Vegetable Fat Palmolein, Milk Solids (3%), Invert Syrup, Liquid Glucose, Raising Agent (INS 500(ii)), Iodised Salt, Preservative INS 202, Preservative INS200, Antioxidant (INS 320)","milk, tree nuts, wheat/gluten",VAR-158-01,SKU-0392,100 g,100 g,,,active,189,217,0,5,TRUE,2026-08-23T23:05:00+05:30,2026-08-23T23:05:00+05:30,1,100 g,healthy snacking
PROD-159,CookieMan Ragi Millet Jaggery Cookies,cookieman-ragi-millet-jaggery-cookies-cookieman,COOKIEMAN,Healthy Snacks & Packaged Foods,Health Foods,COOKIES product suitable for a health-focused Indian catalog.,"CookieMan Ragi Millet Jaggery Cookies from COOKIEMAN, listed in the provided Indian packaged-food dataset.",draft,159,General Fitness,"breakfast, high fibre","breakfast, high fibre, cookieman ragi millet jaggery cookies, cookieman, better-for-you biscuits",https://vtiplvmddgjfcruqrvvb.supabase.co/storage/v1/object/sign/PRODUCT%20IMAGES%20BUCKET/healthy-snacks.webp?token=eyJraWQiOiJmZTRiZGQ2Yy0zZDI4LTRhODUtYTc1My1lYjc4NjhlNDU5OGEiLCJhbGciOiJIUzI1NiJ9.eyJ1cmwiOiJQUk9EVUNUIElNQUdFUyBCVUNLRVQvaGVhbHRoeS1zbmFja3Mud2VicCIsInNjb3BlIjoiZG93bmxvYWQiLCJpYXQiOjE3ODc2OTc0NjksImV4cCI6MjEwMzA1NzQ2OX0.dwrWkYMdhAVPBgm1Gcew3so5vVFaWx3Tgsk9g28KeoU,,,,,100 g,100,458,6,61,26,4,23,273,"Use according to the product label. Store in a cool, dry place.","REFINED WHEAT FLOUR (MAIDA), EDIBLE VEGETABLE FAT [PARTIALLY HYDROGENATED VEGETABLE FAT, JAGGERY (12%), WHOLE WHEAT FLOUR (ATTA), JOWAR FLOUR, RAGI FLOUR, BUTTER, SESAME SEED, FLAX SEED, MILLET FLOUR , LIQUID GLUCOSE, RAISING AGENTS, INS 500(ii),RAISING AGENTS INS 503(ii), IODISED SALT, EMULSIFIER INS 472 (e),PRESERVATIVE INS 202, PRESERVATIVE INS 200), ANTIOXIDANT INS 320, ANTIOXIDANT INS 306,  NATURAL AND ARTIFICIAL SWEETENERS INS 965,NATURAL AND ARTIFICIAL SWEETENERS  INS 960",wheat/gluten,VAR-159-01,SKU-0315,100 g,100 g,,,active,289,332,0,5,TRUE,2026-08-23T23:05:00+05:30,2026-08-23T23:05:00+05:30,1,100 g,"breakfast, high fibre"
PROD-160,Crax Double Mazza Roasted Chana Peanuts Namkeen Snacks,crax-double-mazza-roasted-chana-peanuts-namkeen-snacks-crax,CRAX,Healthy Snacks & Packaged Foods,Health Foods,NAMKEEN product suitable for a health-focused Indian catalog.,"Crax Double Mazza Roasted Chana Peanuts Namkeen Snacks from CRAX, listed in the provided Indian packaged-food dataset.",draft,160,General Fitness,healthy snacking,"healthy snacking, crax double mazza roasted chana peanuts namkeen snacks, crax, healthy packaged foods",https://vtiplvmddgjfcruqrvvb.supabase.co/storage/v1/object/sign/PRODUCT%20IMAGES%20BUCKET/healthy-snacks.webp?token=eyJraWQiOiJmZTRiZGQ2Yy0zZDI4LTRhODUtYTc1My1lYjc4NjhlNDU5OGEiLCJhbGciOiJIUzI1NiJ9.eyJ1cmwiOiJQUk9EVUNUIElNQUdFUyBCVUNLRVQvaGVhbHRoeS1zbmFja3Mud2VicCIsInNjb3BlIjoiZG93bmxvYWQiLCJpYXQiOjE3ODc2OTc0NjksImV4cCI6MjEwMzA1NzQ2OX0.dwrWkYMdhAVPBgm1Gcew3so5vVFaWx3Tgsk9g28KeoU,,,,,100 g,100,567,22,32,39,0,4,1034,"Use according to the product label. Store in a cool, dry place.","Peanuts (52%), Chick Pea (34%), Edible Vegetable Oils (Refined Palmolein Oil and Refined Cotton Seed Oil), Seasoning [lodized Salt, Tomato Powder, Onion Powder, Dry Mango Powder, Black Salt, Ginger, Coriander, Chilli, Turmeric, Acidity Regulators (INS 296, INS 330), Refined Wheat Flour (Maida), Hydrolysed Vegetable Protein, Flavour Enhancers (INS 627, INS 631), Anticaking Agents (INS 551, INS 341(iii)), Spice Extracts], Flavour(s) (Natural & Nature Identical Flavouring Substances)","peanuts, wheat/gluten",VAR-160-01,SKU-0394,100 g,100 g,,,active,55,63,0,5,TRUE,2026-08-23T23:05:00+05:30,2026-08-23T23:05:00+05:30,1,100 g,healthy snacking
PROD-161,Darkins Indian Artisanal 70% Dark Roasted Almonds Chocolate,darkins-indian-artisanal-70-dark-roasted-almonds-chocolate-daekins,DAEKINS,Healthy Snacks & Packaged Foods,Health Foods,CHOCOLATE BAR product suitable for a health-focused Indian catalog.,"Darkins Indian Artisanal 70% Dark Roasted Almonds Chocolate from DAEKINS, listed in the provided Indian packaged-food dataset.",draft,161,General Fitness,healthy snacking,"healthy snacking, darkins indian artisanal 70 dark roasted almonds chocolate, daekins, healthy packaged foods",https://vtiplvmddgjfcruqrvvb.supabase.co/storage/v1/object/sign/PRODUCT%20IMAGES%20BUCKET/healthy-snacks.webp?token=eyJraWQiOiJmZTRiZGQ2Yy0zZDI4LTRhODUtYTc1My1lYjc4NjhlNDU5OGEiLCJhbGciOiJIUzI1NiJ9.eyJ1cmwiOiJQUk9EVUNUIElNQUdFUyBCVUNLRVQvaGVhbHRoeS1zbmFja3Mud2VicCIsInNjb3BlIjoiZG93bmxvYWQiLCJpYXQiOjE3ODc2OTc0NjksImV4cCI6MjEwMzA1NzQ2OX0.dwrWkYMdhAVPBgm1Gcew3so5vVFaWx3Tgsk9g28KeoU,,,,,10 g,10,144,2.6,11.8,9.9,3.7,6.3,0,"Use according to the product label. Store in a cool, dry place.","Naturally Farmed Cacao, Organic Unrefined Cane Sugar, Almonds, Cacao Butter",tree nuts,VAR-161-01,SKU-0396,10 g,10 g,Chocolate,,active,250,288,0,5,TRUE,2026-08-23T23:05:00+05:30,2026-08-23T23:05:00+05:30,1,10 g,healthy snacking
PROD-162,Dairy Day Nutty Ice Cream Stick,dairy-day-nutty-ice-cream-stick-dairy-day,DAIRY DAY,Healthy Snacks & Packaged Foods,Health Foods,STICK product suitable for a health-focused Indian catalog.,"Dairy Day Nutty Ice Cream Stick from DAIRY DAY, listed in the provided Indian packaged-food dataset.",draft,162,General Fitness,healthy snacking,"healthy snacking, dairy day nutty ice cream stick, dairy day, healthy packaged foods",https://vtiplvmddgjfcruqrvvb.supabase.co/storage/v1/object/sign/PRODUCT%20IMAGES%20BUCKET/healthy-snacks.webp?token=eyJraWQiOiJmZTRiZGQ2Yy0zZDI4LTRhODUtYTc1My1lYjc4NjhlNDU5OGEiLCJhbGciOiJIUzI1NiJ9.eyJ1cmwiOiJQUk9EVUNUIElNQUdFUyBCVUNLRVQvaGVhbHRoeS1zbmFja3Mud2VicCIsInNjb3BlIjoiZG93bmxvYWQiLCJpYXQiOjE3ODc2OTc0NjksImV4cCI6MjEwMzA1NzQ2OX0.dwrWkYMdhAVPBgm1Gcew3so5vVFaWx3Tgsk9g28KeoU,,,,,65 g,65,175.65,2.47,15.32,11.61,0,10.6,14,"Use according to the product label. Store in a cool, dry place.","Outer Layer: Choco Compound Coating (25%) (Sugar, Palm Kernel Oil, Coconut Oil, Cocoa Solids, Milk Solids, Emulsifier INS 322, Contains Nature Identical VANILLA CAKE Flavouring Substances), Cashew (3%). Inner Layer: Butterscotch Flavoured Frozen Dessert (75%): Water, Milk Solids, Sugar, Edible Vegetable Oil (Palm Kernel Oil, Coconut Oil), Emulsifier and Stabilisers (INS 471, 412, 433, 407, 401), Contains Permitted Synthetic Food Colours (INS 102) and Added Flavour - Nature Identical and Artificial Butterscotch Flavouring Substances","milk, tree nuts",VAR-162-01,SKU-0395,65 g,65 g,,,active,25,29,0,5,TRUE,2026-08-23T23:05:00+05:30,2026-08-23T23:05:00+05:30,1,65 g,healthy snacking
PROD-163,Didier & Frank Hazelnut Dark CHOCOLATE BAR,didier-frank-hazelnut-dark-chocolate-bar-didier-and-frank,DIDIER AND FRANK,Healthy Snacks & Packaged Foods,Health Foods,CHOCOLATE BAR product suitable for a health-focused Indian catalog.,"Didier & Frank Hazelnut Dark CHOCOLATE BAR from DIDIER AND FRANK, listed in the provided Indian packaged-food dataset.",draft,163,General Fitness,healthy snacking,"healthy snacking, didier frank hazelnut dark chocolate bar, didier and frank, healthy packaged foods",https://vtiplvmddgjfcruqrvvb.supabase.co/storage/v1/object/sign/PRODUCT%20IMAGES%20BUCKET/healthy-snacks.webp?token=eyJraWQiOiJmZTRiZGQ2Yy0zZDI4LTRhODUtYTc1My1lYjc4NjhlNDU5OGEiLCJhbGciOiJIUzI1NiJ9.eyJ1cmwiOiJQUk9EVUNUIElNQUdFUyBCVUNLRVQvaGVhbHRoeS1zbmFja3Mud2VicCIsInNjb3BlIjoiZG93bmxvYWQiLCJpYXQiOjE3ODc2OTc0NjksImV4cCI6MjEwMzA1NzQ2OX0.dwrWkYMdhAVPBgm1Gcew3so5vVFaWx3Tgsk9g28KeoU,,,,,10 g,10,59,1,5.6,3.7,0,3,4,"Use according to the product label. Store in a cool, dry place.","Hazelnuts, Cocoa Beans, Cocoa Butter, Natural Sugar, Emulsifiers, Flavourings",Check label for allergens.,VAR-163-01,SKU-0397,10 g,10 g,Chocolate,,active,149,171,0,5,TRUE,2026-08-23T23:05:00+05:30,2026-08-23T23:05:00+05:30,1,10 g,healthy snacking
PROD-164,Eat Anytime Hazelnut Date Laddoo,eat-anytime-hazelnut-date-laddoo-eat-anytime,EAT ANYTIME,Healthy Snacks & Packaged Foods,Health Foods,LADDU product suitable for a health-focused Indian catalog.,"Eat Anytime Hazelnut Date Laddoo from EAT ANYTIME, listed in the provided Indian packaged-food dataset.",draft,164,General Fitness,healthy snacking,"healthy snacking, eat anytime hazelnut date laddoo, eat anytime, healthy packaged foods",https://vtiplvmddgjfcruqrvvb.supabase.co/storage/v1/object/sign/PRODUCT%20IMAGES%20BUCKET/healthy-snacks.webp?token=eyJraWQiOiJmZTRiZGQ2Yy0zZDI4LTRhODUtYTc1My1lYjc4NjhlNDU5OGEiLCJhbGciOiJIUzI1NiJ9.eyJ1cmwiOiJQUk9EVUNUIElNQUdFUyBCVUNLRVQvaGVhbHRoeS1zbmFja3Mud2VicCIsInNjb3BlIjoiZG93bmxvYWQiLCJpYXQiOjE3ODc2OTc0NjksImV4cCI6MjEwMzA1NzQ2OX0.dwrWkYMdhAVPBgm1Gcew3so5vVFaWx3Tgsk9g28KeoU,,,,,100 g,100,458,14.08,50.4,22.3,9.1,38.6,106.1,"Use according to the product label. Store in a cool, dry place.","Dates, Hazelnuts, Almonds, Cashew Nuts, Cocoa Powder",tree nuts,VAR-164-01,SKU-0398,100 g,100 g,,,active,149,171,0,5,TRUE,2026-08-23T23:05:00+05:30,2026-08-23T23:05:00+05:30,1,100 g,healthy snacking
PROD-165,Eat Better Co Millet Namkeen Mango Achari,eat-better-co-millet-namkeen-mango-achari-eat-better-co,EAT BETTER CO,Healthy Snacks & Packaged Foods,Health Foods,NAMKEEN product suitable for a health-focused Indian catalog.,"Eat Better Co Millet Namkeen Mango Achari from EAT BETTER CO, listed in the provided Indian packaged-food dataset.",draft,165,General Fitness,"breakfast, high fibre","breakfast, high fibre, eat better co millet namkeen mango achari, eat better co, healthy packaged foods",https://vtiplvmddgjfcruqrvvb.supabase.co/storage/v1/object/sign/PRODUCT%20IMAGES%20BUCKET/healthy-snacks.webp?token=eyJraWQiOiJmZTRiZGQ2Yy0zZDI4LTRhODUtYTc1My1lYjc4NjhlNDU5OGEiLCJhbGciOiJIUzI1NiJ9.eyJ1cmwiOiJQUk9EVUNUIElNQUdFUyBCVUNLRVQvaGVhbHRoeS1zbmFja3Mud2VicCIsInNjb3BlIjoiZG93bmxvYWQiLCJpYXQiOjE3ODc2OTc0NjksImV4cCI6MjEwMzA1NzQ2OX0.dwrWkYMdhAVPBgm1Gcew3so5vVFaWx3Tgsk9g28KeoU,,,,,100 g,100,455.6,15,62.5,16.5,10.2,4,931.1,"Use according to the product label. Store in a cool, dry place.","Millets (Jowar Crisps & Ragi Crisps), Peanuts, Rice Crisps, Sunflower Oil, Mango Achari Seasoning",peanuts,VAR-165-01,SKU-0352,100 g,100 g,Mango,,active,65,75,0,5,TRUE,2026-08-23T23:05:00+05:30,2026-08-23T23:05:00+05:30,1,100 g,"breakfast, high fibre"
PROD-166,"Fabelle Hazelnut Handcrafted Chocolate Truffles Inspired by Classic Desserts, Assorted Luxury Chocolates Gift Pack",fabelle-hazelnut-handcrafted-chocolate-truffles-inspired-by-classic-desserts-assorted-luxu-fabelle,FABELLE,Healthy Snacks & Packaged Foods,Health Foods,CHOCOLATE product suitable for a health-focused Indian catalog.,"Fabelle Hazelnut Handcrafted Chocolate Truffles Inspired by Classic Desserts, Assorted Luxury Chocolates Gift Pack from FABELLE, listed in the provided Indian packaged-food dataset.",draft,166,General Fitness,healthy snacking,"healthy snacking, fabelle hazelnut handcrafted chocolate truffles inspired by classic desserts assorted luxury chocolates gift pack, fabelle, healthy packaged foods",https://vtiplvmddgjfcruqrvvb.supabase.co/storage/v1/object/sign/PRODUCT%20IMAGES%20BUCKET/healthy-snacks.webp?token=eyJraWQiOiJmZTRiZGQ2Yy0zZDI4LTRhODUtYTc1My1lYjc4NjhlNDU5OGEiLCJhbGciOiJIUzI1NiJ9.eyJ1cmwiOiJQUk9EVUNUIElNQUdFUyBCVUNLRVQvaGVhbHRoeS1zbmFja3Mud2VicCIsInNjb3BlIjoiZG93bmxvYWQiLCJpYXQiOjE3ODc2OTc0NjksImV4cCI6MjEwMzA1NzQ2OX0.dwrWkYMdhAVPBgm1Gcew3so5vVFaWx3Tgsk9g28KeoU,,,,,100 g,100,585,7.7,48.4,40.5,0,38,113.7,"Use according to the product label. Store in a cool, dry place.","Milk chocolate (55%) (sugar, milk solids (13.4%), cocoa butter, cocoa solids, dextrose, stabilizer (carrageenan), emulsifiers [sorbitan tristearate (from palm oil), ammonium salts of phosphatidic acid (from sunflower oil), lecithin (from soyabean), nature identical flavouring substances), centre filling (hazelnut mousse (45%) (refined palm oil, sugar, nuts (10.0%) [hazelnut (5.0%), almondsi, cocoa solids, milk solids, emulsifiers (mono and diglycerides of fatty acids (from palm oil), lecithin (from soyabean), hydrogenated vegetable oil, nature identical flavouring substances])","milk, soy, tree nuts",VAR-166-01,SKU-0399,100 g,100 g,Chocolate,,active,135,155,0,5,TRUE,2026-08-23T23:05:00+05:30,2026-08-23T23:05:00+05:30,1,100 g,healthy snacking
PROD-167,Farmley Achaari Makhana Roasted In Olive Oil,farmley-achaari-makhana-roasted-in-olive-oil-farmley,FARMLEY,Healthy Snacks & Packaged Foods,Health Foods,MAKHNA product suitable for a health-focused Indian catalog.,"Farmley Achaari Makhana Roasted In Olive Oil from FARMLEY, listed in the provided Indian packaged-food dataset.",draft,167,General Fitness,healthy snacking,"healthy snacking, farmley achaari makhana roasted in olive oil, farmley, healthy snacks",https://vtiplvmddgjfcruqrvvb.supabase.co/storage/v1/object/sign/PRODUCT%20IMAGES%20BUCKET/healthy-snacks.webp?token=eyJraWQiOiJmZTRiZGQ2Yy0zZDI4LTRhODUtYTc1My1lYjc4NjhlNDU5OGEiLCJhbGciOiJIUzI1NiJ9.eyJ1cmwiOiJQUk9EVUNUIElNQUdFUyBCVUNLRVQvaGVhbHRoeS1zbmFja3Mud2VicCIsInNjb3BlIjoiZG93bmxvYWQiLCJpYXQiOjE3ODc2OTc0NjksImV4cCI6MjEwMzA1NzQ2OX0.dwrWkYMdhAVPBgm1Gcew3so5vVFaWx3Tgsk9g28KeoU,,,,,100 g,100,467,7.8,65.2,18.2,0,3.5,295.2,"Use according to the product label. Store in a cool, dry place.","Foxnut (Makhana), Olive Oil, & Condiments (Sugar, Edible Common, Garlic Flakes, Onion Flakes, Oregano, Red Chilli, Hydrolysed Vegetable (Peanut), Cheese Concentrate), (Citric Acid), Colour (Paprika), Flavour Enhancer (INS 635).",peanuts,VAR-167-01,SKU-0330,100 g,100 g,,,active,239,275,0,5,TRUE,2026-08-23T23:05:00+05:30,2026-08-23T23:05:00+05:30,1,100 g,healthy snacking
PROD-168,Farmley Cheesy Cheddar Makhana Roasted In Olive Oil,farmley-cheesy-cheddar-makhana-roasted-in-olive-oil-farmley,FARMLEY,Healthy Snacks & Packaged Foods,Health Foods,MAKHNA product suitable for a health-focused Indian catalog.,"Farmley Cheesy Cheddar Makhana Roasted In Olive Oil from FARMLEY, listed in the provided Indian packaged-food dataset.",draft,168,General Fitness,healthy snacking,"healthy snacking, farmley cheesy cheddar makhana roasted in olive oil, farmley, healthy snacks",https://vtiplvmddgjfcruqrvvb.supabase.co/storage/v1/object/sign/PRODUCT%20IMAGES%20BUCKET/healthy-snacks.webp?token=eyJraWQiOiJmZTRiZGQ2Yy0zZDI4LTRhODUtYTc1My1lYjc4NjhlNDU5OGEiLCJhbGciOiJIUzI1NiJ9.eyJ1cmwiOiJQUk9EVUNUIElNQUdFUyBCVUNLRVQvaGVhbHRoeS1zbmFja3Mud2VicCIsInNjb3BlIjoiZG93bmxvYWQiLCJpYXQiOjE3ODc2OTc0NjksImV4cCI6MjEwMzA1NzQ2OX0.dwrWkYMdhAVPBgm1Gcew3so5vVFaWx3Tgsk9g28KeoU,,,,,100 g,100,490,7.8,65,20.5,11.2,1.5,254,"Use according to the product label. Store in a cool, dry place.","Foxnut (Makhana), Olive Oil, Spices and Condiments (Iodised Salt, Milk Solids, Sugar, Yeast Extract), Acidity Regulator (Citric Acid), Colour (Paprika Extract), Anticaking Agent (INS 551), and Flavour Enhancer (INS 635)",milk,VAR-168-01,SKU-0331,100 g,100 g,,,active,239,275,0,5,TRUE,2026-08-23T23:05:00+05:30,2026-08-23T23:05:00+05:30,1,100 g,healthy snacking
PROD-169,Farmley Cream And Onion Makhana Roasted In Olive Oil,farmley-cream-and-onion-makhana-roasted-in-olive-oil-farmley,FARMLEY,Healthy Snacks & Packaged Foods,Health Foods,MAKHNA product suitable for a health-focused Indian catalog.,"Farmley Cream And Onion Makhana Roasted In Olive Oil from FARMLEY, listed in the provided Indian packaged-food dataset.",draft,169,General Fitness,healthy snacking,"healthy snacking, farmley cream and onion makhana roasted in olive oil, farmley, healthy snacks",https://vtiplvmddgjfcruqrvvb.supabase.co/storage/v1/object/sign/PRODUCT%20IMAGES%20BUCKET/healthy-snacks.webp?token=eyJraWQiOiJmZTRiZGQ2Yy0zZDI4LTRhODUtYTc1My1lYjc4NjhlNDU5OGEiLCJhbGciOiJIUzI1NiJ9.eyJ1cmwiOiJQUk9EVUNUIElNQUdFUyBCVUNLRVQvaGVhbHRoeS1zbmFja3Mud2VicCIsInNjb3BlIjoiZG93bmxvYWQiLCJpYXQiOjE3ODc2OTc0NjksImV4cCI6MjEwMzA1NzQ2OX0.dwrWkYMdhAVPBgm1Gcew3so5vVFaWx3Tgsk9g28KeoU,,,,,100 g,100,470,7.8,62,21,11.9,5.2,275,"Use according to the product label. Store in a cool, dry place.","Foxnut (Makhana), Olive Oil, Spices and Condiments (Onion Powder, Parsley Leaf), Milk Powder, Sugar, Iodised Salt, Corn Starch, Acidity Regulator (Citric Acid), Anti Caking Agent (Ins 551), Flavour Enhancer (Ins 627, Ins 631)",milk,VAR-169-01,SKU-0332,100 g,100 g,,,active,239,275,0,5,TRUE,2026-08-23T23:05:00+05:30,2026-08-23T23:05:00+05:30,1,100 g,healthy snacking
PROD-170,Farmley Himalayan Salted Makhana Roasted In Olive Oil,farmley-himalayan-salted-makhana-roasted-in-olive-oil-farmley,FARMLEY,Healthy Snacks & Packaged Foods,Health Foods,MAKHNA product suitable for a health-focused Indian catalog.,"Farmley Himalayan Salted Makhana Roasted In Olive Oil from FARMLEY, listed in the provided Indian packaged-food dataset.",draft,170,General Fitness,healthy snacking,"healthy snacking, farmley himalayan salted makhana roasted in olive oil, farmley, healthy snacks",https://vtiplvmddgjfcruqrvvb.supabase.co/storage/v1/object/sign/PRODUCT%20IMAGES%20BUCKET/healthy-snacks.webp?token=eyJraWQiOiJmZTRiZGQ2Yy0zZDI4LTRhODUtYTc1My1lYjc4NjhlNDU5OGEiLCJhbGciOiJIUzI1NiJ9.eyJ1cmwiOiJQUk9EVUNUIElNQUdFUyBCVUNLRVQvaGVhbHRoeS1zbmFja3Mud2VicCIsInNjb3BlIjoiZG93bmxvYWQiLCJpYXQiOjE3ODc2OTc0NjksImV4cCI6MjEwMzA1NzQ2OX0.dwrWkYMdhAVPBgm1Gcew3so5vVFaWx3Tgsk9g28KeoU,,,,,100 g,100,510,7.8,68,22,11.2,0.5,315,"Use according to the product label. Store in a cool, dry place.","Energy (kcal) 532.1, Protein (g) 6.9, Carbohydrate (g) 54.2, Total Sugar (g) 1.8, Dietary Fiber (g) 11.6, Total Fat (g) 20.0, Saturated Fat (g) 11.1, Trans Fat (g) 0.0, Cholesterol (mg) 0.0, Sodium (mg) 210.0",Check label for allergens.,VAR-170-01,SKU-0333,100 g,100 g,,,active,239,275,0,5,TRUE,2026-08-23T23:05:00+05:30,2026-08-23T23:05:00+05:30,1,100 g,healthy snacking
PROD-171,Gladful Choco Pancake Sprouted Millets and Masoor Mix,gladful-choco-pancake-sprouted-millets-and-masoor-mix-gladful,GLADFUL,Healthy Snacks & Packaged Foods,Health Foods,PANCAKE MIX product suitable for a health-focused Indian catalog.,"Gladful Choco Pancake Sprouted Millets and Masoor Mix from GLADFUL, listed in the provided Indian packaged-food dataset.",draft,171,General Fitness,"breakfast, high fibre","breakfast, high fibre, gladful choco pancake sprouted millets and masoor mix, gladful, healthy packaged foods",https://vtiplvmddgjfcruqrvvb.supabase.co/storage/v1/object/sign/PRODUCT%20IMAGES%20BUCKET/healthy-snacks.webp?token=eyJraWQiOiJmZTRiZGQ2Yy0zZDI4LTRhODUtYTc1My1lYjc4NjhlNDU5OGEiLCJhbGciOiJIUzI1NiJ9.eyJ1cmwiOiJQUk9EVUNUIElNQUdFUyBCVUNLRVQvaGVhbHRoeS1zbmFja3Mud2VicCIsInNjb3BlIjoiZG93bmxvYWQiLCJpYXQiOjE3ODc2OTc0NjksImV4cCI6MjEwMzA1NzQ2OX0.dwrWkYMdhAVPBgm1Gcew3so5vVFaWx3Tgsk9g28KeoU,,,,,30 g,30,307,10,61.9,2.1,4.5,18.9,360,"Use according to the product label. Store in a cool, dry place.","Sprouted Masoor, Foxtail Millet, Oats, Jawar, Banana, Chocolate, Raw Unrefined Cane Sugar, VANILLA CAKE, Baking Powder",Check label for allergens.,VAR-171-01,SKU-0353,30 g,30 g,,,active,149,171,0,5,TRUE,2026-08-23T23:05:00+05:30,2026-08-23T23:05:00+05:30,1,30 g,"breakfast, high fibre"
PROD-172,Coconut Laddu,coconut-laddu-go-desi,GO DESI,Healthy Snacks & Packaged Foods,Health Foods,LADDU product suitable for a health-focused Indian catalog.,"Coconut Laddu from GO DESI, listed in the provided Indian packaged-food dataset.",draft,172,General Fitness,healthy snacking,"healthy snacking, coconut laddu, go desi, healthy packaged foods",https://vtiplvmddgjfcruqrvvb.supabase.co/storage/v1/object/sign/PRODUCT%20IMAGES%20BUCKET/healthy-snacks.webp?token=eyJraWQiOiJmZTRiZGQ2Yy0zZDI4LTRhODUtYTc1My1lYjc4NjhlNDU5OGEiLCJhbGciOiJIUzI1NiJ9.eyJ1cmwiOiJQUk9EVUNUIElNQUdFUyBCVUNLRVQvaGVhbHRoeS1zbmFja3Mud2VicCIsInNjb3BlIjoiZG93bmxvYWQiLCJpYXQiOjE3ODc2OTc0NjksImV4cCI6MjEwMzA1NzQ2OX0.dwrWkYMdhAVPBgm1Gcew3so5vVFaWx3Tgsk9g28KeoU,,,,,100 g,100,424.45,5.66,75.86,10.8,7.53,46.11,108.83,"Use according to the product label. Store in a cool, dry place.","Coconut Powder (52%), Jaggery (35%), Preservatives (INS 202, INS 211)",Check label for allergens.,VAR-172-01,SKU-0391,100 g,100 g,,,active,399,459,0,5,TRUE,2026-08-23T23:05:00+05:30,2026-08-23T23:05:00+05:30,1,100 g,healthy snacking
PROD-173,Go Zero Hazelnut Chocolate Low Calorie Guilt Free Ice Cream Bar,go-zero-hazelnut-chocolate-low-calorie-guilt-free-ice-cream-bar-go-zero,GO ZERO,Healthy Snacks & Packaged Foods,Health Foods,CHOCOBAR product suitable for a health-focused Indian catalog.,"Go Zero Hazelnut Chocolate Low Calorie Guilt Free Ice Cream Bar from GO ZERO, listed in the provided Indian packaged-food dataset.",draft,173,General Fitness,"weight management, healthy snacking","weight management, healthy snacking, go zero hazelnut chocolate low calorie guilt free ice cream bar, go zero, healthy packaged foods",https://vtiplvmddgjfcruqrvvb.supabase.co/storage/v1/object/sign/PRODUCT%20IMAGES%20BUCKET/healthy-snacks.webp?token=eyJraWQiOiJmZTRiZGQ2Yy0zZDI4LTRhODUtYTc1My1lYjc4NjhlNDU5OGEiLCJhbGciOiJIUzI1NiJ9.eyJ1cmwiOiJQUk9EVUNUIElNQUdFUyBCVUNLRVQvaGVhbHRoeS1zbmFja3Mud2VicCIsInNjb3BlIjoiZG93bmxvYWQiLCJpYXQiOjE3ODc2OTc0NjksImV4cCI6MjEwMzA1NzQ2OX0.dwrWkYMdhAVPBgm1Gcew3so5vVFaWx3Tgsk9g28KeoU,,,,,100 g,100,149,2.5,15.8,11.3,2.9,2,19.8,"Use according to the product label. Store in a cool, dry place.","Inner Ice Cream Layer (77%) - Milk and Milk Solids (Cream, Skimmed Milk Powder), Maltitol, Hazelnut Paste (9%), Oligofructose, Cocoa Solids, Permitted Emulsifier (471, 433) and Stabilizer (412, 407, 461), Coffee Powder, Stevia. Outer Layer (23%) - Chocolate Paste (Maltitol, Edible Vegetable Oil, Cocoa Solids, Soya Lecithin), Edible Vegetable Oil, Cocoa Butter, Hazelnut (2%)","milk, soy",VAR-173-01,SKU-0400,100 g,100 g,Chocolate,,active,135,155,0,5,TRUE,2026-08-23T23:05:00+05:30,2026-08-23T23:05:00+05:30,1,100 g,"weight management, healthy snacking"
PROD-174,Let's Try Sour Cream And Onion Makhana Puffs,let-s-try-sour-cream-and-onion-makhana-puffs-let-s-try,LET'S TRY,Healthy Snacks & Packaged Foods,Health Foods,MAKHNA product suitable for a health-focused Indian catalog.,"Let's Try Sour Cream And Onion Makhana Puffs from LET'S TRY, listed in the provided Indian packaged-food dataset.",draft,174,General Fitness,healthy snacking,"healthy snacking, let s try sour cream and onion makhana puffs, let s try, healthy snacks",https://vtiplvmddgjfcruqrvvb.supabase.co/storage/v1/object/sign/PRODUCT%20IMAGES%20BUCKET/healthy-snacks.webp?token=eyJraWQiOiJmZTRiZGQ2Yy0zZDI4LTRhODUtYTc1My1lYjc4NjhlNDU5OGEiLCJhbGciOiJIUzI1NiJ9.eyJ1cmwiOiJQUk9EVUNUIElNQUdFUyBCVUNLRVQvaGVhbHRoeS1zbmFja3Mud2VicCIsInNjb3BlIjoiZG93bmxvYWQiLCJpYXQiOjE3ODc2OTc0NjksImV4cCI6MjEwMzA1NzQ2OX0.dwrWkYMdhAVPBgm1Gcew3so5vVFaWx3Tgsk9g28KeoU,,,,,100 g,100,257,5,38,8,5,2,370,"Use according to the product label. Store in a cool, dry place.","Foxnut Flour (40%), Rice Grits, Corn Grits, Edible Vegetable Oil (Rice Bran Oil/Cottonseed Oil), Seasoning (Sugar, Iodised Salt, Milk Solids, Spices , Condiments, Maltodextrin, Flavour (Natural, Nature Identical Flavouring Substances), Cheese Powder, Hydrolysed Vegetable Protein, Flavour Enhancers (627, 631), Edible Vegetable Oil, and Anticaking Agent (551))",milk,VAR-174-01,SKU-0336,100 g,100 g,,,active,80,92,0,5,TRUE,2026-08-23T23:05:00+05:30,2026-08-23T23:05:00+05:30,1,100 g,healthy snacking
PROD-175,Ragi Kaju Pista Cookies,ragi-kaju-pista-cookies-let-s-try,LET'S TRY,Healthy Snacks & Packaged Foods,Health Foods,COOKIES product suitable for a health-focused Indian catalog.,"Ragi Kaju Pista Cookies from LET'S TRY, listed in the provided Indian packaged-food dataset.",draft,175,General Fitness,breakfast,"breakfast, ragi kaju pista cookies, let s try, better-for-you biscuits",https://vtiplvmddgjfcruqrvvb.supabase.co/storage/v1/object/sign/PRODUCT%20IMAGES%20BUCKET/healthy-snacks.webp?token=eyJraWQiOiJmZTRiZGQ2Yy0zZDI4LTRhODUtYTc1My1lYjc4NjhlNDU5OGEiLCJhbGciOiJIUzI1NiJ9.eyJ1cmwiOiJQUk9EVUNUIElNQUdFUyBCVUNLRVQvaGVhbHRoeS1zbmFja3Mud2VicCIsInNjb3BlIjoiZG93bmxvYWQiLCJpYXQiOjE3ODc2OTc0NjksImV4cCI6MjEwMzA1NzQ2OX0.dwrWkYMdhAVPBgm1Gcew3so5vVFaWx3Tgsk9g28KeoU,,,,,100 g,100,488.55,9.55,63.38,21.87,4.66,13.57,61.78,"Use according to the product label. Store in a cool, dry place.","Artificial Flavouring Substances Butter, Artificial Flavouring Substances Cashew, Brown Sugar, Cashew, Corn Flour, Glucose, Honey, Hydrogenated Vegetable Fat, Milk Solids, Pistachios, Raising Agent (INS 503), Ragi Flour, and Wheat Flour","milk, tree nuts, wheat/gluten",VAR-175-01,SKU-0366,100 g,100 g,,,active,220,253,0,5,TRUE,2026-08-23T23:05:00+05:30,2026-08-23T23:05:00+05:30,1,100 g,breakfast
PROD-176,Lindt Excellence 90% Cocoa Dark Chocolate,lindt-excellence-90-cocoa-dark-chocolate,Lindt,Healthy Snacks & Packaged Foods,Health Foods,90% cocoa dark chocolate. Rich in flavanols and antioxidants. Low sugar indulgence.,"Lindt Excellence 90% Cocoa is an intense dark chocolate with a rich cocoa flavour and minimum sugar, delivering significant levels of flavanols and antioxidants. Each 10g square contains 60mg of flavanols associated with cardiovascular and cognitive benefits. A smart indulgence for health-conscious chocolate lovers.",draft,176,General Fitness,"Antioxidants,Heart Health,Low Sugar,Healthy Indulgence","dark chocolate,lindt,90 percent cocoa,flavanols,antioxidants,low sugar",https://www.megaalina.md/upfiles/goods-items/316747001740391223.webp,https://www.megaalina.md/upfiles/goods-items/316747001740391223.webp,,,,3 Squares (30g),30,175,3,11,15,1,1,5,Enjoy 1–3 squares as a daily indulgence. Savour slowly to appreciate the rich cocoa flavour.,"Cocoa Mass, Cocoa Powder, Cocoa Butter, Sugar (10%), Vanilla Extract, Soy Lecithin",Contains soy and milk traces. Dark chocolate is not suitable for children under 3 or pets.,VAR-176-01,LIN-DC-100-85,100g Bar - 85% Cocoa,100g,85% Cocoa,,active,279,329,0,5,TRUE,2026-08-23T17:59:48Z,2026-08-23T17:59:48Z,2,100g Bar - 85% Cocoa | 100g Bar - 90% Cocoa,"Antioxidants,Heart Health,Low Sugar,Healthy Indulgence"
PROD-176,Lindt Excellence 90% Cocoa Dark Chocolate,lindt-excellence-90-cocoa-dark-chocolate,Lindt,Healthy Snacks & Packaged Foods,Health Foods,90% cocoa dark chocolate. Rich in flavanols and antioxidants. Low sugar indulgence.,"Lindt Excellence 90% Cocoa is an intense dark chocolate with a rich cocoa flavour and minimum sugar, delivering significant levels of flavanols and antioxidants. Each 10g square contains 60mg of flavanols associated with cardiovascular and cognitive benefits. A smart indulgence for health-conscious chocolate lovers.",draft,176,General Fitness,"Antioxidants,Heart Health,Low Sugar,Healthy Indulgence","dark chocolate,lindt,90 percent cocoa,flavanols,antioxidants,low sugar",https://www.megaalina.md/upfiles/goods-items/316747001740391223.webp,https://www.megaalina.md/upfiles/goods-items/316747001740391223.webp,,,,3 Squares (30g),30,175,3,11,15,1,1,5,Enjoy 1–3 squares as a daily indulgence. Savour slowly to appreciate the rich cocoa flavour.,"Cocoa Mass, Cocoa Powder, Cocoa Butter, Sugar (10%), Vanilla Extract, Soy Lecithin",Contains soy and milk traces. Dark chocolate is not suitable for children under 3 or pets.,VAR-176-02,LIN-DC-100-90,100g Bar - 90% Cocoa,100g,90% Cocoa,,active,299,349,0,5,FALSE,2026-08-23T17:59:48Z,2026-08-23T17:59:48Z,2,100g Bar - 85% Cocoa | 100g Bar - 90% Cocoa,"Antioxidants,Heart Health,Low Sugar,Healthy Indulgence"
PROD-177,Manna Health Mix- Multigrain Drink For Kids,manna-health-mix-multigrain-drink-for-kids-manna,MANNA,Healthy Snacks & Packaged Foods,Health Foods,MALT product suitable for a health-focused Indian catalog.,"Manna Health Mix- Multigrain Drink For Kids from MANNA, listed in the provided Indian packaged-food dataset.",draft,177,General Fitness,health & wellness,"health & wellness, manna health mix multigrain drink for kids, manna, healthy packaged foods",https://vtiplvmddgjfcruqrvvb.supabase.co/storage/v1/object/sign/PRODUCT%20IMAGES%20BUCKET/healthy-snacks.webp?token=eyJraWQiOiJmZTRiZGQ2Yy0zZDI4LTRhODUtYTc1My1lYjc4NjhlNDU5OGEiLCJhbGciOiJIUzI1NiJ9.eyJ1cmwiOiJQUk9EVUNUIElNQUdFUyBCVUNLRVQvaGVhbHRoeS1zbmFja3Mud2VicCIsInNjb3BlIjoiZG93bmxvYWQiLCJpYXQiOjE3ODc2OTc0NjksImV4cCI6MjEwMzA1NzQ2OX0.dwrWkYMdhAVPBgm1Gcew3so5vVFaWx3Tgsk9g28KeoU,,,,,100 g,100,380,10,76,4,10,0,50,"Use according to the product label. Store in a cool, dry place.","Millets, Cereals 82% (Ragi, Bajra, Com, Jowat Wheat, Red Rice, Barley Puises 12% (Bengal Gram, Green Gram) Sago, Nuts 2% Ground Nut, Almond, Cashewnut), and Cardamom","tree nuts, wheat/gluten",VAR-177-01,SKU-0357,100 g,100 g,,,active,379,436,0,5,TRUE,2026-08-23T23:05:00+05:30,2026-08-23T23:05:00+05:30,1,100 g,health & wellness
PROD-178,"Ritebite Max Protein Cheese & Jalapeno 10G Multigrain Protein Chips, Healthy Snacks & Munchies",ritebite-max-protein-cheese-jalapeno-10g-multigrain-protein-chips-healthy-snacks-munchies-max-protein,MAX PROTEIN,Healthy Snacks & Packaged Foods,Health Foods,CHIPS product suitable for a health-focused Indian catalog.,"Ritebite Max Protein Cheese & Jalapeno 10G Multigrain Protein Chips, Healthy Snacks & Munchies from MAX PROTEIN, listed in the provided Indian packaged-food dataset.",draft,178,General Fitness,"protein, healthy snacking","protein, healthy snacking, ritebite max protein cheese jalapeno 10g multigrain protein chips healthy snacks munchies, max protein, healthy snacks",https://vtiplvmddgjfcruqrvvb.supabase.co/storage/v1/object/sign/PRODUCT%20IMAGES%20BUCKET/healthy-snacks.webp?token=eyJraWQiOiJmZTRiZGQ2Yy0zZDI4LTRhODUtYTc1My1lYjc4NjhlNDU5OGEiLCJhbGciOiJIUzI1NiJ9.eyJ1cmwiOiJQUk9EVUNUIElNQUdFUyBCVUNLRVQvaGVhbHRoeS1zbmFja3Mud2VicCIsInNjb3BlIjoiZG93bmxvYWQiLCJpYXQiOjE3ODc2OTc0NjksImV4cCI6MjEwMzA1NzQ2OX0.dwrWkYMdhAVPBgm1Gcew3so5vVFaWx3Tgsk9g28KeoU,,,,,60 g,60,289,10,29.4,14.1,4,1.9,500,"Use according to the product label. Store in a cool, dry place.","Millets & Pulses Blend Flour (Jowar/Sorghum, Chickpeas, Quinoa, Whole Grain Oats, Ragi, Soy, Urad), Rice Bran Oil, Soy Protein Concentrate, Dietary Fiber, Sugar, Ajwain Powder, Black Pepper, Rock Salt, Fenugreek Powder, Milk Solids, Spices & Condiments (Onion, Garlic, Jalapeno, Ginger, Chili, Parsley), Edible Starch, Cheese Powder, Vinegar Powder, Soya Sauce Powder, Acidity Regulator (E296, E330)","milk, soy",VAR-178-01,SKU-0309,60 g,60 g,,,active,45,52,0,5,TRUE,2026-08-23T23:05:00+05:30,2026-08-23T23:05:00+05:30,1,60 g,"protein, healthy snacking"
PROD-179,"Ritebite Max Protein Cookie Choco Almond, Sugar Free Premium Biscuit Cookies",ritebite-max-protein-cookie-choco-almond-sugar-free-premium-biscuit-cookies-max-protein,MAX PROTEIN,Healthy Snacks & Packaged Foods,Health Foods,COOKIES product suitable for a health-focused Indian catalog.,"Ritebite Max Protein Cookie Choco Almond, Sugar Free Premium Biscuit Cookies from MAX PROTEIN, listed in the provided Indian packaged-food dataset.",draft,179,General Fitness,"protein, healthy snacking","protein, healthy snacking, ritebite max protein cookie choco almond sugar free premium biscuit cookies, max protein, better-for-you biscuits",https://vtiplvmddgjfcruqrvvb.supabase.co/storage/v1/object/sign/PRODUCT%20IMAGES%20BUCKET/healthy-snacks.webp?token=eyJraWQiOiJmZTRiZGQ2Yy0zZDI4LTRhODUtYTc1My1lYjc4NjhlNDU5OGEiLCJhbGciOiJIUzI1NiJ9.eyJ1cmwiOiJQUk9EVUNUIElNQUdFUyBCVUNLRVQvaGVhbHRoeS1zbmFja3Mud2VicCIsInNjb3BlIjoiZG93bmxvYWQiLCJpYXQiOjE3ODc2OTc0NjksImV4cCI6MjEwMzA1NzQ2OX0.dwrWkYMdhAVPBgm1Gcew3so5vVFaWx3Tgsk9g28KeoU,,,,,100 g,100,278,12,22.1,16.3,8,3.5,176,"Use according to the product label. Store in a cool, dry place.","Almond Bits (8%), Antioxidant (Rosemary Extract), Binding Agents Xanthan Gum,Binding Agents Gum Acacia, Cocoa Powder, Dietary Fiber (Fructo-oligosaccharide), Emulsifiers (Soy Lecithin), Humectant (Glycerine), Leavening Agent (Baking Powder), Millets,Wheat Flour, Corn Flour, Oats Flour, Ragi Flour, Quinoa Flour, Amaranth Puffs, Roasted Chick Pea Flour, High Protein Peanut Flour, Wheat Protein, Soy Protein Isolate, Whey Protein Concentrate, Psyllium Husk, Rice Bran Oil, Salt, Sweetener (Sucralose),  Tricalcium Phosphate","soy, tree nuts, peanuts, wheat/gluten",VAR-179-01,SKU-0322,100 g,100 g,,,active,60,69,0,5,TRUE,2026-08-23T23:05:00+05:30,2026-08-23T23:05:00+05:30,1,100 g,"protein, healthy snacking"
PROD-180,"Ritebite Max Protein Cookie Choco Chips, No Maida Multigrain Premium Biscuit Cookies",ritebite-max-protein-cookie-choco-chips-no-maida-multigrain-premium-biscuit-cookies-max-protein,MAX PROTEIN,Healthy Snacks & Packaged Foods,Health Foods,COOKIES product suitable for a health-focused Indian catalog.,"Ritebite Max Protein Cookie Choco Chips, No Maida Multigrain Premium Biscuit Cookies from MAX PROTEIN, listed in the provided Indian packaged-food dataset.",draft,180,General Fitness,protein,"protein, ritebite max protein cookie choco chips no maida multigrain premium biscuit cookies, max protein, better-for-you biscuits",https://vtiplvmddgjfcruqrvvb.supabase.co/storage/v1/object/sign/PRODUCT%20IMAGES%20BUCKET/healthy-snacks.webp?token=eyJraWQiOiJmZTRiZGQ2Yy0zZDI4LTRhODUtYTc1My1lYjc4NjhlNDU5OGEiLCJhbGciOiJIUzI1NiJ9.eyJ1cmwiOiJQUk9EVUNUIElNQUdFUyBCVUNLRVQvaGVhbHRoeS1zbmFja3Mud2VicCIsInNjb3BlIjoiZG93bmxvYWQiLCJpYXQiOjE3ODc2OTc0NjksImV4cCI6MjEwMzA1NzQ2OX0.dwrWkYMdhAVPBgm1Gcew3so5vVFaWx3Tgsk9g28KeoU,,,,,100 g,100,263,10,24.8,13.3,4,10,0,"Use according to the product label. Store in a cool, dry place.","Binding Agent (Gum Acacia),Binding Agent( Xanthan Gum), Cocoa Powder, Compound Chips (16%) ,Sugar, Edible Vegetable Fat (Hydrogenated), Cocoa Solids, Dextrose and Emulsifier (INS322(i) - Lecithin of Soya Origin)), Condensed Milk, Dietary Fiber (Fructooligosaccharide), Edible Vegetable Oil (Bakery Shortening), Emulsifier INS471, Emulsifier INS472e , High Protein Peanut Flour, Humectant (Glycerine), Invert Sugar, Leavening Agent (Baking Soda), Wheat Flour, Oats Flour, Quinoa Flour, Bengal Gram Flour, Ragi Flour, Corn Flour, Amaranth Puff), Protein Blend (25%) ,High Protein Peanut Flour, Whey Protein Concentrate, Wheat Protein, Soy Protein Concentrate, Salt, Sugar Powder,  Tribasic Calcium Phosphate","milk, soy, peanuts, wheat/gluten",VAR-180-01,SKU-0310,100 g,100 g,,,active,50,57,0,5,TRUE,2026-08-23T23:05:00+05:30,2026-08-23T23:05:00+05:30,1,100 g,protein
PROD-181,"Ritebite Max Protein Cookie Trail Mix, No Maida Multigrain Premium Biscuit Cookies",ritebite-max-protein-cookie-trail-mix-no-maida-multigrain-premium-biscuit-cookies-max-protein,MAX PROTEIN,Healthy Snacks & Packaged Foods,Health Foods,COOKIES product suitable for a health-focused Indian catalog.,"Ritebite Max Protein Cookie Trail Mix, No Maida Multigrain Premium Biscuit Cookies from MAX PROTEIN, listed in the provided Indian packaged-food dataset.",draft,181,General Fitness,protein,"protein, ritebite max protein cookie trail mix no maida multigrain premium biscuit cookies, max protein, better-for-you biscuits",https://vtiplvmddgjfcruqrvvb.supabase.co/storage/v1/object/sign/PRODUCT%20IMAGES%20BUCKET/healthy-snacks.webp?token=eyJraWQiOiJmZTRiZGQ2Yy0zZDI4LTRhODUtYTc1My1lYjc4NjhlNDU5OGEiLCJhbGciOiJIUzI1NiJ9.eyJ1cmwiOiJQUk9EVUNUIElNQUdFUyBCVUNLRVQvaGVhbHRoeS1zbmFja3Mud2VicCIsInNjb3BlIjoiZG93bmxvYWQiLCJpYXQiOjE3ODc2OTc0NjksImV4cCI6MjEwMzA1NzQ2OX0.dwrWkYMdhAVPBgm1Gcew3so5vVFaWx3Tgsk9g28KeoU,,,,,100 g,100,239,10,25.3,11.6,4,11,129,"Use according to the product label. Store in a cool, dry place.","Protein Blend 25%, High Protein Peanut Flour, Wheat Protein, Soy Protein Isolate, Whey Protein Concentrate, Edible Vegetable Fat (Hydrogenated), Rice Bran Oil, Invert Syrup, Condensed Milk, Dietary Fiber (Fructooligosaccharide),Dietary Fiber( Gum Acacia),  Wheat, Corn, Oats, Ragi, Quinoa, Amaranth, Roasted Chickpea, Raisins(4%), Sugar, Butterscotch PUFFS, Cranberries(2%), Cashew Nuts(3%), Humectant (Glycerine), Dried Black Currants(2%), Leavening Agent (Baking Powder), Tricalcium Phosphate, Emulsifiers INS471,Emulsifiers INS472e,Emulsifiers INS322(i), Soy Lecithin, Salt, Antioxidant(Rosemary Extract)","milk, soy, tree nuts, peanuts, wheat/gluten",VAR-181-01,SKU-0311,100 g,100 g,,,active,50,57,0,5,TRUE,2026-08-23T23:05:00+05:30,2026-08-23T23:05:00+05:30,1,100 g,protein
PROD-182,Ritebite Max Protein Desi Masala 10G Multigrain Protein Chips,ritebite-max-protein-desi-masala-10g-multigrain-protein-chips-max-protein,MAX PROTEIN,Healthy Snacks & Packaged Foods,Health Foods,CHIPS product suitable for a health-focused Indian catalog.,"Ritebite Max Protein Desi Masala 10G Multigrain Protein Chips from MAX PROTEIN, listed in the provided Indian packaged-food dataset.",draft,182,General Fitness,"protein, healthy snacking","protein, healthy snacking, ritebite max protein desi masala 10g multigrain protein chips, max protein, healthy snacks",https://vtiplvmddgjfcruqrvvb.supabase.co/storage/v1/object/sign/PRODUCT%20IMAGES%20BUCKET/healthy-snacks.webp?token=eyJraWQiOiJmZTRiZGQ2Yy0zZDI4LTRhODUtYTc1My1lYjc4NjhlNDU5OGEiLCJhbGciOiJIUzI1NiJ9.eyJ1cmwiOiJQUk9EVUNUIElNQUdFUyBCVUNLRVQvaGVhbHRoeS1zbmFja3Mud2VicCIsInNjb3BlIjoiZG93bmxvYWQiLCJpYXQiOjE3ODc2OTc0NjksImV4cCI6MjEwMzA1NzQ2OX0.dwrWkYMdhAVPBgm1Gcew3so5vVFaWx3Tgsk9g28KeoU,,,,,60 g,60,286,10,29.9,13.6,4,1.8,0.5,"Use according to the product label. Store in a cool, dry place.","Millets & Pulses Blend Flour (57%) (Jowar / Sorghum, Chickpeas, Quinoa, Whole Grain Oats, Ragi, Soy, Urad), Rice Bran Oil, Soy Protein Concentrate, Dietary Fiber, Sugar, Ajwain Powder, Black Pepper, Rock Salt, Fenugreek Powder, Chilli Powder, Coriander Powder, Dry Mango Powder, Ginger Powder, Black Pepper Powder, Cumin Powder, Turmeric Powder, Clove Powder, Cinnamon Powder, Acidity Regulator (E330), Anti-caking Agent (E551)",soy,VAR-182-01,SKU-0312,60 g,60 g,,,active,45,52,0,5,TRUE,2026-08-23T23:05:00+05:30,2026-08-23T23:05:00+05:30,1,60 g,"protein, healthy snacking"
PROD-183,MOM Black Salt Roasted Makhana,mom-black-salt-roasted-makhana-mom,MOM,Healthy Snacks & Packaged Foods,Health Foods,MAKHNA product suitable for a health-focused Indian catalog.,"MOM Black Salt Roasted Makhana from MOM, listed in the provided Indian packaged-food dataset.",draft,183,General Fitness,healthy snacking,"healthy snacking, mom black salt roasted makhana, mom, healthy snacks",https://vtiplvmddgjfcruqrvvb.supabase.co/storage/v1/object/sign/PRODUCT%20IMAGES%20BUCKET/healthy-snacks.webp?token=eyJraWQiOiJmZTRiZGQ2Yy0zZDI4LTRhODUtYTc1My1lYjc4NjhlNDU5OGEiLCJhbGciOiJIUzI1NiJ9.eyJ1cmwiOiJQUk9EVUNUIElNQUdFUyBCVUNLRVQvaGVhbHRoeS1zbmFja3Mud2VicCIsInNjb3BlIjoiZG93bmxvYWQiLCJpYXQiOjE3ODc2OTc0NjksImV4cCI6MjEwMzA1NzQ2OX0.dwrWkYMdhAVPBgm1Gcew3so5vVFaWx3Tgsk9g28KeoU,,,,,100 g,100,440,7,77,11,4,0,940,"Use according to the product label. Store in a cool, dry place.","Acidity Regulator (INS 330), Anticaking Agent (INS 551), Black Salt, Chilli, Edible Vegetable Oil (Sunflower), Flavour Enhancers (INS 627 and INS 631), Garlic Powder, Ginger, Hydrolysed Vegetable Protein, Iosied Salt, Lemon Powder, Makhana (Fox-nuts), Onion Powder, Seasoning (Sugar, Tomato Powder, and Yeast Extract), Spice and Condiments, Tomato Powder",Check label for allergens.,VAR-183-01,SKU-0337,100 g,100 g,,,active,150,172,0,5,TRUE,2026-08-23T23:05:00+05:30,2026-08-23T23:05:00+05:30,1,100 g,healthy snacking
PROD-184,MR. MAKHANA Fox Nuts Black Salt,mr-makhana-fox-nuts-black-salt-mr-mahkana,MR MAHKANA,Healthy Snacks & Packaged Foods,Health Foods,MAKHNA product suitable for a health-focused Indian catalog.,"MR. MAKHANA Fox Nuts Black Salt from MR MAHKANA, listed in the provided Indian packaged-food dataset.",draft,184,General Fitness,healthy snacking,"healthy snacking, mr makhana fox nuts black salt, mr mahkana, healthy snacks",https://vtiplvmddgjfcruqrvvb.supabase.co/storage/v1/object/sign/PRODUCT%20IMAGES%20BUCKET/healthy-snacks.webp?token=eyJraWQiOiJmZTRiZGQ2Yy0zZDI4LTRhODUtYTc1My1lYjc4NjhlNDU5OGEiLCJhbGciOiJIUzI1NiJ9.eyJ1cmwiOiJQUk9EVUNUIElNQUdFUyBCVUNLRVQvaGVhbHRoeS1zbmFja3Mud2VicCIsInNjb3BlIjoiZG93bmxvYWQiLCJpYXQiOjE3ODc2OTc0NjksImV4cCI6MjEwMzA1NzQ2OX0.dwrWkYMdhAVPBgm1Gcew3so5vVFaWx3Tgsk9g28KeoU,,,,,100 g,100,357.6,7.1,39.9,18.4,3.7,0.5,196.1,"Use according to the product label. Store in a cool, dry place.","Makhana (Popped Lotus Seeds) 70%, Olive Oil 10%, Maltodextrin, Black Salt, Acidity Regulators (E330 and E334), Anti-Caking Agents (E551 and E341)",Check label for allergens.,VAR-184-01,SKU-0318,100 g,100 g,,,active,150,172,0,5,TRUE,2026-08-23T23:05:00+05:30,2026-08-23T23:05:00+05:30,1,100 g,healthy snacking
PROD-185,Mr Makhana Super Snack - Pudina Party,mr-makhana-super-snack-pudina-party-mr-mahkana,MR MAHKANA,Healthy Snacks & Packaged Foods,Health Foods,MAKHNA product suitable for a health-focused Indian catalog.,"Mr Makhana Super Snack - Pudina Party from MR MAHKANA, listed in the provided Indian packaged-food dataset.",draft,185,General Fitness,healthy snacking,"healthy snacking, mr makhana super snack pudina party, mr mahkana, healthy snacks",https://vtiplvmddgjfcruqrvvb.supabase.co/storage/v1/object/sign/PRODUCT%20IMAGES%20BUCKET/healthy-snacks.webp?token=eyJraWQiOiJmZTRiZGQ2Yy0zZDI4LTRhODUtYTc1My1lYjc4NjhlNDU5OGEiLCJhbGciOiJIUzI1NiJ9.eyJ1cmwiOiJQUk9EVUNUIElNQUdFUyBCVUNLRVQvaGVhbHRoeS1zbmFja3Mud2VicCIsInNjb3BlIjoiZG93bmxvYWQiLCJpYXQiOjE3ODc2OTc0NjksImV4cCI6MjEwMzA1NzQ2OX0.dwrWkYMdhAVPBgm1Gcew3so5vVFaWx3Tgsk9g28KeoU,,,,,100 g,100,514.6,765,58.28,27.86,2.45,0.5,190,"Use according to the product label. Store in a cool, dry place.","Makhana (Popped Lotus Seeds) 70%, Olive Oil 18%, Spices and Condiments 10% (Dried Ginger, Dried Mango, Dried Garlic, Green Chilli, Coriander Leaves, Cumin, Cardamom, Turmeric, Fennel, Black Pepper, Clove, Nutmeg, Mace, Carom Seeds), Salt, Sugar, Lemon Powder, Mint Leaves, Maltodextrin, Acidity Regulator (Citric acid E330), Flavour Enhancer (Disodium 5'-ribonucleotides E635)",Check label for allergens.,VAR-185-01,SKU-0340,100 g,100 g,,,active,50,57,0,5,TRUE,2026-08-23T23:05:00+05:30,2026-08-23T23:05:00+05:30,1,100 g,healthy snacking
PROD-186,Nandini Millet Laddu,nandini-millet-laddu-nandini,NANDINI,Healthy Snacks & Packaged Foods,Health Foods,LADDU product suitable for a health-focused Indian catalog.,"Nandini Millet Laddu from NANDINI, listed in the provided Indian packaged-food dataset.",draft,186,General Fitness,"breakfast, high fibre","breakfast, high fibre, nandini millet laddu, nandini, healthy packaged foods",https://vtiplvmddgjfcruqrvvb.supabase.co/storage/v1/object/sign/PRODUCT%20IMAGES%20BUCKET/healthy-snacks.webp?token=eyJraWQiOiJmZTRiZGQ2Yy0zZDI4LTRhODUtYTc1My1lYjc4NjhlNDU5OGEiLCJhbGciOiJIUzI1NiJ9.eyJ1cmwiOiJQUk9EVUNUIElNQUdFUyBCVUNLRVQvaGVhbHRoeS1zbmFja3Mud2VicCIsInNjb3BlIjoiZG93bmxvYWQiLCJpYXQiOjE3ODc2OTc0NjksImV4cCI6MjEwMzA1NzQ2OX0.dwrWkYMdhAVPBgm1Gcew3so5vVFaWx3Tgsk9g28KeoU,,,,,100 g,100,553,6.8,67.4,27.6,0,25.5,53.6,"Use according to the product label. Store in a cool, dry place.","Milk Solids (Ghee, Dairy Whitener), Sugar, Pear Millet (15%), Finger Millet Flour (15%), Sorghum (15%), Natural Brown Sugar, Coconut Powder, Cardamom Powder, Cashew Nuts.","milk, tree nuts",VAR-186-01,SKU-0361,100 g,100 g,,,active,105,121,0,5,TRUE,2026-08-23T23:05:00+05:30,2026-08-23T23:05:00+05:30,1,100 g,"breakfast, high fibre"
PROD-187,Nutrisum Oats Cookies,nutrisum-oats-cookies-nutrisum,NUTRISUM,Healthy Snacks & Packaged Foods,Health Foods,COOKIES product suitable for a health-focused Indian catalog.,"Nutrisum Oats Cookies from NUTRISUM, listed in the provided Indian packaged-food dataset.",draft,187,General Fitness,"breakfast, high fibre, healthy snacking","breakfast, high fibre, healthy snacking, nutrisum oats cookies, nutrisum, better-for-you biscuits",https://vtiplvmddgjfcruqrvvb.supabase.co/storage/v1/object/sign/PRODUCT%20IMAGES%20BUCKET/healthy-snacks.webp?token=eyJraWQiOiJmZTRiZGQ2Yy0zZDI4LTRhODUtYTc1My1lYjc4NjhlNDU5OGEiLCJhbGciOiJIUzI1NiJ9.eyJ1cmwiOiJQUk9EVUNUIElNQUdFUyBCVUNLRVQvaGVhbHRoeS1zbmFja3Mud2VicCIsInNjb3BlIjoiZG93bmxvYWQiLCJpYXQiOjE3ODc2OTc0NjksImV4cCI6MjEwMzA1NzQ2OX0.dwrWkYMdhAVPBgm1Gcew3so5vVFaWx3Tgsk9g28KeoU,,,,,100 g,100,516.9,8.2,15.4,27.3,12,5,203.7,"Use according to the product label. Store in a cool, dry place.","Oats Flour (25%), Wheat Flour (Atta) (25%), Hydrogenated Vegetable Fat,  Cashew 5%, Almonds 2%, Pistachio 1%, Fructo Oligosaccharides, Sweeteners INS 965(I), Sweeteners INS 955, Milk Solids, Raising Agents INS 500(Ii),Raising Agents INS 503(Ii), Salt, Natural,  Nature Identical Flavouring Substances","milk, tree nuts, wheat/gluten",VAR-187-01,SKU-0319,100 g,100 g,,,active,95,109,0,5,TRUE,2026-08-23T23:05:00+05:30,2026-08-23T23:05:00+05:30,1,100 g,"breakfast, high fibre, healthy snacking"
PROD-188,"Open Secret Zero Maida Chocolate Millet Biscuit, Healthy Snacks with No Refined Sugar & No Palm Oil",open-secret-zero-maida-chocolate-millet-biscuit-healthy-snacks-with-no-refined-sugar-no-pa-open-secret,OPEN SECRET,Healthy Snacks & Packaged Foods,Health Foods,MILLET COOKIES product suitable for a health-focused Indian catalog.,"Open Secret Zero Maida Chocolate Millet Biscuit, Healthy Snacks with No Refined Sugar & No Palm Oil from OPEN SECRET, listed in the provided Indian packaged-food dataset.",draft,188,General Fitness,"breakfast, high fibre, healthy snacking","breakfast, high fibre, healthy snacking, open secret zero maida chocolate millet biscuit healthy snacks with no refined sugar no palm oil, open secret, better-for-you biscuits",https://vtiplvmddgjfcruqrvvb.supabase.co/storage/v1/object/sign/PRODUCT%20IMAGES%20BUCKET/healthy-snacks.webp?token=eyJraWQiOiJmZTRiZGQ2Yy0zZDI4LTRhODUtYTc1My1lYjc4NjhlNDU5OGEiLCJhbGciOiJIUzI1NiJ9.eyJ1cmwiOiJQUk9EVUNUIElNQUdFUyBCVUNLRVQvaGVhbHRoeS1zbmFja3Mud2VicCIsInNjb3BlIjoiZG93bmxvYWQiLCJpYXQiOjE3ODc2OTc0NjksImV4cCI6MjEwMzA1NzQ2OX0.dwrWkYMdhAVPBgm1Gcew3so5vVFaWx3Tgsk9g28KeoU,,,,,100 g,100,79.5,1.2,8.6,4.4,0.3,4.2,0,"Use according to the product label. Store in a cool, dry place.","Antioxidant (INS 322), Bajra Flour, Cocoa Powder, Corn Flour, Edible Salt, Fructooligosaccharides, Jaggery Powder, Jowar Flour, Maltodextrin, Oat Flour, Ragi Flour, Rice Flour, Rising Agent INS 503(ii),  Rising Agent INS 500(ii), Rising Agent INS 450(i), Rising Agent  E575, Skimmed Milk Powder, Udid Flour, White Butter,  Whole Wheat Flour","milk, wheat/gluten",VAR-188-01,SKU-0364,100 g,100 g,Chocolate,,active,45,52,0,5,TRUE,2026-08-23T23:05:00+05:30,2026-08-23T23:05:00+05:30,1,100 g,"breakfast, high fibre, healthy snacking"
PROD-189,Open Secret Zero Maida Jeera Millet Biscuit,open-secret-zero-maida-jeera-millet-biscuit-open-secret,OPEN SECRET,Healthy Snacks & Packaged Foods,Health Foods,BISCUIT product suitable for a health-focused Indian catalog.,"Open Secret Zero Maida Jeera Millet Biscuit from OPEN SECRET, listed in the provided Indian packaged-food dataset.",draft,189,General Fitness,"breakfast, high fibre","breakfast, high fibre, open secret zero maida jeera millet biscuit, open secret, better-for-you biscuits",https://vtiplvmddgjfcruqrvvb.supabase.co/storage/v1/object/sign/PRODUCT%20IMAGES%20BUCKET/healthy-snacks.webp?token=eyJraWQiOiJmZTRiZGQ2Yy0zZDI4LTRhODUtYTc1My1lYjc4NjhlNDU5OGEiLCJhbGciOiJIUzI1NiJ9.eyJ1cmwiOiJQUk9EVUNUIElNQUdFUyBCVUNLRVQvaGVhbHRoeS1zbmFja3Mud2VicCIsInNjb3BlIjoiZG93bmxvYWQiLCJpYXQiOjE3ODc2OTc0NjksImV4cCI6MjEwMzA1NzQ2OX0.dwrWkYMdhAVPBgm1Gcew3so5vVFaWx3Tgsk9g28KeoU,,,,,100 g,100,73.5,1.4,9.5,3.3,0.3,3.8,54,"Use according to the product label. Store in a cool, dry place.","Antioxidant (INS 322), Bajra Flour, Corn Flour, Cumin Powder, Edible Common Salt, Fructooligosaccharides, Jaggery Powder, Jowar Flour, Maltodextrin, Oat Flour, Ragi Flour, Refined Sunflower Oil, Rice Flour, Rising Agent INS 503(ii),Rising Agent  INS 500(ii),Rising Agent INS 450(i), Rising Agent INS 575, Skimmed Milk Powder, Udid Flour, Unsalted Butter, Whole Cumin (2%),  Whole Wheat Flour","milk, wheat/gluten",VAR-189-01,SKU-0365,100 g,100 g,,,active,45,52,0,5,TRUE,2026-08-23T23:05:00+05:30,2026-08-23T23:05:00+05:30,1,100 g,"breakfast, high fibre"
PROD-190,Slurrp Farm Choco Ragi Puffs,slurrp-farm-choco-ragi-puffs-slurrp-farm,SLURRP FARM,Healthy Snacks & Packaged Foods,Health Foods,PUFFS product suitable for a health-focused Indian catalog.,"Slurrp Farm Choco Ragi Puffs from SLURRP FARM, listed in the provided Indian packaged-food dataset.",draft,190,General Fitness,breakfast,"breakfast, slurrp farm choco ragi puffs, slurrp farm, healthy packaged foods",https://vtiplvmddgjfcruqrvvb.supabase.co/storage/v1/object/sign/PRODUCT%20IMAGES%20BUCKET/healthy-snacks.webp?token=eyJraWQiOiJmZTRiZGQ2Yy0zZDI4LTRhODUtYTc1My1lYjc4NjhlNDU5OGEiLCJhbGciOiJIUzI1NiJ9.eyJ1cmwiOiJQUk9EVUNUIElNQUdFUyBCVUNLRVQvaGVhbHRoeS1zbmFja3Mud2VicCIsInNjb3BlIjoiZG93bmxvYWQiLCJpYXQiOjE3ODc2OTc0NjksImV4cCI6MjEwMzA1NzQ2OX0.dwrWkYMdhAVPBgm1Gcew3so5vVFaWx3Tgsk9g28KeoU,,,,,100 g,100,328,7.3,83.9,2.2,0,18.6,0.07,"Use according to the product label. Store in a cool, dry place.","Millets (Whole Grain Jowar, Whole Grain Ragi), Sugar, Whole Grain Corn, Rice flour, Cocoa powder, Natural flavours (contains milk powder), Sunflower oil",milk,VAR-190-01,SKU-0367,100 g,100 g,,,active,27,31,0,5,TRUE,2026-08-23T23:05:00+05:30,2026-08-23T23:05:00+05:30,1,100 g,breakfast
PROD-191,Sugar free D'lite Hazelnut & Roasted Almonds Dark CHOCOLATE BAR,sugar-free-d-lite-hazelnut-roasted-almonds-dark-chocolate-bar-sugar-free,SUGAR FREE,Healthy Snacks & Packaged Foods,Health Foods,CHOCOLATE BAR product suitable for a health-focused Indian catalog.,"Sugar free D'lite Hazelnut & Roasted Almonds Dark CHOCOLATE BAR from SUGAR FREE, listed in the provided Indian packaged-food dataset.",draft,191,General Fitness,healthy snacking,"healthy snacking, sugar free d lite hazelnut roasted almonds dark chocolate bar, sugar free, healthy packaged foods",https://vtiplvmddgjfcruqrvvb.supabase.co/storage/v1/object/sign/PRODUCT%20IMAGES%20BUCKET/healthy-snacks.webp?token=eyJraWQiOiJmZTRiZGQ2Yy0zZDI4LTRhODUtYTc1My1lYjc4NjhlNDU5OGEiLCJhbGciOiJIUzI1NiJ9.eyJ1cmwiOiJQUk9EVUNUIElNQUdFUyBCVUNLRVQvaGVhbHRoeS1zbmFja3Mud2VicCIsInNjb3BlIjoiZG93bmxvYWQiLCJpYXQiOjE3ODc2OTc0NjksImV4cCI6MjEwMzA1NzQ2OX0.dwrWkYMdhAVPBgm1Gcew3so5vVFaWx3Tgsk9g28KeoU,,,,,100 g,100,509,5.5,49.3,40.6,0,0.4,221,"Use according to the product label. Store in a cool, dry place.","Maltitol (INS 965(i)), Cocoa Butter (33%), Cocoa Solids (18%), Almonds (10%), Fructo-oligosaccharides, Emulsifiers (INS 322, INS 476), Flavouring (Hazelnut)",tree nuts,VAR-191-01,SKU-0370,100 g,100 g,Chocolate,,active,99,114,0,5,TRUE,2026-08-23T23:05:00+05:30,2026-08-23T23:05:00+05:30,1,100 g,healthy snacking
PROD-192,Mom's Magic Rich Cashew Almond Cookies | Mom's Favorite Baked Cookies,mom-s-magic-rich-cashew-almond-cookies-mom-s-favorite-baked-cookies-sunfeast,SUNFEAST,Healthy Snacks & Packaged Foods,Health Foods,COOKIES product suitable for a health-focused Indian catalog.,"Mom's Magic Rich Cashew Almond Cookies | Mom's Favorite Baked Cookies from SUNFEAST, listed in the provided Indian packaged-food dataset.",draft,192,General Fitness,healthy snacking,"healthy snacking, mom s magic rich cashew almond cookies mom s favorite baked cookies, sunfeast, better-for-you biscuits",https://vtiplvmddgjfcruqrvvb.supabase.co/storage/v1/object/sign/PRODUCT%20IMAGES%20BUCKET/healthy-snacks.webp?token=eyJraWQiOiJmZTRiZGQ2Yy0zZDI4LTRhODUtYTc1My1lYjc4NjhlNDU5OGEiLCJhbGciOiJIUzI1NiJ9.eyJ1cmwiOiJQUk9EVUNUIElNQUdFUyBCVUNLRVQvaGVhbHRoeS1zbmFja3Mud2VicCIsInNjb3BlIjoiZG93bmxvYWQiLCJpYXQiOjE3ODc2OTc0NjksImV4cCI6MjEwMzA1NzQ2OX0.dwrWkYMdhAVPBgm1Gcew3so5vVFaWx3Tgsk9g28KeoU,,,,,100 g,100,503,7.8,66.4,22.9,0,22.8,0,"Use according to the product label. Store in a cool, dry place.","Almond Flakes (1.9%), Butter, Cashew Bits (2.6%), Edible Common Salt,  Emulsifiers INS 471, Emulsifiers INS 322(i),Emulsifiers INS 472e, Flour Treatment Agent (INS 223), Invert Syrup, Milk Solids, Raising Agents Raising Agents INS 500(ii), Raising Agents INS 450(ii), Refined Palm Oil, Refined Wheat Flour (Maida),  Sugar","milk, tree nuts, wheat/gluten",VAR-192-01,SKU-0360,100 g,100 g,,,active,150,172,0,5,TRUE,2026-08-23T23:05:00+05:30,2026-08-23T23:05:00+05:30,1,100 g,healthy snacking
PROD-193,Sunfeast Farmlite Oats & Almonds Cookies,sunfeast-farmlite-oats-almonds-cookies-sunfeast,SUNFEAST,Healthy Snacks & Packaged Foods,Health Foods,COOKIES product suitable for a health-focused Indian catalog.,"Sunfeast Farmlite Oats & Almonds Cookies from SUNFEAST, listed in the provided Indian packaged-food dataset.",draft,193,General Fitness,"breakfast, high fibre, healthy snacking","breakfast, high fibre, healthy snacking, sunfeast farmlite oats almonds cookies, sunfeast, better-for-you biscuits",https://vtiplvmddgjfcruqrvvb.supabase.co/storage/v1/object/sign/PRODUCT%20IMAGES%20BUCKET/healthy-snacks.webp?token=eyJraWQiOiJmZTRiZGQ2Yy0zZDI4LTRhODUtYTc1My1lYjc4NjhlNDU5OGEiLCJhbGciOiJIUzI1NiJ9.eyJ1cmwiOiJQUk9EVUNUIElNQUdFUyBCVUNLRVQvaGVhbHRoeS1zbmFja3Mud2VicCIsInNjb3BlIjoiZG93bmxvYWQiLCJpYXQiOjE3ODc2OTc0NjksImV4cCI6MjEwMzA1NzQ2OX0.dwrWkYMdhAVPBgm1Gcew3so5vVFaWx3Tgsk9g28KeoU,,,,,100 g,100,482,12.3,52.5,21.4,4.7,20.5,423.6,"Use according to the product label. Store in a cool, dry place.","Almonds (3.2%), artificial flavouring substances milk,artificial flavouring substances  VANILLA CAKE, emulsifier [lecithin (from soybean)], invert syrup, liquid glucose, iodized salt, maltodextrin, milk solids, oat flakes (21.2%), raising agents INS 450(i), raising agents INS 500(ii),raising agents INS 503(ii), refined palm oil, sugar, and wheat flour (atta) (35.3%)","milk, soy, tree nuts, wheat/gluten",VAR-193-01,SKU-0323,100 g,100 g,,,active,75,86,0,5,TRUE,2026-08-23T23:05:00+05:30,2026-08-23T23:05:00+05:30,1,100 g,"breakfast, high fibre, healthy snacking"
PROD-194,Sunfeast Farmlite Oats & Chocolate Cookies,sunfeast-farmlite-oats-chocolate-cookies-sunfeast,SUNFEAST,Healthy Snacks & Packaged Foods,Health Foods,COOKIES product suitable for a health-focused Indian catalog.,"Sunfeast Farmlite Oats & Chocolate Cookies from SUNFEAST, listed in the provided Indian packaged-food dataset.",draft,194,General Fitness,"breakfast, high fibre","breakfast, high fibre, sunfeast farmlite oats chocolate cookies, sunfeast, better-for-you biscuits",https://vtiplvmddgjfcruqrvvb.supabase.co/storage/v1/object/sign/PRODUCT%20IMAGES%20BUCKET/healthy-snacks.webp?token=eyJraWQiOiJmZTRiZGQ2Yy0zZDI4LTRhODUtYTc1My1lYjc4NjhlNDU5OGEiLCJhbGciOiJIUzI1NiJ9.eyJ1cmwiOiJQUk9EVUNUIElNQUdFUyBCVUNLRVQvaGVhbHRoeS1zbmFja3Mud2VicCIsInNjb3BlIjoiZG93bmxvYWQiLCJpYXQiOjE3ODc2OTc0NjksImV4cCI6MjEwMzA1NzQ2OX0.dwrWkYMdhAVPBgm1Gcew3so5vVFaWx3Tgsk9g28KeoU,,,,,100 g,100,484,11,63.6,21.6,4.6,26.2,248.8,"Use according to the product label. Store in a cool, dry place.","Almond (1.4%), artificial flavouring substances milk,artificial flavouring substances  VANILLA CAKE, cocoa solids (1.4%), compound chocolate chips (6.2%) ,cocoa butter, cocoa solids, dextrose, emulsifier [lecithin (from soybean)], natural flavours, natural flavouring substances, invert syrup, liquid glucose, iodized salt, maltodextrin, oat flakes (20.3%), raising agents INS 450(i),  raising agents INS 500(ii), raising agents INS 503(ii), refined palm oil, sugar,  wheat flour (atta) (31.3%)","milk, soy, tree nuts, wheat/gluten",VAR-194-01,SKU-0345,100 g,100 g,Chocolate,,active,75,86,0,5,TRUE,2026-08-23T23:05:00+05:30,2026-08-23T23:05:00+05:30,1,100 g,"breakfast, high fibre"
PROD-195,Sunfeast Farmlite Oats & Raisins Cookies,sunfeast-farmlite-oats-raisins-cookies-sunfeast,SUNFEAST,Healthy Snacks & Packaged Foods,Health Foods,COOKIES product suitable for a health-focused Indian catalog.,"Sunfeast Farmlite Oats & Raisins Cookies from SUNFEAST, listed in the provided Indian packaged-food dataset.",draft,195,General Fitness,"breakfast, high fibre","breakfast, high fibre, sunfeast farmlite oats raisins cookies, sunfeast, better-for-you biscuits",https://vtiplvmddgjfcruqrvvb.supabase.co/storage/v1/object/sign/PRODUCT%20IMAGES%20BUCKET/healthy-snacks.webp?token=eyJraWQiOiJmZTRiZGQ2Yy0zZDI4LTRhODUtYTc1My1lYjc4NjhlNDU5OGEiLCJhbGciOiJIUzI1NiJ9.eyJ1cmwiOiJQUk9EVUNUIElNQUdFUyBCVUNLRVQvaGVhbHRoeS1zbmFja3Mud2VicCIsInNjb3BlIjoiZG93bmxvYWQiLCJpYXQiOjE3ODc2OTc0NjksImV4cCI6MjEwMzA1NzQ2OX0.dwrWkYMdhAVPBgm1Gcew3so5vVFaWx3Tgsk9g28KeoU,,,,,100 g,100,461,7.5,68,19.5,6.9,18.3,298.1,"Use according to the product label. Store in a cool, dry place.","artificial flavouring substances milk,artificial flavouring substances  VANILLA CAKE, colours INS 150c,colours INS 150d, corn flakes, emulsifier [lecithin (from soybean)], iodized salt, invert syrup, liquid glucose, maltodextrin, milk solids, natural flavours, natural flavouring substances, oat flakes (15.7%), raising agents INS 450(i),raising agents INS 500(ii),raising agents INS 503(ii), raisins (8.7%), refined palm oil, sugar, and wheat flour (atta) (34.5%","milk, soy, wheat/gluten",VAR-195-01,SKU-0346,100 g,100 g,,,active,75,86,0,5,TRUE,2026-08-23T23:05:00+05:30,2026-08-23T23:05:00+05:30,1,100 g,"breakfast, high fibre"
PROD-196,Sweet Karam Coffee White Sugar Free Ragi Laddu,sweet-karam-coffee-white-sugar-free-ragi-laddu-sweet-karam-coffee,SWEET KARAM COFFEE,Healthy Snacks & Packaged Foods,Health Foods,LADDU product suitable for a health-focused Indian catalog.,"Sweet Karam Coffee White Sugar Free Ragi Laddu from SWEET KARAM COFFEE, listed in the provided Indian packaged-food dataset.",draft,196,General Fitness,breakfast,"breakfast, sweet karam coffee white sugar free ragi laddu, sweet karam coffee, healthy packaged foods",https://vtiplvmddgjfcruqrvvb.supabase.co/storage/v1/object/sign/PRODUCT%20IMAGES%20BUCKET/healthy-snacks.webp?token=eyJraWQiOiJmZTRiZGQ2Yy0zZDI4LTRhODUtYTc1My1lYjc4NjhlNDU5OGEiLCJhbGciOiJIUzI1NiJ9.eyJ1cmwiOiJQUk9EVUNUIElNQUdFUyBCVUNLRVQvaGVhbHRoeS1zbmFja3Mud2VicCIsInNjb3BlIjoiZG93bmxvYWQiLCJpYXQiOjE3ODc2OTc0NjksImV4cCI6MjEwMzA1NzQ2OX0.dwrWkYMdhAVPBgm1Gcew3so5vVFaWx3Tgsk9g28KeoU,,,,,100 g,100,373,7.2,78.8,3.2,11.1,0,3.1,"Use according to the product label. Store in a cool, dry place.","Almonds, Cashews, Finger Millet, Ghee, Jaggery, and Roasted Gram Dal",tree nuts,VAR-196-01,SKU-0371,100 g,100 g,Coffee,,active,159,183,0,5,TRUE,2026-08-23T23:05:00+05:30,2026-08-23T23:05:00+05:30,1,100 g,breakfast
PROD-197,Taali Cheese & Herbs Protein Puffs,taali-cheese-herbs-protein-puffs-taali,TAALI,Healthy Snacks & Packaged Foods,Health Foods,PUFFS product suitable for a health-focused Indian catalog.,"Taali Cheese & Herbs Protein Puffs from TAALI, listed in the provided Indian packaged-food dataset.",draft,197,General Fitness,protein,"protein, taali cheese herbs protein puffs, taali, healthy packaged foods",https://vtiplvmddgjfcruqrvvb.supabase.co/storage/v1/object/sign/PRODUCT%20IMAGES%20BUCKET/healthy-snacks.webp?token=eyJraWQiOiJmZTRiZGQ2Yy0zZDI4LTRhODUtYTc1My1lYjc4NjhlNDU5OGEiLCJhbGciOiJIUzI1NiJ9.eyJ1cmwiOiJQUk9EVUNUIElNQUdFUyBCVUNLRVQvaGVhbHRoeS1zbmFja3Mud2VicCIsInNjb3BlIjoiZG93bmxvYWQiLCJpYXQiOjE3ODc2OTc0NjksImV4cCI6MjEwMzA1NzQ2OX0.dwrWkYMdhAVPBgm1Gcew3so5vVFaWx3Tgsk9g28KeoU,,,,,100 g,100,509,16,73,16,5,5,660,"Use according to the product label. Store in a cool, dry place.","Taali Protein Puff Blend (Jowar, Chickpeas, Urad Daal, Rice, Soy Protein Isolate), Cheese Seasoning (Corn Starch, Iodised Salt, Sugar, Milk Solids, Spices & Condiments (Onion, Garlic, Parsley, Oregano), Cheese Powder, Yeast Extract Powder, Acidity Regulator (INS 27), Edible Vegetable Oil)","milk, soy",VAR-197-01,SKU-0347,100 g,100 g,,,active,20,23,0,5,TRUE,2026-08-23T23:05:00+05:30,2026-08-23T23:05:00+05:30,1,100 g,protein
PROD-198,The Baker's Dozen High Protein Peanut Butter Cookies Biscuits,the-baker-s-dozen-high-protein-peanut-butter-cookies-biscuits-the-baker-s-dozen,THE BAKER'S DOZEN,Healthy Snacks & Packaged Foods,Health Foods,BUTTER COOKIES product suitable for a health-focused Indian catalog.,"The Baker's Dozen High Protein Peanut Butter Cookies Biscuits from THE BAKER'S DOZEN, listed in the provided Indian packaged-food dataset.",draft,198,General Fitness,"protein, healthy snacking","protein, healthy snacking, the baker s dozen high protein peanut butter cookies biscuits, the baker s dozen, better-for-you biscuits",https://vtiplvmddgjfcruqrvvb.supabase.co/storage/v1/object/sign/PRODUCT%20IMAGES%20BUCKET/healthy-snacks.webp?token=eyJraWQiOiJmZTRiZGQ2Yy0zZDI4LTRhODUtYTc1My1lYjc4NjhlNDU5OGEiLCJhbGciOiJIUzI1NiJ9.eyJ1cmwiOiJQUk9EVUNUIElNQUdFUyBCVUNLRVQvaGVhbHRoeS1zbmFja3Mud2VicCIsInNjb3BlIjoiZG93bmxvYWQiLCJpYXQiOjE3ODc2OTc0NjksImV4cCI6MjEwMzA1NzQ2OX0.dwrWkYMdhAVPBgm1Gcew3so5vVFaWx3Tgsk9g28KeoU,,,,,100 g,100,557,12,49,35,4,23,90,"Use according to the product label. Store in a cool, dry place.","Peanut Butter (28%), Refined Wheat Flour (Maida), Sugar, Butter, Dark Chocolate (14%), Apple Cider Vinegar, Raising Agent (INS500(1))","peanuts, wheat/gluten",VAR-198-01,SKU-0303,100 g,100 g,,,active,105,121,0,5,TRUE,2026-08-23T23:05:00+05:30,2026-08-23T23:05:00+05:30,1,100 g,"protein, healthy snacking"
PROD-199,The Baker's Dozen Zero Maida Coconut and Oats Biscuits Cookies,the-baker-s-dozen-zero-maida-coconut-and-oats-biscuits-cookies-the-baker-s-dozen,THE BAKER'S DOZEN,Healthy Snacks & Packaged Foods,Health Foods,COOKIES product suitable for a health-focused Indian catalog.,"The Baker's Dozen Zero Maida Coconut and Oats Biscuits Cookies from THE BAKER'S DOZEN, listed in the provided Indian packaged-food dataset.",draft,199,General Fitness,"breakfast, high fibre, healthy snacking","breakfast, high fibre, healthy snacking, the baker s dozen zero maida coconut and oats biscuits cookies, the baker s dozen, better-for-you biscuits",https://vtiplvmddgjfcruqrvvb.supabase.co/storage/v1/object/sign/PRODUCT%20IMAGES%20BUCKET/healthy-snacks.webp?token=eyJraWQiOiJmZTRiZGQ2Yy0zZDI4LTRhODUtYTc1My1lYjc4NjhlNDU5OGEiLCJhbGciOiJIUzI1NiJ9.eyJ1cmwiOiJQUk9EVUNUIElNQUdFUyBCVUNLRVQvaGVhbHRoeS1zbmFja3Mud2VicCIsInNjb3BlIjoiZG93bmxvYWQiLCJpYXQiOjE3ODc2OTc0NjksImV4cCI6MjEwMzA1NzQ2OX0.dwrWkYMdhAVPBgm1Gcew3so5vVFaWx3Tgsk9g28KeoU,,,,,100 g,100,538,10,56,30,8,25,160,"Use according to the product label. Store in a cool, dry place.","Artificial Flavouring Substance (VANILLA CAKE), Butter, Custard Powder, Desiccated Coconut (16%), Liquid Glucose, Milk Solids, Oats (8%), Raising Agents INS 500(ii), Raising Agents INS 503, Sugar, Wholewheat Flour (Atta)","milk, wheat/gluten",VAR-199-01,SKU-0324,100 g,100 g,,,active,0,0,0,5,TRUE,2026-08-23T23:05:00+05:30,2026-08-23T23:05:00+05:30,1,100 g,"breakfast, high fibre, healthy snacking"
PROD-200,The Baker's Dozen Zero Maida Ragi Crackers Baked Millet Snack,the-baker-s-dozen-zero-maida-ragi-crackers-baked-millet-snack-the-baker-s-dozen,THE BAKER'S DOZEN,Healthy Snacks & Packaged Foods,Health Foods,RAGI CRISPIES product suitable for a health-focused Indian catalog.,"The Baker's Dozen Zero Maida Ragi Crackers Baked Millet Snack from THE BAKER'S DOZEN, listed in the provided Indian packaged-food dataset.",draft,200,General Fitness,"breakfast, high fibre, healthy snacking","breakfast, high fibre, healthy snacking, the baker s dozen zero maida ragi crackers baked millet snack, the baker s dozen, healthy packaged foods",https://vtiplvmddgjfcruqrvvb.supabase.co/storage/v1/object/sign/PRODUCT%20IMAGES%20BUCKET/healthy-snacks.webp?token=eyJraWQiOiJmZTRiZGQ2Yy0zZDI4LTRhODUtYTc1My1lYjc4NjhlNDU5OGEiLCJhbGciOiJIUzI1NiJ9.eyJ1cmwiOiJQUk9EVUNUIElNQUdFUyBCVUNLRVQvaGVhbHRoeS1zbmFja3Mud2VicCIsInNjb3BlIjoiZG93bmxvYWQiLCJpYXQiOjE3ODc2OTc0NjksImV4cCI6MjEwMzA1NzQ2OX0.dwrWkYMdhAVPBgm1Gcew3so5vVFaWx3Tgsk9g28KeoU,,,,,100 g,100,292.74,10.29,54.84,3.58,8.1,3.4,190.22,"Use according to the product label. Store in a cool, dry place.","Amaranth Flour, Jowar Flour, Rice Flour, Potato Powder, Vitamin E, Salt, Sunflower Oil, Spices and condiments. INS 551, INS330, INS 341, INS 170(I).",Check label for allergens.,VAR-200-01,SKU-0316,100 g,100 g,,,active,129,148,0,5,TRUE,2026-08-23T23:05:00+05:30,2026-08-23T23:05:00+05:30,1,100 g,"breakfast, high fibre, healthy snacking"
PROD-201,Tic Tac Seeds Fennel (Saunf),tic-tac-seeds-fennel-saunf-tic-tac,TIC TAC,Healthy Snacks & Packaged Foods,Health Foods,CANDY product suitable for a health-focused Indian catalog.,"Tic Tac Seeds Fennel (Saunf) from TIC TAC, listed in the provided Indian packaged-food dataset.",draft,201,General Fitness,health & wellness,"health & wellness, tic tac seeds fennel saunf, tic tac, healthy packaged foods",https://vtiplvmddgjfcruqrvvb.supabase.co/storage/v1/object/sign/PRODUCT%20IMAGES%20BUCKET/healthy-snacks.webp?token=eyJraWQiOiJmZTRiZGQ2Yy0zZDI4LTRhODUtYTc1My1lYjc4NjhlNDU5OGEiLCJhbGciOiJIUzI1NiJ9.eyJ1cmwiOiJQUk9EVUNUIElNQUdFUyBCVUNLRVQvaGVhbHRoeS1zbmFja3Mud2VicCIsInNjb3BlIjoiZG93bmxvYWQiLCJpYXQiOjE3ODc2OTc0NjksImV4cCI6MjEwMzA1NzQ2OX0.dwrWkYMdhAVPBgm1Gcew3so5vVFaWx3Tgsk9g28KeoU,,,,,100 g,100,388,1,90.2,1.5,0,85,12,"Use according to the product label. Store in a cool, dry place.","Sugar, Fennel Seeds Powder, Maltodextrin, Thickener (INS 414), Rice Starch, Anticaking Agent (INS 470(i)), Natural Flavours, Glazing Agent (INS 903)",Check label for allergens.,VAR-201-01,SKU-0375,100 g,100 g,,,active,30,34,0,5,TRUE,2026-08-23T23:05:00+05:30,2026-08-23T23:05:00+05:30,1,100 g,health & wellness
PROD-202,Tic Tac Seeds Jeera Blacksalt,tic-tac-seeds-jeera-blacksalt-tic-tac,TIC TAC,Healthy Snacks & Packaged Foods,Health Foods,CANDY product suitable for a health-focused Indian catalog.,"Tic Tac Seeds Jeera Blacksalt from TIC TAC, listed in the provided Indian packaged-food dataset.",draft,202,General Fitness,health & wellness,"health & wellness, tic tac seeds jeera blacksalt, tic tac, healthy packaged foods",https://vtiplvmddgjfcruqrvvb.supabase.co/storage/v1/object/sign/PRODUCT%20IMAGES%20BUCKET/healthy-snacks.webp?token=eyJraWQiOiJmZTRiZGQ2Yy0zZDI4LTRhODUtYTc1My1lYjc4NjhlNDU5OGEiLCJhbGciOiJIUzI1NiJ9.eyJ1cmwiOiJQUk9EVUNUIElNQUdFUyBCVUNLRVQvaGVhbHRoeS1zbmFja3Mud2VicCIsInNjb3BlIjoiZG93bmxvYWQiLCJpYXQiOjE3ODc2OTc0NjksImV4cCI6MjEwMzA1NzQ2OX0.dwrWkYMdhAVPBgm1Gcew3so5vVFaWx3Tgsk9g28KeoU,,,,,100 g,100,389,0.2,94.1,0.8,0,86.8,280,"Use according to the product label. Store in a cool, dry place.","Sugar, Maltodextrin, Cumin Seeds Powder (1.8%), Thickener (INS 414), Rice Starch, Black Salt Kala Namak (0.6%), Natural and Natural Identical Flavours, Water, Anticaking Agent (INS 470(iii)), Glazing Agent (INS 903)",Check label for allergens.,VAR-202-01,SKU-0376,100 g,100 g,,,active,30,34,0,5,TRUE,2026-08-23T23:05:00+05:30,2026-08-23T23:05:00+05:30,1,100 g,health & wellness
PROD-203,Too Yumm! Dahi Papdi Chaat Multigrain Healthy Chips High Protein Crunchy Crisps,too-yumm-dahi-papdi-chaat-multigrain-healthy-chips-high-protein-crunchy-crisps-too-yumm,TOO YUMM,Healthy Snacks & Packaged Foods,Health Foods,CHIPS product suitable for a health-focused Indian catalog.,"Too Yumm! Dahi Papdi Chaat Multigrain Healthy Chips High Protein Crunchy Crisps from TOO YUMM, listed in the provided Indian packaged-food dataset.",draft,203,General Fitness,"protein, healthy snacking","protein, healthy snacking, too yumm dahi papdi chaat multigrain healthy chips high protein crunchy crisps, too yumm, healthy snacks",https://vtiplvmddgjfcruqrvvb.supabase.co/storage/v1/object/sign/PRODUCT%20IMAGES%20BUCKET/healthy-snacks.webp?token=eyJraWQiOiJmZTRiZGQ2Yy0zZDI4LTRhODUtYTc1My1lYjc4NjhlNDU5OGEiLCJhbGciOiJIUzI1NiJ9.eyJ1cmwiOiJQUk9EVUNUIElNQUdFUyBCVUNLRVQvaGVhbHRoeS1zbmFja3Mud2VicCIsInNjb3BlIjoiZG93bmxvYWQiLCJpYXQiOjE3ODc2OTc0NjksImV4cCI6MjEwMzA1NzQ2OX0.dwrWkYMdhAVPBgm1Gcew3so5vVFaWx3Tgsk9g28KeoU,,,,,100 g,100,464,7.9,67,18.3,0,8.5,880,"Use according to the product label. Store in a cool, dry place.","Corn Flour (31.2%), Whole Wheat Flour (Atta) (21.6%), Edible Vegetable Oil (Rice Bran Oil), Rice Flour (17.8%), Seasoning (Sugar, Iodised Salt, Spices & Condiments, Black Salt, Milk Solids, Acidity Regulators (INS 330, INS 334), Corn Starch, Anticaking Agent (INS 551), Stabilizer (INS 414), Flavour Enhancers (INS 627, INS 631), Colour (INS 160c), Natural and Nature Identical Flavouring Substances), Gram Flour (4.8%), Oats (1%), Anticaking Agent (INS 170), Colour (INS 150d)","milk, wheat/gluten",VAR-203-01,SKU-0302,100 g,100 g,,,active,40,46,0,5,TRUE,2026-08-23T23:05:00+05:30,2026-08-23T23:05:00+05:30,1,100 g,"protein, healthy snacking"
PROD-204,Too Yumm! Salted Peanuts | No Palm Oil | Protein Goodness,too-yumm-salted-peanuts-no-palm-oil-protein-goodness-too-yumm,TOO YUMM,Healthy Snacks & Packaged Foods,Health Foods,NAMKEEN product suitable for a health-focused Indian catalog.,"Too Yumm! Salted Peanuts | No Palm Oil | Protein Goodness from TOO YUMM, listed in the provided Indian packaged-food dataset.",draft,204,General Fitness,"protein, healthy snacking","protein, healthy snacking, too yumm salted peanuts no palm oil protein goodness, too yumm, healthy packaged foods",https://vtiplvmddgjfcruqrvvb.supabase.co/storage/v1/object/sign/PRODUCT%20IMAGES%20BUCKET/healthy-snacks.webp?token=eyJraWQiOiJmZTRiZGQ2Yy0zZDI4LTRhODUtYTc1My1lYjc4NjhlNDU5OGEiLCJhbGciOiJIUzI1NiJ9.eyJ1cmwiOiJQUk9EVUNUIElNQUdFUyBCVUNLRVQvaGVhbHRoeS1zbmFja3Mud2VicCIsInNjb3BlIjoiZG93bmxvYWQiLCJpYXQiOjE3ODc2OTc0NjksImV4cCI6MjEwMzA1NzQ2OX0.dwrWkYMdhAVPBgm1Gcew3so5vVFaWx3Tgsk9g28KeoU,,,,,100 g,100,637,27.1,18,50.1,7.2,2.3,360,"Use according to the product label. Store in a cool, dry place.","Peanuts (97%), Iodised Salt (1.1%), Edible Vegetable Oil (Rice Bran)",peanuts,VAR-204-01,SKU-0326,100 g,100 g,,,active,70,80,0,5,TRUE,2026-08-23T23:05:00+05:30,2026-08-23T23:05:00+05:30,1,100 g,"protein, healthy snacking"
PROD-205,UNIBIC Danish Coconut Cookies,unibic-danish-coconut-cookies-unibic,UNIBIC,Healthy Snacks & Packaged Foods,Health Foods,COOKIES product for a health-focused catalog.,"UNIBIC Danish Coconut Cookies from UNIBIC, sourced from the provided Indian packaged-food dataset.",draft,205,General Fitness,healthy snacking,"healthy snacking, unibic danish coconut cookies, unibic, better-for-you biscuits",https://vtiplvmddgjfcruqrvvb.supabase.co/storage/v1/object/sign/PRODUCT%20IMAGES%20BUCKET/healthy-snacks.webp?token=eyJraWQiOiJmZTRiZGQ2Yy0zZDI4LTRhODUtYTc1My1lYjc4NjhlNDU5OGEiLCJhbGciOiJIUzI1NiJ9.eyJ1cmwiOiJQUk9EVUNUIElNQUdFUyBCVUNLRVQvaGVhbHRoeS1zbmFja3Mud2VicCIsInNjb3BlIjoiZG93bmxvYWQiLCJpYXQiOjE3ODc2OTc0NjksImV4cCI6MjEwMzA1NzQ2OX0.dwrWkYMdhAVPBgm1Gcew3so5vVFaWx3Tgsk9g28KeoU,,,,,100 g,100,532,6.5,60.3,29.4,8,34.7,260,"Use according to the product label. Store in a cool, dry place.","Desiccated Coconut Powder (30%), Edible Vegetable Oil (Palm), Emulsifier INS 322 , Golden Syrup, Iodised Salt, Leavening Agents INS 500 ii, Leavening Agents INS 503 ii, Milk Solids, Refined Wheat Flour (Maida), Sugar",Check label for allergens.,VAR-205-01,SKU-0450,100 g,100 g,,,active,165,190,0,5,TRUE,2026-08-23T23:05:00+05:30,2026-08-23T23:05:00+05:30,1,100 g,healthy snacking
PROD-206,UNIBIC Sugar Free Multigrain Cookies,unibic-sugar-free-multigrain-cookies-unibic,UNIBIC,Healthy Snacks & Packaged Foods,Health Foods,BUTTER COOKIES product suitable for a health-focused Indian catalog.,"UNIBIC Sugar Free Multigrain Cookies from UNIBIC, listed in the provided Indian packaged-food dataset.",draft,206,General Fitness,health & wellness,"health & wellness, unibic sugar free multigrain cookies, unibic, better-for-you biscuits",https://vtiplvmddgjfcruqrvvb.supabase.co/storage/v1/object/sign/PRODUCT%20IMAGES%20BUCKET/healthy-snacks.webp?token=eyJraWQiOiJmZTRiZGQ2Yy0zZDI4LTRhODUtYTc1My1lYjc4NjhlNDU5OGEiLCJhbGciOiJIUzI1NiJ9.eyJ1cmwiOiJQUk9EVUNUIElNQUdFUyBCVUNLRVQvaGVhbHRoeS1zbmFja3Mud2VicCIsInNjb3BlIjoiZG93bmxvYWQiLCJpYXQiOjE3ODc2OTc0NjksImV4cCI6MjEwMzA1NzQ2OX0.dwrWkYMdhAVPBgm1Gcew3so5vVFaWx3Tgsk9g28KeoU,,,,,100 g,100,444.4,6.3,65,22.8,0,0.5,85,"Use according to the product label. Store in a cool, dry place.","Butter (20%), Emulsifier (INS 322 from Soy), Iodised Salt, Leavening Agents INS 500 ii,  Leavening Agents INS 503 ii, Sweetener (INS 965 - Maltitol), Whole Wheat Flour (Atta)","soy, wheat/gluten",VAR-206-01,SKU-0373,100 g,100 g,,,active,60,69,0,5,TRUE,2026-08-23T23:05:00+05:30,2026-08-23T23:05:00+05:30,1,100 g,health & wellness
PROD-207,"Oats Breakfast Cereal- Rich In Protein, Dietary Fibre, Nutritious, Easy To Cook",oats-breakfast-cereal-rich-in-protein-dietary-fibre-nutritious-easy-to-cook-bb-royal,BB Royal,Breakfast & Grains,Health Foods,Oats & Porridge from BB Royal.,Oats & Porridge item sourced from the provided BigBasket catalog.,draft,207,General Fitness,"protein, breakfast, high fibre, healthy snacking","protein, breakfast, high fibre, healthy snacking, oats breakfast cereal rich in protein dietary fibre nutritious easy to cook, bb royal, breakfast & grains",https://www.bigbasket.com/media/uploads/p/l/40194170_20-bb-royal-oats.jpg,https://www.bigbasket.com/media/uploads/p/l/40194170_20-bb-royal-oats.jpg,,,,40 g,40,150,5,27,3,4,2,5,"Use according to the product label. Store in a cool, dry place.",,Check product label for allergens.,VAR-207-01,SKU-0418,1 kg,1 kg,,,active,199,223,0,5,TRUE,2026-08-23T23:05:00+05:30,2026-08-23T23:05:00+05:30,1,1 kg,"protein, breakfast, high fibre, healthy snacking"
PROD-208,Organic - Foxtail Millet / Italian (Thinai Rice),organic-foxtail-millet-italian-thinai-rice-bb-royal,BB Royal,Breakfast & Grains,Health Foods,Organic Millet & Flours from BB Royal.,Organic Millet & Flours item sourced from the provided BigBasket catalog.,draft,208,General Fitness,"breakfast, high fibre","breakfast, high fibre, organic foxtail millet italian thinai rice, bb royal, millets & flours",https://www.bigbasket.com/media/uploads/p/l/40135843_7-bb-royal-organic-foxtail-millet-italian-thinai-rice.jpg,https://www.bigbasket.com/media/uploads/p/l/40135843_7-bb-royal-organic-foxtail-millet-italian-thinai-rice.jpg,,,,40 g,40,150,5,27,3,4,2,5,"Use according to the product label. Store in a cool, dry place.",,Check product label for allergens.,VAR-208-01,SKU-0420,2 kg,2 kg,,,active,259,290,0,5,TRUE,2026-08-23T23:05:00+05:30,2026-08-23T23:05:00+05:30,1,2 kg,"breakfast, high fibre"
PROD-209,Organic - Kodo Millet/Varagu/Rice Flour/Akki Hittu,organic-kodo-millet-varagu-rice-flour-akki-hittu-bb-royal,BB Royal,Breakfast & Grains,Health Foods,Organic Millet & Flours from BB Royal.,Organic Millet & Flours item sourced from the provided BigBasket catalog.,draft,209,General Fitness,"breakfast, high fibre","breakfast, high fibre, organic kodo millet varagu rice flour akki hittu, bb royal, millets & flours",https://www.bigbasket.com/media/uploads/p/l/40176632_5-bb-royal-organic-kodo-milletvaragu-rice-flour.jpg,https://www.bigbasket.com/media/uploads/p/l/40176632_5-bb-royal-organic-kodo-milletvaragu-rice-flour.jpg,,,,40 g,40,150,5,27,3,4,2,5,"Use according to the product label. Store in a cool, dry place.",,Check product label for allergens.,VAR-209-01,SKU-0421,500 g,500 g,,,active,88,99,0,5,TRUE,2026-08-23T23:05:00+05:30,2026-08-23T23:05:00+05:30,1,500 g,"breakfast, high fibre"
PROD-210,Organic - Little Millet/Samai/Rice Flour/Akki Hittu,organic-little-millet-samai-rice-flour-akki-hittu-bb-royal,BB Royal,Breakfast & Grains,Health Foods,Organic Millet & Flours from BB Royal.,Organic Millet & Flours item sourced from the provided BigBasket catalog.,draft,210,General Fitness,"breakfast, high fibre","breakfast, high fibre, organic little millet samai rice flour akki hittu, bb royal, millets & flours",https://www.bigbasket.com/media/uploads/p/l/40176634_4-bb-royal-organic-little-milletsamai-rice-flour.jpg,https://www.bigbasket.com/media/uploads/p/l/40176634_4-bb-royal-organic-little-milletsamai-rice-flour.jpg,,,,40 g,40,150,5,27,3,4,2,5,"Use according to the product label. Store in a cool, dry place.",,Check product label for allergens.,VAR-210-01,SKU-0422,500 g,500 g,,,active,88,99,0,5,TRUE,2026-08-23T23:05:00+05:30,2026-08-23T23:05:00+05:30,1,500 g,"breakfast, high fibre"
PROD-211,Organic - Ragi Flour/Ragi Hittu,organic-ragi-flour-ragi-hittu-bb-royal,BB Royal,Breakfast & Grains,Health Foods,Organic Millet & Flours from BB Royal.,Organic Millet & Flours item sourced from the provided BigBasket catalog.,draft,211,General Fitness,"breakfast, high fibre","breakfast, high fibre, organic ragi flour ragi hittu, bb royal, millets & flours",https://www.bigbasket.com/media/uploads/p/l/40125922_6-bb-royal-organic-ragi-flour.jpg,https://www.bigbasket.com/media/uploads/p/l/40125922_6-bb-royal-organic-ragi-flour.jpg,,,,40 g,40,150,5,27,3,4,2,5,"Use according to the product label. Store in a cool, dry place.",,Check product label for allergens.,VAR-211-01,SKU-0423,1 kg,1 kg,,,active,80,90,0,5,TRUE,2026-08-23T23:05:00+05:30,2026-08-23T23:05:00+05:30,1,1 kg,"breakfast, high fibre"
PROD-212,Organic Foxtail Millet/Thinai Rava,organic-foxtail-millet-thinai-rava-bb-royal,BB Royal,Breakfast & Grains,Health Foods,Organic Millet & Flours from BB Royal.,Organic Millet & Flours item sourced from the provided BigBasket catalog.,draft,212,General Fitness,"breakfast, high fibre","breakfast, high fibre, organic foxtail millet thinai rava, bb royal, millets & flours",https://www.bigbasket.com/media/uploads/p/l/40213642_1-bb-royal-organic-foxtail-milletthinai-rava.jpg,https://www.bigbasket.com/media/uploads/p/l/40213642_1-bb-royal-organic-foxtail-milletthinai-rava.jpg,,,,40 g,40,150,5,27,3,4,2,5,"Use according to the product label. Store in a cool, dry place.",,Check product label for allergens.,VAR-212-01,SKU-0425,500 g,500 g,,,active,88,99,0,5,TRUE,2026-08-23T23:05:00+05:30,2026-08-23T23:05:00+05:30,1,500 g,"breakfast, high fibre"
PROD-213,Organic Jowar/Sorghum Millet,organic-jowar-sorghum-millet-bb-royal,BB Royal,Breakfast & Grains,Health Foods,Organic Millet & Flours from BB Royal.,Organic Millet & Flours item sourced from the provided BigBasket catalog.,draft,213,General Fitness,"breakfast, high fibre","breakfast, high fibre, organic jowar sorghum millet, bb royal, millets & flours",https://www.bigbasket.com/media/uploads/p/l/40077493_12-bb-royal-organic-jowarsorghum-millet.jpg,https://www.bigbasket.com/media/uploads/p/l/40077493_12-bb-royal-organic-jowarsorghum-millet.jpg,,,,40 g,40,150,5,27,3,4,2,5,"Use according to the product label. Store in a cool, dry place.",,Check product label for allergens.,VAR-213-01,SKU-0429,500 g,500 g,,,active,48,54,0,5,TRUE,2026-08-23T23:05:00+05:30,2026-08-23T23:05:00+05:30,1,500 g,"breakfast, high fibre"
PROD-214,Organic Ragi Flour,organic-ragi-flour-bb-royal,BB Royal,Breakfast & Grains,Health Foods,Organic Millet & Flours from BB Royal.,Organic Millet & Flours item sourced from the provided BigBasket catalog.,draft,214,General Fitness,"breakfast, high fibre","breakfast, high fibre, organic ragi flour, bb royal, millets & flours",https://www.bigbasket.com/media/uploads/p/l/40212287_1-bb-royal-organic-ragi-flour.jpg,https://www.bigbasket.com/media/uploads/p/l/40212287_1-bb-royal-organic-ragi-flour.jpg,,,,40 g,40,150,5,27,3,4,2,5,"Use according to the product label. Store in a cool, dry place.",,Check product label for allergens.,VAR-214-01,SKU-0431,5 Kg,5 Kg,,,active,349,391,0,5,TRUE,2026-08-23T23:05:00+05:30,2026-08-23T23:05:00+05:30,1,5 Kg,"breakfast, high fibre"
PROD-215,Happa Cereal Sprouted Ragi | Mango | Banana,happa-cereal-sprouted-ragi-mango-banana-happa,HAPPA,Breakfast & Grains,Health Foods,CEREAL product suitable for a health-focused Indian catalog.,"Happa Cereal Sprouted Ragi | Mango | Banana from HAPPA, listed in the provided Indian packaged-food dataset.",draft,215,General Fitness,breakfast,"breakfast, happa cereal sprouted ragi mango banana, happa, breakfast & grains",https://vtiplvmddgjfcruqrvvb.supabase.co/storage/v1/object/sign/PRODUCT%20IMAGES%20BUCKET/breakfast%20and%20grains.webp?token=eyJraWQiOiJmZTRiZGQ2Yy0zZDI4LTRhODUtYTc1My1lYjc4NjhlNDU5OGEiLCJhbGciOiJIUzI1NiJ9.eyJ1cmwiOiJQUk9EVUNUIElNQUdFUyBCVUNLRVQvYnJlYWtmYXN0IGFuZCBncmFpbnMud2VicCIsInNjb3BlIjoiZG93bmxvYWQiLCJpYXQiOjE3ODc2OTY5NzgsImV4cCI6MjEwMzA1Njk3OH0.GIj7ujvCFOhdvZ3Y3XGkbL8pJBHpRg47eGI7kfsPn8U,,,,,100 g,100,385,5.5,86.9,1.8,0,19.8,36.9,"Use according to the product label. Store in a cool, dry place.","Organic Ragi (68%), Banana Powder (19%), Mango Powder (13%)",Check label for allergens.,VAR-215-01,SKU-0354,100 g,100 g,Mango,,active,299,344,0,5,TRUE,2026-08-23T23:05:00+05:30,2026-08-23T23:05:00+05:30,1,100 g,breakfast
PROD-216,"Oats Dalia - 100% Natural, Whole Grain, Rich In Protein & Fibre, Healthy",oats-dalia-100-natural-whole-grain-rich-in-protein-fibre-healthy-jiwa,Jiwa,Breakfast & Grains,Health Foods,Oats & Porridge from Jiwa.,Oats & Porridge item sourced from the provided BigBasket catalog.,draft,216,General Fitness,"protein, breakfast, high fibre","protein, breakfast, high fibre, oats dalia 100 natural whole grain rich in protein fibre healthy, jiwa, breakfast & grains",https://www.bigbasket.com/media/uploads/p/l/40255263_1-jiwa-oats-dalia-100-natural-whole-grain-rich-in-protein-fibre-healthy.jpg,https://www.bigbasket.com/media/uploads/p/l/40255263_1-jiwa-oats-dalia-100-natural-whole-grain-rich-in-protein-fibre-healthy.jpg,,,,40 g,40,150,5,27,3,4,2,5,"Use according to the product label. Store in a cool, dry place.",,Check product label for allergens.,VAR-216-01,SKU-0419,1 kg,1 kg,,,active,225,252,0,5,TRUE,2026-08-23T23:05:00+05:30,2026-08-23T23:05:00+05:30,1,1 kg,"protein, breakfast, high fibre"
PROD-217,"Rolled Oats - 100% Natural, Whole Grain, Rich In Protein & Fibre",rolled-oats-100-natural-whole-grain-rich-in-protein-fibre-jiwa,Jiwa,Breakfast & Grains,Health Foods,Oats & Porridge from Jiwa.,Oats & Porridge item sourced from the provided BigBasket catalog.,draft,217,General Fitness,"protein, breakfast, high fibre","protein, breakfast, high fibre, rolled oats 100 natural whole grain rich in protein fibre, jiwa, breakfast & grains",https://www.bigbasket.com/media/uploads/p/l/40255261_1-jiwa-rolled-oats-100-natural-whole-grain-rich-in-protein-fibre.jpg,https://www.bigbasket.com/media/uploads/p/l/40255261_1-jiwa-rolled-oats-100-natural-whole-grain-rich-in-protein-fibre.jpg,,,,40 g,40,150,5,27,3,4,2,5,"Use according to the product label. Store in a cool, dry place.",,Check product label for allergens.,VAR-217-01,SKU-0438,750 g,750 g,,,active,175,196,0,5,TRUE,2026-08-23T23:05:00+05:30,2026-08-23T23:05:00+05:30,1,750 g,"protein, breakfast, high fibre"
PROD-218,"Steel Cut Oats - 100% Natural, Whole Grain, Rich In Protein & Fibre, Healthy",steel-cut-oats-100-natural-whole-grain-rich-in-protein-fibre-healthy-jiwa,Jiwa,Breakfast & Grains,Health Foods,Oats & Porridge from Jiwa.,Oats & Porridge item sourced from the provided BigBasket catalog.,draft,218,General Fitness,"protein, breakfast, high fibre","protein, breakfast, high fibre, steel cut oats 100 natural whole grain rich in protein fibre healthy, jiwa, breakfast & grains",https://www.bigbasket.com/media/uploads/p/l/40255262_1-jiwa-steel-cut-oats-100-natural-whole-grain-rich-in-protein-fibre-healthy.jpg,https://www.bigbasket.com/media/uploads/p/l/40255262_1-jiwa-steel-cut-oats-100-natural-whole-grain-rich-in-protein-fibre-healthy.jpg,,,,40 g,40,150,5,27,3,4,2,5,"Use according to the product label. Store in a cool, dry place.",,Check product label for allergens.,VAR-218-01,SKU-0448,1 kg,1 kg,,,active,225,252,0,5,TRUE,2026-08-23T23:05:00+05:30,2026-08-23T23:05:00+05:30,1,1 kg,"protein, breakfast, high fibre"
PROD-219,Kellogg's Chocolate Muesli,kellogg-s-chocolate-muesli-kelloggs,KELLOGGS,Breakfast & Grains,Health Foods,MUSLI product suitable for a health-focused Indian catalog.,"Kellogg's Chocolate Muesli from KELLOGGS, listed in the provided Indian packaged-food dataset.",draft,219,General Fitness,breakfast,"breakfast, kellogg s chocolate muesli, kelloggs, breakfast & grains",https://vtiplvmddgjfcruqrvvb.supabase.co/storage/v1/object/sign/PRODUCT%20IMAGES%20BUCKET/breakfast%20and%20grains.webp?token=eyJraWQiOiJmZTRiZGQ2Yy0zZDI4LTRhODUtYTc1My1lYjc4NjhlNDU5OGEiLCJhbGciOiJIUzI1NiJ9.eyJ1cmwiOiJQUk9EVUNUIElNQUdFUyBCVUNLRVQvYnJlYWtmYXN0IGFuZCBncmFpbnMud2VicCIsInNjb3BlIjoiZG93bmxvYWQiLCJpYXQiOjE3ODc2OTY5NzgsImV4cCI6MjEwMzA1Njk3OH0.GIj7ujvCFOhdvZ3Y3XGkbL8pJBHpRg47eGI7kfsPn8U,,,,,100 g,100,444,7.7,71.4,15.5,6,26.9,227,"Use according to the product label. Store in a cool, dry place.","Multigrain Mix (43%) (Rolled Oats (26.1%), Rice Flour (6.6%), Corn Meal (5.5%), Refined Wheat Flour (Maida) (2.2%), Wheat Flour (Atta) (2.1%), Ragi Flour, Sorghum Flour), Nuts, Seeds and Dry Fruits (14%) (Almonds (6%), Pumpkin Seeds (4%), Black Raisins (4%)), Sugar, Dark Chocolate Powder (12.9%) (Sugar, Cocoa Solids and Cocoa Butter), Edible Vegetable Oil (Palmolein), Cereal Extract, Cocoa Solids (2%), Liquid Glucose, Iodized Salt, Minerals, Flavours (Nature Identical and Artificial (Cream)), Antioxidant (INS 307b), Raising Agent (INS 500(ii)), Colour (INS 150d), Vitamins","tree nuts, wheat/gluten",VAR-219-01,SKU-0334,100 g,100 g,Chocolate,,active,399,459,0,5,TRUE,2026-08-23T23:05:00+05:30,2026-08-23T23:05:00+05:30,1,100 g,breakfast
PROD-220,Kellogg's Muesli Fruit Nut & Seeds 12-in-1 Power Breakfast,kellogg-s-muesli-fruit-nut-seeds-12-in-1-power-breakfast-kelloggs,KELLOGGS,Breakfast & Grains,Health Foods,CEREAL product suitable for a health-focused Indian catalog.,"Kellogg's Muesli Fruit Nut & Seeds 12-in-1 Power Breakfast from KELLOGGS, listed in the provided Indian packaged-food dataset.",draft,220,General Fitness,"breakfast, healthy snacking","breakfast, healthy snacking, kellogg s muesli fruit nut seeds 12 in 1 power breakfast, kelloggs, breakfast & grains",https://vtiplvmddgjfcruqrvvb.supabase.co/storage/v1/object/sign/PRODUCT%20IMAGES%20BUCKET/breakfast%20and%20grains.webp?token=eyJraWQiOiJmZTRiZGQ2Yy0zZDI4LTRhODUtYTc1My1lYjc4NjhlNDU5OGEiLCJhbGciOiJIUzI1NiJ9.eyJ1cmwiOiJQUk9EVUNUIElNQUdFUyBCVUNLRVQvYnJlYWtmYXN0IGFuZCBncmFpbnMud2VicCIsInNjb3BlIjoiZG93bmxvYWQiLCJpYXQiOjE3ODc2OTY5NzgsImV4cCI6MjEwMzA1Njk3OH0.GIj7ujvCFOhdvZ3Y3XGkbL8pJBHpRg47eGI7kfsPn8U,,,,,100 g,100,386,8.1,80,5.1,0,20.8,140,"Use according to the product label. Store in a cool, dry place.","Added Flavours (Nature Identical & Artificial - Coconut), Antioxidant (INS 3076), Candied Fruits (Candied Cranberry (3%), Candied Papaya (5%)), Corn Grits (18.3%), Corn Meal, Cocoa Solids, Honey, Jodized Salt, Multigrain Mix (66%) (Rice (9.7%), Refined Wheat Flour (Maida), Rolled Barley (8%), Rolled Oats (8%), Ragi Millet Flour (3.5%), Sugar, Wheat Bran), Mineral, Oligofructose, Vitamins, Colours (INS 140, INS 150D), Nut & Seed (21%) (Almonds (3.5%), Black Currants (3%), Black Raisins (3%), Pumpkin Seeds (3.5%))","tree nuts, wheat/gluten",VAR-220-01,SKU-0304,100 g,100 g,,,active,525,604,0,5,TRUE,2026-08-23T23:05:00+05:30,2026-08-23T23:05:00+05:30,1,100 g,"breakfast, healthy snacking"
PROD-221,Kellogg's Multigrain Chocos,kellogg-s-multigrain-chocos-kelloggs,KELLOGGS,Breakfast & Grains,Health Foods,CEREAL product suitable for a health-focused Indian catalog.,"Kellogg's Multigrain Chocos from KELLOGGS, listed in the provided Indian packaged-food dataset.",draft,221,General Fitness,health & wellness,"health & wellness, kellogg s multigrain chocos, kelloggs, breakfast & grains",https://vtiplvmddgjfcruqrvvb.supabase.co/storage/v1/object/sign/PRODUCT%20IMAGES%20BUCKET/breakfast%20and%20grains.webp?token=eyJraWQiOiJmZTRiZGQ2Yy0zZDI4LTRhODUtYTc1My1lYjc4NjhlNDU5OGEiLCJhbGciOiJIUzI1NiJ9.eyJ1cmwiOiJQUk9EVUNUIElNQUdFUyBCVUNLRVQvYnJlYWtmYXN0IGFuZCBncmFpbnMud2VicCIsInNjb3BlIjoiZG93bmxvYWQiLCJpYXQiOjE3ODc2OTY5NzgsImV4cCI6MjEwMzA1Njk3OH0.GIj7ujvCFOhdvZ3Y3XGkbL8pJBHpRg47eGI7kfsPn8U,,,,,100 g,100,373,9,81,3,7,97.5,250,"Use according to the product label. Store in a cool, dry place.","Multigrain Flour Mix (64.8%) (Wheat Flour (Atta) (55.8%), Sorghum (Jowar) Flour (3%), Rice Flour (3%), Corn Meal (3%)), Sugar, Cocoa Solids (5.3%), Minerals, Cereal Extract, Iodized Salt, Colours (INS 150a, INS 150d), Edible Vegetable Oil (Palmolein), Flavours (Nature Identical & Artificial (Cream)), Vitamins, Antioxidant (INS 307b)",wheat/gluten,VAR-221-01,SKU-0356,100 g,100 g,,,active,225,259,0,5,TRUE,2026-08-23T23:05:00+05:30,2026-08-23T23:05:00+05:30,1,100 g,health & wellness
PROD-222,Kwality Classic Masala Oats - Box,kwality-classic-masala-oats-box-kwality,KWALITY,Breakfast & Grains,Health Foods,OATS product suitable for a health-focused Indian catalog.,"Kwality Classic Masala Oats - Box from KWALITY, listed in the provided Indian packaged-food dataset.",draft,222,General Fitness,"breakfast, high fibre","breakfast, high fibre, kwality classic masala oats box, kwality, breakfast & grains",https://vtiplvmddgjfcruqrvvb.supabase.co/storage/v1/object/sign/PRODUCT%20IMAGES%20BUCKET/breakfast%20and%20grains.webp?token=eyJraWQiOiJmZTRiZGQ2Yy0zZDI4LTRhODUtYTc1My1lYjc4NjhlNDU5OGEiLCJhbGciOiJIUzI1NiJ9.eyJ1cmwiOiJQUk9EVUNUIElNQUdFUyBCVUNLRVQvYnJlYWtmYXN0IGFuZCBncmFpbnMud2VicCIsInNjb3BlIjoiZG93bmxvYWQiLCJpYXQiOjE3ODc2OTY5NzgsImV4cCI6MjEwMzA1Njk3OH0.GIj7ujvCFOhdvZ3Y3XGkbL8pJBHpRg47eGI7kfsPn8U,,,,,100 g,100,360,10,54.1,4.9,8,5,2131,"Use according to the product label. Store in a cool, dry place.","Rolled Oats (75%), Maltodextrin, Iodized Salt, Tomato Powder, Spices and Condiments (Onion, Black Pepper, Garlic, Coriander, Cumin, Fenugreek, Ginger, Turmeric, Chakla, Clove, Chili), Sugar, Hydrolyzed Vegetable Protein, Rice Bran Oil, Dehydrated Vegetables (Carrot (0.5%), Green Peas (0.7%), Tomato (0.7%)), Flavor Enhancer (INS 627 & 631), Whole Wheat Flour (Atta), Parsley, Beet Juice Powder, Chili Extract, Acidity Regulator (INS 330)",wheat/gluten,VAR-222-01,SKU-0335,100 g,100 g,,,active,275,316,0,5,TRUE,2026-08-23T23:05:00+05:30,2026-08-23T23:05:00+05:30,1,100 g,"breakfast, high fibre"
PROD-223,Supergrain Oats -  Homestyle Masala With 3 Ayurvedic Herbs & 4 Whole Grains,supergrain-oats-homestyle-masala-with-3-ayurvedic-herbs-4-whole-grains-kapiva,Kapiva,Breakfast & Grains,Health Foods,Oats & Porridge from Kapiva.,Oats & Porridge item sourced from the provided BigBasket catalog.,draft,223,General Fitness,"breakfast, high fibre","breakfast, high fibre, supergrain oats homestyle masala with 3 ayurvedic herbs 4 whole grains, kapiva, breakfast & grains",https://www.bigbasket.com/media/uploads/p/l/40222488_1-kapiva-supergrain-oats-homestyle-masala-with-3-ayurvedic-herbs-4-whole-grains.jpg,https://www.bigbasket.com/media/uploads/p/l/40222488_1-kapiva-supergrain-oats-homestyle-masala-with-3-ayurvedic-herbs-4-whole-grains.jpg,,,,40 g,40,150,5,27,3,4,2,5,"Use according to the product label. Store in a cool, dry place.",,Check product label for allergens.,VAR-223-01,SKU-0449,160 g,160 g,,,active,119,133,0,5,TRUE,2026-08-23T23:05:00+05:30,2026-08-23T23:05:00+05:30,1,160 g,"breakfast, high fibre"
PROD-224,Madmix Oats Idli With Free Chutney,madmix-oats-idli-with-free-chutney-madmix,MADMIX,Breakfast & Grains,Health Foods,OATS IDLI product suitable for a health-focused Indian catalog.,"Madmix Oats Idli With Free Chutney from MADMIX, listed in the provided Indian packaged-food dataset.",draft,224,General Fitness,"breakfast, high fibre","breakfast, high fibre, madmix oats idli with free chutney, madmix, breakfast & grains",https://vtiplvmddgjfcruqrvvb.supabase.co/storage/v1/object/sign/PRODUCT%20IMAGES%20BUCKET/breakfast%20and%20grains.webp?token=eyJraWQiOiJmZTRiZGQ2Yy0zZDI4LTRhODUtYTc1My1lYjc4NjhlNDU5OGEiLCJhbGciOiJIUzI1NiJ9.eyJ1cmwiOiJQUk9EVUNUIElNQUdFUyBCVUNLRVQvYnJlYWtmYXN0IGFuZCBncmFpbnMud2VicCIsInNjb3BlIjoiZG93bmxvYWQiLCJpYXQiOjE3ODc2OTY5NzgsImV4cCI6MjEwMzA1Njk3OH0.GIj7ujvCFOhdvZ3Y3XGkbL8pJBHpRg47eGI7kfsPn8U,,,,,100 g,100,361.88,11.75,73.94,1.61,0,0,488.49,"Use according to the product label. Store in a cool, dry place.","Oats Idli Premix: Rice, Gram, Oats, Baking powder, Salt, and Fruit salt. Chutney Premix: Gram, Coconut Powder, Salt, Green Chilli Powder, Curry Leaves Powder, Cumin Powder, Ginger Powder, Asafoetida",Check label for allergens.,VAR-224-01,SKU-0338,100 g,100 g,,,active,149,171,0,5,TRUE,2026-08-23T23:05:00+05:30,2026-08-23T23:05:00+05:30,1,100 g,"breakfast, high fibre"
PROD-225,Manna Oats Pouch,manna-oats-pouch-manna,MANNA,Breakfast & Grains,Health Foods,OATS product suitable for a health-focused Indian catalog.,"Manna Oats Pouch from MANNA, listed in the provided Indian packaged-food dataset.",draft,225,General Fitness,"breakfast, high fibre","breakfast, high fibre, manna oats pouch, manna, breakfast & grains",https://vtiplvmddgjfcruqrvvb.supabase.co/storage/v1/object/sign/PRODUCT%20IMAGES%20BUCKET/breakfast%20and%20grains.webp?token=eyJraWQiOiJmZTRiZGQ2Yy0zZDI4LTRhODUtYTc1My1lYjc4NjhlNDU5OGEiLCJhbGciOiJIUzI1NiJ9.eyJ1cmwiOiJQUk9EVUNUIElNQUdFUyBCVUNLRVQvYnJlYWtmYXN0IGFuZCBncmFpbnMud2VicCIsInNjb3BlIjoiZG93bmxvYWQiLCJpYXQiOjE3ODc2OTY5NzgsImV4cCI6MjEwMzA1Njk3OH0.GIj7ujvCFOhdvZ3Y3XGkbL8pJBHpRg47eGI7kfsPn8U,,,,,100 g,100,382,11,57,10,4,1.5,6,"Use according to the product label. Store in a cool, dry place.","Energy (kcal) 382.0 (RDA 7.6%), Protein (g) 11.0 (RDA 8%), Carbohydrates (g) 67.0, Total Sugars (g) 1.5, Added Sugars (g) 0.0 (RDA 0%), Dietary Fibre (g) 10.0, Soluble Dietary Fibre (g) 4.0, Total Fat (g) 10.0 (RDA 6%), Saturated Fat (g) 2.0 (RDA 3.3%), Trans Fat (g) 0.0 (RDA 0%), Cholesterol (mg) 0.0, Sodium (mg) 6.0 (RDA 0.1%), Phosphorus (mg) 250.0 (RDA 10%), Magnesium (mg) 95.0 (RDA 8.6%), Iron (mg) 3.0 (RDA 6.3%), Zinc (mg) 2.0 (RDA 4.7%)",Check label for allergens.,VAR-225-01,SKU-0339,100 g,100 g,,,active,299,344,0,5,TRUE,2026-08-23T23:05:00+05:30,2026-08-23T23:05:00+05:30,1,100 g,"breakfast, high fibre"
PROD-226,Nestle Cerelac Multigrain & Fruits Baby Food Cereal,nestle-cerelac-multigrain-fruits-baby-food-cereal-nestle,NESTLE,Breakfast & Grains,Health Foods,CEREAL product suitable for a health-focused Indian catalog.,"Nestle Cerelac Multigrain & Fruits Baby Food Cereal from NESTLE, listed in the provided Indian packaged-food dataset.",draft,226,General Fitness,breakfast,"breakfast, nestle cerelac multigrain fruits baby food cereal, nestle, breakfast & grains",https://vtiplvmddgjfcruqrvvb.supabase.co/storage/v1/object/sign/PRODUCT%20IMAGES%20BUCKET/breakfast%20and%20grains.webp?token=eyJraWQiOiJmZTRiZGQ2Yy0zZDI4LTRhODUtYTc1My1lYjc4NjhlNDU5OGEiLCJhbGciOiJIUzI1NiJ9.eyJ1cmwiOiJQUk9EVUNUIElNQUdFUyBCVUNLRVQvYnJlYWtmYXN0IGFuZCBncmFpbnMud2VicCIsInNjb3BlIjoiZG93bmxvYWQiLCJpYXQiOjE3ODc2OTY5NzgsImV4cCI6MjEwMzA1Njk3OH0.GIj7ujvCFOhdvZ3Y3XGkbL8pJBHpRg47eGI7kfsPn8U,,,,,100 g,100,412,15,68.1,9.4,2.4,23.5,0,"Use according to the product label. Store in a cool, dry place.","Wheat flour (Atta) (48.1%), Milk solids (32.7%), Cereal discs (Corn flour (6.7%), Barley flour (2.2%)), Orange juice concentrate (4.6%), Sugar, Soyabean oil, Dehydrated apple bits (2.4%), Cherry flakes (1.7%), Minerals, Vitamins and Enzyme* (Alpha amylase)","milk, soy, wheat/gluten",VAR-226-01,SKU-0362,100 g,100 g,,,active,294,338,0,5,TRUE,2026-08-23T23:05:00+05:30,2026-08-23T23:05:00+05:30,1,100 g,breakfast
PROD-227,Pintola High Protein Oats,pintola-high-protein-oats,Pintola,Breakfast & Grains,Health Foods,"Oats with almonds, raisins, pumpkin seeds, chia seeds and dark chocolate. 8g protein/serving.","Pintola High Protein Oats are specially formulated for active individuals, combining rolled oats with almonds, raisins, pumpkin seeds, and chia seeds for a protein and micronutrient-rich breakfast. Each serving provides 8g of protein and 5g of fibre with absolutely no added sugar.",draft,227,General Fitness,"Muscle Building,Weight Management,Fibre,Protein Snack","pintola oats,high protein oats,seeds,no sugar,healthy breakfast",https://cdn.shopify.com/s/files/1/1857/6931/files/71XSbFkYmRL._SL1500.png?v=1777443646,https://cdn.shopify.com/s/files/1/1857/6931/files/71XSbFkYmRL._SL1500.png?v=1777443646,,,,50g (1 cup dry),50,200,8,30,7,5,5,10,"Cook with hot water or milk for 5 minutes, or soak overnight for no-cook oats.","Rolled Oats, Pumpkin Seeds, Almonds, Raisins, Dark Chocolate Chips, Chia Seeds, Sunflower Seeds","Contains tree nuts. Free from added sugar, preservatives, and artificial colours.",VAR-227-01,PIN-HPO-1KG-DC,1kg Pouch,1kg,Dark Chocolate,,active,449,549,0,5,TRUE,2026-08-23T17:59:48Z,2026-08-23T17:59:48Z,2,1kg Pouch | 500g Pouch,"Muscle Building,Weight Management,Fibre,Protein Snack"
PROD-227,Pintola High Protein Oats,pintola-high-protein-oats,Pintola,Breakfast & Grains,Health Foods,"Oats with almonds, raisins, pumpkin seeds, chia seeds and dark chocolate. 8g protein/serving.","Pintola High Protein Oats are specially formulated for active individuals, combining rolled oats with almonds, raisins, pumpkin seeds, and chia seeds for a protein and micronutrient-rich breakfast. Each serving provides 8g of protein and 5g of fibre with absolutely no added sugar.",draft,227,General Fitness,"Muscle Building,Weight Management,Fibre,Protein Snack","pintola oats,high protein oats,seeds,no sugar,healthy breakfast",https://cdn.shopify.com/s/files/1/1857/6931/files/71XSbFkYmRL._SL1500.png?v=1777443646,https://cdn.shopify.com/s/files/1/1857/6931/files/71XSbFkYmRL._SL1500.png?v=1777443646,,,,50g (1 cup dry),50,200,8,30,7,5,5,10,"Cook with hot water or milk for 5 minutes, or soak overnight for no-cook oats.","Rolled Oats, Pumpkin Seeds, Almonds, Raisins, Dark Chocolate Chips, Chia Seeds, Sunflower Seeds","Contains tree nuts. Free from added sugar, preservatives, and artificial colours.",VAR-227-02,PIN-HPO-500-DC,500g Pouch,500g,Dark Chocolate,,active,249,299,0,5,FALSE,2026-08-23T17:59:48Z,2026-08-23T17:59:48Z,2,1kg Pouch | 500g Pouch,"Muscle Building,Weight Management,Fibre,Protein Snack"
PROD-228,"Oats - Multigrain, Breakfast Cereal, Rich In Fibre & Calcium, Good For Heart",oats-multigrain-breakfast-cereal-rich-in-fibre-calcium-good-for-heart-quaker,Quaker,Breakfast & Grains,Health Foods,Oats & Porridge from Quaker.,Oats & Porridge item sourced from the provided BigBasket catalog.,draft,228,General Fitness,"breakfast, high fibre","breakfast, high fibre, oats multigrain breakfast cereal rich in fibre calcium good for heart, quaker, breakfast & grains",https://www.bigbasket.com/media/uploads/p/l/40007739_18-quaker-oats-multigrain-breakfast-cereal-rich-source-of-energy-nutritious-easy-to-cook.jpg,https://www.bigbasket.com/media/uploads/p/l/40007739_18-quaker-oats-multigrain-breakfast-cereal-rich-source-of-energy-nutritious-easy-to-cook.jpg,,,,40 g,40,150,5,27,3,4,2,5,"Use according to the product label. Store in a cool, dry place.",,Check product label for allergens.,VAR-228-01,SKU-0416,600 g,600 g,,,active,175,196,0,5,TRUE,2026-08-23T23:05:00+05:30,2026-08-23T23:05:00+05:30,1,600 g,"breakfast, high fibre"
PROD-229,"Oats Breakfast Cereal - Rich In Protein, Dietary Fibre, Nutritious, Easy To Cook",oats-breakfast-cereal-rich-in-protein-dietary-fibre-nutritious-easy-to-cook-quaker,Quaker,Breakfast & Grains,Health Foods,Oats & Porridge from Quaker.,Oats & Porridge item sourced from the provided BigBasket catalog.,draft,229,General Fitness,"protein, breakfast, high fibre, healthy snacking","protein, breakfast, high fibre, healthy snacking, oats breakfast cereal rich in protein dietary fibre nutritious easy to cook, quaker, breakfast & grains",https://www.bigbasket.com/media/uploads/p/l/208345_20-quaker-oats-breakfast-cereal-rich-in-protein-dietary-fibre-nutritious-easy-to-cook.jpg,https://www.bigbasket.com/media/uploads/p/l/208345_20-quaker-oats-breakfast-cereal-rich-in-protein-dietary-fibre-nutritious-easy-to-cook.jpg,,,,40 g,40,150,5,27,3,4,2,5,"Use according to the product label. Store in a cool, dry place.",,Check product label for allergens.,VAR-229-01,SKU-0417,1 Kg,1 Kg,,,active,199,223,0,5,TRUE,2026-08-23T23:05:00+05:30,2026-08-23T23:05:00+05:30,1,1 Kg,"protein, breakfast, high fibre, healthy snacking"
PROD-230,"Rolled Oats - Rich In Protein, Nutritious, Easy To Cook",rolled-oats-rich-in-protein-nutritious-easy-to-cook-quaker,Quaker,Breakfast & Grains,Health Foods,Oats & Porridge from Quaker.,Oats & Porridge item sourced from the provided BigBasket catalog.,draft,230,General Fitness,"protein, breakfast, high fibre, healthy snacking","protein, breakfast, high fibre, healthy snacking, rolled oats rich in protein nutritious easy to cook, quaker, breakfast & grains",https://www.bigbasket.com/media/uploads/p/l/40091105_13-quaker-rolled-oats-rich-in-protein-nutritious-easy-to-cook.jpg,https://www.bigbasket.com/media/uploads/p/l/40091105_13-quaker-rolled-oats-rich-in-protein-nutritious-easy-to-cook.jpg,,,,40 g,40,150,5,27,3,4,2,5,"Use according to the product label. Store in a cool, dry place.",,Check product label for allergens.,VAR-230-01,SKU-0439,2 Kg,2 Kg,,,active,338,379,0,5,TRUE,2026-08-23T23:05:00+05:30,2026-08-23T23:05:00+05:30,1,2 Kg,"protein, breakfast, high fibre, healthy snacking"
PROD-231,Saffola Masala Oats,saffola-masala-oats-saffola,SAFFOLA,Breakfast & Grains,Health Foods,OATS product suitable for a health-focused Indian catalog.,"Saffola Masala Oats from SAFFOLA, listed in the provided Indian packaged-food dataset.",draft,231,General Fitness,"breakfast, high fibre","breakfast, high fibre, saffola masala oats, saffola, breakfast & grains",https://vtiplvmddgjfcruqrvvb.supabase.co/storage/v1/object/sign/PRODUCT%20IMAGES%20BUCKET/breakfast%20and%20grains.webp?token=eyJraWQiOiJmZTRiZGQ2Yy0zZDI4LTRhODUtYTc1My1lYjc4NjhlNDU5OGEiLCJhbGciOiJIUzI1NiJ9.eyJ1cmwiOiJQUk9EVUNUIElNQUdFUyBCVUNLRVQvYnJlYWtmYXN0IGFuZCBncmFpbnMud2VicCIsInNjb3BlIjoiZG93bmxvYWQiLCJpYXQiOjE3ODc2OTY5NzgsImV4cCI6MjEwMzA1Njk3OH0.GIj7ujvCFOhdvZ3Y3XGkbL8pJBHpRg47eGI7kfsPn8U,,,,,38 g,38,139,3.3,26.8,2.9,3.7,2.3,793.8,"Use according to the product label. Store in a cool, dry place.","Bajra Flakes (2%), Carrots (1.15%), Dried Vegetables (Green Peas (0.69%), Onion Flakes (1.15%)), Flavour Enhancers (INS 627, INS 631), Hydrolysed Vegetable Protein, Iodised Salt, Maltodextrin, Millets (16%) [Jowar Flakes (14%)], Natural Flavouring Substances, Refined Rice Bran Oil, Rolled Oats (55.5%), Spices and Condiments~, Starch, Sugar",Check label for allergens.,VAR-231-01,SKU-0343,38 g,38 g,,,active,214,246,0,5,TRUE,2026-08-23T23:05:00+05:30,2026-08-23T23:05:00+05:30,1,38 g,"breakfast, high fibre"
PROD-232,"Saffola Oats, Instant Rolled Oats",saffola-oats-instant-rolled-oats-saffola,SAFFOLA,Breakfast & Grains,Health Foods,OATS product suitable for a health-focused Indian catalog.,"Saffola Oats, Instant Rolled Oats from SAFFOLA, listed in the provided Indian packaged-food dataset.",draft,232,General Fitness,"breakfast, high fibre","breakfast, high fibre, saffola oats instant rolled oats, saffola, breakfast & grains",https://vtiplvmddgjfcruqrvvb.supabase.co/storage/v1/object/sign/PRODUCT%20IMAGES%20BUCKET/breakfast%20and%20grains.webp?token=eyJraWQiOiJmZTRiZGQ2Yy0zZDI4LTRhODUtYTc1My1lYjc4NjhlNDU5OGEiLCJhbGciOiJIUzI1NiJ9.eyJ1cmwiOiJQUk9EVUNUIElNQUdFUyBCVUNLRVQvYnJlYWtmYXN0IGFuZCBncmFpbnMud2VicCIsInNjb3BlIjoiZG93bmxvYWQiLCJpYXQiOjE3ODc2OTY5NzgsImV4cCI6MjEwMzA1Njk3OH0.GIj7ujvCFOhdvZ3Y3XGkbL8pJBHpRg47eGI7kfsPn8U,,,,,100 g,100,369,12.6,66.8,8,6.1,0.5,5,"Use according to the product label. Store in a cool, dry place.",Rolled Oats,Check label for allergens.,VAR-232-01,SKU-0344,100 g,100 g,,,active,199,229,0,5,TRUE,2026-08-23T23:05:00+05:30,2026-08-23T23:05:00+05:30,1,100 g,"breakfast, high fibre"
PROD-233,Slurrp Farm No Added Sugar Cereal - Ragi Rice and Mango with Milk,slurrp-farm-no-added-sugar-cereal-ragi-rice-and-mango-with-milk-slurrp-farm,SLURRP FARM,Breakfast & Grains,Health Foods,CEREAL product suitable for a health-focused Indian catalog.,"Slurrp Farm No Added Sugar Cereal - Ragi Rice and Mango with Milk from SLURRP FARM, listed in the provided Indian packaged-food dataset.",draft,233,General Fitness,breakfast,"breakfast, slurrp farm no added sugar cereal ragi rice and mango with milk, slurrp farm, breakfast & grains",https://vtiplvmddgjfcruqrvvb.supabase.co/storage/v1/object/sign/PRODUCT%20IMAGES%20BUCKET/breakfast%20and%20grains.webp?token=eyJraWQiOiJmZTRiZGQ2Yy0zZDI4LTRhODUtYTc1My1lYjc4NjhlNDU5OGEiLCJhbGciOiJIUzI1NiJ9.eyJ1cmwiOiJQUk9EVUNUIElNQUdFUyBCVUNLRVQvYnJlYWtmYXN0IGFuZCBncmFpbnMud2VicCIsInNjb3BlIjoiZG93bmxvYWQiLCJpYXQiOjE3ODc2OTY5NzgsImV4cCI6MjEwMzA1Njk3OH0.GIj7ujvCFOhdvZ3Y3XGkbL8pJBHpRg47eGI7kfsPn8U,,,,,100 g,100,386.7,13.4,80.8,1.1,6.4,15,27.5,"Use according to the product label. Store in a cool, dry place.","Supergrain blend (sprouted ragi, Jowar, Rice) (35%), Milk solids (30%), Mango powder (11%), Oat flour (10%), Date powder (9%), Skimmed milk powder, Vitamins and minerals",milk,VAR-233-01,SKU-0368,100 g,100 g,Mango,,active,349,401,0,5,TRUE,2026-08-23T23:05:00+05:30,2026-08-23T23:05:00+05:30,1,100 g,breakfast
PROD-234,Slurrp Farm Ragi Rice Strawberry Instant Healthy Cereal,slurrp-farm-ragi-rice-strawberry-instant-healthy-cereal-slurrp-farm,SLURRP FARM,Breakfast & Grains,Health Foods,CEREAL product suitable for a health-focused Indian catalog.,"Slurrp Farm Ragi Rice Strawberry Instant Healthy Cereal from SLURRP FARM, listed in the provided Indian packaged-food dataset.",draft,234,General Fitness,breakfast,"breakfast, slurrp farm ragi rice strawberry instant healthy cereal, slurrp farm, breakfast & grains",https://vtiplvmddgjfcruqrvvb.supabase.co/storage/v1/object/sign/PRODUCT%20IMAGES%20BUCKET/breakfast%20and%20grains.webp?token=eyJraWQiOiJmZTRiZGQ2Yy0zZDI4LTRhODUtYTc1My1lYjc4NjhlNDU5OGEiLCJhbGciOiJIUzI1NiJ9.eyJ1cmwiOiJQUk9EVUNUIElNQUdFUyBCVUNLRVQvYnJlYWtmYXN0IGFuZCBncmFpbnMud2VicCIsInNjb3BlIjoiZG93bmxvYWQiLCJpYXQiOjE3ODc2OTY5NzgsImV4cCI6MjEwMzA1Njk3OH0.GIj7ujvCFOhdvZ3Y3XGkbL8pJBHpRg47eGI7kfsPn8U,,,,,100 g,100,375.9,13.1,76.7,1.8,5.2,11.7,80,"Use according to the product label. Store in a cool, dry place.","Multigrain flour blend (sprouted ragi, jowar, rice, oats) (47%), milk solids (33%), fruit powder blend (banana, strawberry) (10%), date powder (9%), beet juice powder, vitamins, and minerals",milk,VAR-234-01,SKU-0369,100 g,100 g,Strawberry,,active,349,401,0,5,TRUE,2026-08-23T23:05:00+05:30,2026-08-23T23:05:00+05:30,1,100 g,breakfast
PROD-235,Saffola Active Rolled Oats,saffola-active-rolled-oats,Saffola,Breakfast & Grains,Health Foods,"100% whole grain rolled oats. High fibre, cholesterol management, heart-healthy breakfast.","Saffola Active Rolled Oats are made from 100% whole grain oats with no added sugar, no preservatives, and no artificial colours. Rich in beta-glucan fibre that is clinically proven to help reduce bad cholesterol (LDL). Each serving provides 3g of dietary fibre for a healthy digestive system.",draft,235,General Fitness,"Heart Health,Weight Management,Fibre","oats,saffola,rolled oats,heart health,fibre,breakfast,cholesterol",https://vtiplvmddgjfcruqrvvb.supabase.co/storage/v1/object/sign/PRODUCT%20IMAGES%20BUCKET/breakfast%20and%20grains.webp?token=eyJraWQiOiJmZTRiZGQ2Yy0zZDI4LTRhODUtYTc1My1lYjc4NjhlNDU5OGEiLCJhbGciOiJIUzI1NiJ9.eyJ1cmwiOiJQUk9EVUNUIElNQUdFUyBCVUNLRVQvYnJlYWtmYXN0IGFuZCBncmFpbnMud2VicCIsInNjb3BlIjoiZG93bmxvYWQiLCJpYXQiOjE3ODc2OTY5NzgsImV4cCI6MjEwMzA1Njk3OH0.GIj7ujvCFOhdvZ3Y3XGkbL8pJBHpRg47eGI7kfsPn8U,,,,,40g (¾ cup dry),40,148,4.3,25,3.2,3,0,5,"Add ¾ cup oats to 1.5 cups boiling water or milk. Cook on medium heat for 3–5 minutes, stirring occasionally.",Whole Grain Rolled Oats,Oats naturally contain gluten due to shared farming and processing. Suitable for vegetarians and vegans.,VAR-235-01,SAF-OAT-1KG-UNF,1kg Pouch,1kg,Unflavoured,,active,179,219,0,5,TRUE,2026-08-23T17:59:48Z,2026-08-23T17:59:48Z,3,1kg Pouch | 2kg Pouch | 500g Pouch,"Heart Health,Weight Management,Fibre"
PROD-235,Saffola Active Rolled Oats,saffola-active-rolled-oats,Saffola,Breakfast & Grains,Health Foods,"100% whole grain rolled oats. High fibre, cholesterol management, heart-healthy breakfast.","Saffola Active Rolled Oats are made from 100% whole grain oats with no added sugar, no preservatives, and no artificial colours. Rich in beta-glucan fibre that is clinically proven to help reduce bad cholesterol (LDL). Each serving provides 3g of dietary fibre for a healthy digestive system.",draft,235,General Fitness,"Heart Health,Weight Management,Fibre","oats,saffola,rolled oats,heart health,fibre,breakfast,cholesterol",https://vtiplvmddgjfcruqrvvb.supabase.co/storage/v1/object/sign/PRODUCT%20IMAGES%20BUCKET/breakfast%20and%20grains.webp?token=eyJraWQiOiJmZTRiZGQ2Yy0zZDI4LTRhODUtYTc1My1lYjc4NjhlNDU5OGEiLCJhbGciOiJIUzI1NiJ9.eyJ1cmwiOiJQUk9EVUNUIElNQUdFUyBCVUNLRVQvYnJlYWtmYXN0IGFuZCBncmFpbnMud2VicCIsInNjb3BlIjoiZG93bmxvYWQiLCJpYXQiOjE3ODc2OTY5NzgsImV4cCI6MjEwMzA1Njk3OH0.GIj7ujvCFOhdvZ3Y3XGkbL8pJBHpRg47eGI7kfsPn8U,,,,,40g (¾ cup dry),40,148,4.3,25,3.2,3,0,5,"Add ¾ cup oats to 1.5 cups boiling water or milk. Cook on medium heat for 3–5 minutes, stirring occasionally.",Whole Grain Rolled Oats,Oats naturally contain gluten due to shared farming and processing. Suitable for vegetarians and vegans.,VAR-235-02,SAF-OAT-2KG-UNF,2kg Pouch,2kg,Unflavoured,,active,329,399,0,5,FALSE,2026-08-23T17:59:48Z,2026-08-23T17:59:48Z,3,1kg Pouch | 2kg Pouch | 500g Pouch,"Heart Health,Weight Management,Fibre"
PROD-235,Saffola Active Rolled Oats,saffola-active-rolled-oats,Saffola,Breakfast & Grains,Health Foods,"100% whole grain rolled oats. High fibre, cholesterol management, heart-healthy breakfast.","Saffola Active Rolled Oats are made from 100% whole grain oats with no added sugar, no preservatives, and no artificial colours. Rich in beta-glucan fibre that is clinically proven to help reduce bad cholesterol (LDL). Each serving provides 3g of dietary fibre for a healthy digestive system.",draft,235,General Fitness,"Heart Health,Weight Management,Fibre","oats,saffola,rolled oats,heart health,fibre,breakfast,cholesterol",https://vtiplvmddgjfcruqrvvb.supabase.co/storage/v1/object/sign/PRODUCT%20IMAGES%20BUCKET/breakfast%20and%20grains.webp?token=eyJraWQiOiJmZTRiZGQ2Yy0zZDI4LTRhODUtYTc1My1lYjc4NjhlNDU5OGEiLCJhbGciOiJIUzI1NiJ9.eyJ1cmwiOiJQUk9EVUNUIElNQUdFUyBCVUNLRVQvYnJlYWtmYXN0IGFuZCBncmFpbnMud2VicCIsInNjb3BlIjoiZG93bmxvYWQiLCJpYXQiOjE3ODc2OTY5NzgsImV4cCI6MjEwMzA1Njk3OH0.GIj7ujvCFOhdvZ3Y3XGkbL8pJBHpRg47eGI7kfsPn8U,,,,,40g (¾ cup dry),40,148,4.3,25,3.2,3,0,5,"Add ¾ cup oats to 1.5 cups boiling water or milk. Cook on medium heat for 3–5 minutes, stirring occasionally.",Whole Grain Rolled Oats,Oats naturally contain gluten due to shared farming and processing. Suitable for vegetarians and vegans.,VAR-235-03,SAF-OAT-500-UNF,500g Pouch,500g,Unflavoured,,active,99,129,0,5,FALSE,2026-08-23T17:59:48Z,2026-08-23T17:59:48Z,3,1kg Pouch | 2kg Pouch | 500g Pouch,"Heart Health,Weight Management,Fibre"
PROD-236,Tata Soulfull Ragi Bites Choco Fills,tata-soulfull-ragi-bites-choco-fills-tata-soulfull,TATA SOULFULL,Breakfast & Grains,Health Foods,CEREAL product suitable for a health-focused Indian catalog.,"Tata Soulfull Ragi Bites Choco Fills from TATA SOULFULL, listed in the provided Indian packaged-food dataset.",draft,236,General Fitness,breakfast,"breakfast, tata soulfull ragi bites choco fills, tata soulfull, breakfast & grains",https://vtiplvmddgjfcruqrvvb.supabase.co/storage/v1/object/sign/PRODUCT%20IMAGES%20BUCKET/breakfast%20and%20grains.webp?token=eyJraWQiOiJmZTRiZGQ2Yy0zZDI4LTRhODUtYTc1My1lYjc4NjhlNDU5OGEiLCJhbGciOiJIUzI1NiJ9.eyJ1cmwiOiJQUk9EVUNUIElNQUdFUyBCVUNLRVQvYnJlYWtmYXN0IGFuZCBncmFpbnMud2VicCIsInNjb3BlIjoiZG93bmxvYWQiLCJpYXQiOjE3ODc2OTY5NzgsImV4cCI6MjEwMzA1Njk3OH0.GIj7ujvCFOhdvZ3Y3XGkbL8pJBHpRg47eGI7kfsPn8U,,,,,100 g,100,554,5.1,74.5,15.1,6.7,29.3,126,"Use according to the product label. Store in a cool, dry place.","Added Flavours (Nature-Identical Flavouring Substance), Antioxidant (INS 320), Chocolate Cream Filling (32%), Cocoa Powder (2.8%), Edible Vegetable Oil (Palmolein), Emulsifier (INS 322(I)), Iodised Salt, Milk Solids, Natural Colour (INS 150D), Rice, Ragi (34.1%), Refined Sugar, Stabilizer (INS 170(I)), Sugar, Bengal Gram Dal (1.8%)",milk,VAR-236-01,SKU-0372,100 g,100 g,,,active,219,252,0,5,TRUE,2026-08-23T23:05:00+05:30,2026-08-23T23:05:00+05:30,1,100 g,breakfast
PROD-237,Yoga Bar Breakfast Cereal & Muesli,yoga-bar-breakfast-cereal-muesli-yoga-bar,YOGA BAR,Breakfast & Grains,Health Foods,MUSLI product suitable for a health-focused Indian catalog.,"Yoga Bar Breakfast Cereal & Muesli from YOGA BAR, listed in the provided Indian packaged-food dataset.",draft,237,General Fitness,breakfast,"breakfast, yoga bar breakfast cereal muesli, yoga bar, breakfast & grains",https://vtiplvmddgjfcruqrvvb.supabase.co/storage/v1/object/sign/PRODUCT%20IMAGES%20BUCKET/breakfast%20and%20grains.webp?token=eyJraWQiOiJmZTRiZGQ2Yy0zZDI4LTRhODUtYTc1My1lYjc4NjhlNDU5OGEiLCJhbGciOiJIUzI1NiJ9.eyJ1cmwiOiJQUk9EVUNUIElNQUdFUyBCVUNLRVQvYnJlYWtmYXN0IGFuZCBncmFpbnMud2VicCIsInNjb3BlIjoiZG93bmxvYWQiLCJpYXQiOjE3ODc2OTY5NzgsImV4cCI6MjEwMzA1Njk3OH0.GIj7ujvCFOhdvZ3Y3XGkbL8pJBHpRg47eGI7kfsPn8U,,,,,100 g,100,389,11.5,70,8.5,7,3,16.3,"Use according to the product label. Store in a cool, dry place.","Whole Grains 50% (Rolled Oats, Brown Rice Flakes), Dried Fruit 22% (Raisins, Cranberries, Apricots, Blackcurrants), Seeds 18% (Quinoa, Pumpkin, Chia, Flax), Almonds, Soy Protein Flakes, Rice Bran Oil, Jaggery, Himalayan Pink Salt","soy, tree nuts",VAR-237-01,SKU-0348,100 g,100 g,,,active,390,448,0,5,TRUE,2026-08-23T23:05:00+05:30,2026-08-23T23:05:00+05:30,1,100 g,breakfast
PROD-238,"Yoga Bar Wholegrain Breakfast Muesli-Dark Chocolate+Cranberry,Granola",yoga-bar-wholegrain-breakfast-muesli-dark-chocolate-cranberry-granola-yoga-bar,YOGA BAR,Breakfast & Grains,Health Foods,MUSLI product suitable for a health-focused Indian catalog.,"Yoga Bar Wholegrain Breakfast Muesli-Dark Chocolate+Cranberry,Granola from YOGA BAR, listed in the provided Indian packaged-food dataset.",draft,238,General Fitness,breakfast,"breakfast, yoga bar wholegrain breakfast muesli dark chocolate cranberry granola, yoga bar, breakfast & grains",https://vtiplvmddgjfcruqrvvb.supabase.co/storage/v1/object/sign/PRODUCT%20IMAGES%20BUCKET/breakfast%20and%20grains.webp?token=eyJraWQiOiJmZTRiZGQ2Yy0zZDI4LTRhODUtYTc1My1lYjc4NjhlNDU5OGEiLCJhbGciOiJIUzI1NiJ9.eyJ1cmwiOiJQUk9EVUNUIElNQUdFUyBCVUNLRVQvYnJlYWtmYXN0IGFuZCBncmFpbnMud2VicCIsInNjb3BlIjoiZG93bmxvYWQiLCJpYXQiOjE3ODc2OTY5NzgsImV4cCI6MjEwMzA1Njk3OH0.GIj7ujvCFOhdvZ3Y3XGkbL8pJBHpRg47eGI7kfsPn8U,,,,,100 g,100,437,12.3,67,13.3,9.4,6.7,90.6,"Use according to the product label. Store in a cool, dry place.","Whole Grains 58% (Rolled Oats, Brown Rice Flakes, Quinoa Flakes), Seeds & Nuts 14% (Pumpkin, Almonds, Chia, Flax), Dried Fruits 11% (Cranberry, Raisins) Dark Chocolate (Cocoa Solids, Cocoa Butter, Cocoa Powder, Sugar, Sunflower Lecithin, Natural VANILLA CAKE), Dates Syrup, Jaggery, Rice Bran Oil, Cocoa Powder, Apple Fiber, Himalayan Pink Salt",tree nuts,VAR-238-01,SKU-0349,100 g,100 g,Chocolate,,active,499,574,0,5,TRUE,2026-08-23T23:05:00+05:30,2026-08-23T23:05:00+05:30,1,100 g,breakfast
PROD-239,Yoga Bar Muesli High Protein Breakfast,yoga-bar-muesli-high-protein-breakfast,Yoga Bar,Breakfast & Grains,Health Foods,"20g protein and 8g fibre per serving. No maida, no preservatives. India's guilt-free muesli.","Yoga Bar High Protein Muesli is packed with protein-rich ingredients like quinoa puffs, amaranth, roasted seeds, and dried fruits. Each serving delivers 20g of protein and 8g of dietary fibre with no refined flour, no preservatives, and no refined sugar. Perfect for a quick, healthy, filling breakfast.",draft,239,General Fitness,"Breakfast,Fibre,Protein Snack,Clean Eating","yoga bar,muesli,high protein breakfast,quinoa,amaranth,no sugar,india",https://gowithshopflo.myshopify.com/cdn/shop/products/FNMuesli700g.jpg?v=1669721664,https://gowithshopflo.myshopify.com/cdn/shop/products/FNMuesli700g.jpg?v=1669721664,,,,75g (¾ cup),75,280,20,38,6,8,6,85,"Eat with cold milk, plant milk, or yogurt. Can also be consumed dry as a snack.","Rolled Oats, Quinoa Puffs, Amaranth, Pumpkin Seeds, Sunflower Seeds, Almonds, Raisins, Cranberries, Dark Chocolate Chips, Natural Flavours","Contains gluten (oats), tree nuts. Produced in a facility with peanuts. Free from preservatives and artificial colours.",VAR-239-01,YB-MUS-400-DC,400g - Dark Chocolate,400g,Dark Chocolate,,active,349,429,0,5,TRUE,2026-08-23T17:59:48Z,2026-08-23T17:59:48Z,3,400g - Dark Chocolate | 400g - Fruits & Nuts | 700g - Fruits & Nuts,"Breakfast,Fibre,Protein Snack,Clean Eating"
PROD-239,Yoga Bar Muesli High Protein Breakfast,yoga-bar-muesli-high-protein-breakfast,Yoga Bar,Breakfast & Grains,Health Foods,"20g protein and 8g fibre per serving. No maida, no preservatives. India's guilt-free muesli.","Yoga Bar High Protein Muesli is packed with protein-rich ingredients like quinoa puffs, amaranth, roasted seeds, and dried fruits. Each serving delivers 20g of protein and 8g of dietary fibre with no refined flour, no preservatives, and no refined sugar. Perfect for a quick, healthy, filling breakfast.",draft,239,General Fitness,"Breakfast,Fibre,Protein Snack,Clean Eating","yoga bar,muesli,high protein breakfast,quinoa,amaranth,no sugar,india",https://gowithshopflo.myshopify.com/cdn/shop/products/FNMuesli700g.jpg?v=1669721664,https://gowithshopflo.myshopify.com/cdn/shop/products/FNMuesli700g.jpg?v=1669721664,,,,75g (¾ cup),75,280,20,38,6,8,6,85,"Eat with cold milk, plant milk, or yogurt. Can also be consumed dry as a snack.","Rolled Oats, Quinoa Puffs, Amaranth, Pumpkin Seeds, Sunflower Seeds, Almonds, Raisins, Cranberries, Dark Chocolate Chips, Natural Flavours","Contains gluten (oats), tree nuts. Produced in a facility with peanuts. Free from preservatives and artificial colours.",VAR-239-02,YB-MUS-400-FN,400g - Fruits & Nuts,400g,Fruits & Nuts,,active,349,429,0,5,FALSE,2026-08-23T17:59:48Z,2026-08-23T17:59:48Z,3,400g - Dark Chocolate | 400g - Fruits & Nuts | 700g - Fruits & Nuts,"Breakfast,Fibre,Protein Snack,Clean Eating"
PROD-239,Yoga Bar Muesli High Protein Breakfast,yoga-bar-muesli-high-protein-breakfast,Yoga Bar,Breakfast & Grains,Health Foods,"20g protein and 8g fibre per serving. No maida, no preservatives. India's guilt-free muesli.","Yoga Bar High Protein Muesli is packed with protein-rich ingredients like quinoa puffs, amaranth, roasted seeds, and dried fruits. Each serving delivers 20g of protein and 8g of dietary fibre with no refined flour, no preservatives, and no refined sugar. Perfect for a quick, healthy, filling breakfast.",draft,239,General Fitness,"Breakfast,Fibre,Protein Snack,Clean Eating","yoga bar,muesli,high protein breakfast,quinoa,amaranth,no sugar,india",https://gowithshopflo.myshopify.com/cdn/shop/products/FNMuesli700g.jpg?v=1669721664,https://gowithshopflo.myshopify.com/cdn/shop/products/FNMuesli700g.jpg?v=1669721664,,,,75g (¾ cup),75,280,20,38,6,8,6,85,"Eat with cold milk, plant milk, or yogurt. Can also be consumed dry as a snack.","Rolled Oats, Quinoa Puffs, Amaranth, Pumpkin Seeds, Sunflower Seeds, Almonds, Raisins, Cranberries, Dark Chocolate Chips, Natural Flavours","Contains gluten (oats), tree nuts. Produced in a facility with peanuts. Free from preservatives and artificial colours.",VAR-239-03,YB-MUS-700-FN,700g - Fruits & Nuts,700g,Fruits & Nuts,,active,549,699,0,5,FALSE,2026-08-23T17:59:48Z,2026-08-23T17:59:48Z,3,400g - Dark Chocolate | 400g - Fruits & Nuts | 700g - Fruits & Nuts,"Breakfast,Fibre,Protein Snack,Clean Eating"
PROD-240,High Protein Almond Butter,high-protein-almond-butter,Alpino,"Nuts, Seeds & Nut Butters",Health Foods,Slow-roasted almond butter with 21g protein per 100g. No added oil or sugar.,"Alpino High Protein Almond Butter is made from slow-roasted almonds with absolutely no added oil, sugar, or salt. With 21g of protein and 12g of healthy monounsaturated fats per 100g, it's one of the healthiest nut butters available in India. High in Vitamin E and magnesium.",draft,240,General Fitness,"Healthy Fats,Protein Snack,Clean Eating","almond butter,alpino,no sugar,no oil,high protein,vitamin e",https://vtiplvmddgjfcruqrvvb.supabase.co/storage/v1/object/sign/PRODUCT%20IMAGES%20BUCKET/nuts.webp?token=eyJraWQiOiJmZTRiZGQ2Yy0zZDI4LTRhODUtYTc1My1lYjc4NjhlNDU5OGEiLCJhbGciOiJIUzI1NiJ9.eyJ1cmwiOiJQUk9EVUNUIElNQUdFUyBCVUNLRVQvbnV0cy53ZWJwIiwic2NvcGUiOiJkb3dubG9hZCIsImlhdCI6MTc4NzY5NzcwNCwiZXhwIjoyMTAzMDU3NzA0fQ._VMDSQ_EG-dLf3HOEGgF-Ly2a__09H53DKALOYRZcEM,,,,,2 Tablespoons (32g),32,190,7,6,16,1,1,3,"Spread on toast, pair with fruit, or blend into shakes. Stir before use as natural oil separation occurs.",100% Slow-Roasted Almonds,"Contains tree nuts. Store in a cool, dry place. Refrigerate after opening.",VAR-240-01,ALP-HAB-200-SLT,200g Jar - Lightly Salted,200g,Lightly Salted,,active,399,499,0,5,TRUE,2026-08-23T17:59:48Z,2026-08-23T17:59:48Z,3,200g Jar - Lightly Salted | 200g Jar - Unsalted | 400g Jar - Unsalted,"Healthy Fats,Protein Snack,Clean Eating"
PROD-240,High Protein Almond Butter,high-protein-almond-butter,Alpino,"Nuts, Seeds & Nut Butters",Health Foods,Slow-roasted almond butter with 21g protein per 100g. No added oil or sugar.,"Alpino High Protein Almond Butter is made from slow-roasted almonds with absolutely no added oil, sugar, or salt. With 21g of protein and 12g of healthy monounsaturated fats per 100g, it's one of the healthiest nut butters available in India. High in Vitamin E and magnesium.",draft,240,General Fitness,"Healthy Fats,Protein Snack,Clean Eating","almond butter,alpino,no sugar,no oil,high protein,vitamin e",https://vtiplvmddgjfcruqrvvb.supabase.co/storage/v1/object/sign/PRODUCT%20IMAGES%20BUCKET/nuts.webp?token=eyJraWQiOiJmZTRiZGQ2Yy0zZDI4LTRhODUtYTc1My1lYjc4NjhlNDU5OGEiLCJhbGciOiJIUzI1NiJ9.eyJ1cmwiOiJQUk9EVUNUIElNQUdFUyBCVUNLRVQvbnV0cy53ZWJwIiwic2NvcGUiOiJkb3dubG9hZCIsImlhdCI6MTc4NzY5NzcwNCwiZXhwIjoyMTAzMDU3NzA0fQ._VMDSQ_EG-dLf3HOEGgF-Ly2a__09H53DKALOYRZcEM,,,,,2 Tablespoons (32g),32,190,7,6,16,1,1,3,"Spread on toast, pair with fruit, or blend into shakes. Stir before use as natural oil separation occurs.",100% Slow-Roasted Almonds,"Contains tree nuts. Store in a cool, dry place. Refrigerate after opening.",VAR-240-02,ALP-HAB-200-UNS,200g Jar - Unsalted,200g,Unsalted,,active,399,499,0,5,FALSE,2026-08-23T17:59:48Z,2026-08-23T17:59:48Z,3,200g Jar - Lightly Salted | 200g Jar - Unsalted | 400g Jar - Unsalted,"Healthy Fats,Protein Snack,Clean Eating"
PROD-240,High Protein Almond Butter,high-protein-almond-butter,Alpino,"Nuts, Seeds & Nut Butters",Health Foods,Slow-roasted almond butter with 21g protein per 100g. No added oil or sugar.,"Alpino High Protein Almond Butter is made from slow-roasted almonds with absolutely no added oil, sugar, or salt. With 21g of protein and 12g of healthy monounsaturated fats per 100g, it's one of the healthiest nut butters available in India. High in Vitamin E and magnesium.",draft,240,General Fitness,"Healthy Fats,Protein Snack,Clean Eating","almond butter,alpino,no sugar,no oil,high protein,vitamin e",https://vtiplvmddgjfcruqrvvb.supabase.co/storage/v1/object/sign/PRODUCT%20IMAGES%20BUCKET/nuts.webp?token=eyJraWQiOiJmZTRiZGQ2Yy0zZDI4LTRhODUtYTc1My1lYjc4NjhlNDU5OGEiLCJhbGciOiJIUzI1NiJ9.eyJ1cmwiOiJQUk9EVUNUIElNQUdFUyBCVUNLRVQvbnV0cy53ZWJwIiwic2NvcGUiOiJkb3dubG9hZCIsImlhdCI6MTc4NzY5NzcwNCwiZXhwIjoyMTAzMDU3NzA0fQ._VMDSQ_EG-dLf3HOEGgF-Ly2a__09H53DKALOYRZcEM,,,,,2 Tablespoons (32g),32,190,7,6,16,1,1,3,"Spread on toast, pair with fruit, or blend into shakes. Stir before use as natural oil separation occurs.",100% Slow-Roasted Almonds,"Contains tree nuts. Store in a cool, dry place. Refrigerate after opening.",VAR-240-03,ALP-HAB-400-UNS,400g Jar - Unsalted,400g,Unsalted,,active,699,899,0,5,FALSE,2026-08-23T17:59:48Z,2026-08-23T17:59:48Z,3,200g Jar - Lightly Salted | 200g Jar - Unsalted | 400g Jar - Unsalted,"Healthy Fats,Protein Snack,Clean Eating"
PROD-241,Conscious Food Chia Seeds,conscious-food-chia-seeds,Conscious Food,"Nuts, Seeds & Nut Butters",Health Foods,"Raw organic chia seeds. Rich in Omega-3, fibre, and plant-based protein.","Conscious Food Chia Seeds are organically sourced, raw chia seeds packed with Omega-3 fatty acids (2.5g ALA per serving), dietary fibre (5g/serving), and plant protein. When soaked, they form a gel that supports digestive health and satiety. Certified organic and non-GMO.",draft,241,General Fitness,"Omega-3,Fibre,Vegan,Gut Health","chia seeds,organic,omega 3,fibre,conscious food,vegan",https://vtiplvmddgjfcruqrvvb.supabase.co/storage/v1/object/sign/PRODUCT%20IMAGES%20BUCKET/nuts.webp?token=eyJraWQiOiJmZTRiZGQ2Yy0zZDI4LTRhODUtYTc1My1lYjc4NjhlNDU5OGEiLCJhbGciOiJIUzI1NiJ9.eyJ1cmwiOiJQUk9EVUNUIElNQUdFUyBCVUNLRVQvbnV0cy53ZWJwIiwic2NvcGUiOiJkb3dubG9hZCIsImlhdCI6MTc4NzY5NzcwNCwiZXhwIjoyMTAzMDU3NzA0fQ._VMDSQ_EG-dLf3HOEGgF-Ly2a__09H53DKALOYRZcEM,,,,,2 Tablespoons (20g),20,96,3,8,6,5,0,50,"Soak in water/milk for 10–15 minutes to form chia pudding. Add to smoothies, yogurt, oats, or baking.",Organic Chia Seeds (Salvia hispanica),"Vegan. Gluten-free. Store in a cool, dry place away from sunlight.",VAR-241-01,CF-CHI-250,250g Pouch,250g,,,active,199,249,0,5,TRUE,2026-08-23T17:59:48Z,2026-08-23T17:59:48Z,2,250g Pouch | 500g Pouch,"Omega-3,Fibre,Vegan,Gut Health"
PROD-241,Conscious Food Chia Seeds,conscious-food-chia-seeds,Conscious Food,"Nuts, Seeds & Nut Butters",Health Foods,"Raw organic chia seeds. Rich in Omega-3, fibre, and plant-based protein.","Conscious Food Chia Seeds are organically sourced, raw chia seeds packed with Omega-3 fatty acids (2.5g ALA per serving), dietary fibre (5g/serving), and plant protein. When soaked, they form a gel that supports digestive health and satiety. Certified organic and non-GMO.",draft,241,General Fitness,"Omega-3,Fibre,Vegan,Gut Health","chia seeds,organic,omega 3,fibre,conscious food,vegan",https://vtiplvmddgjfcruqrvvb.supabase.co/storage/v1/object/sign/PRODUCT%20IMAGES%20BUCKET/nuts.webp?token=eyJraWQiOiJmZTRiZGQ2Yy0zZDI4LTRhODUtYTc1My1lYjc4NjhlNDU5OGEiLCJhbGciOiJIUzI1NiJ9.eyJ1cmwiOiJQUk9EVUNUIElNQUdFUyBCVUNLRVQvbnV0cy53ZWJwIiwic2NvcGUiOiJkb3dubG9hZCIsImlhdCI6MTc4NzY5NzcwNCwiZXhwIjoyMTAzMDU3NzA0fQ._VMDSQ_EG-dLf3HOEGgF-Ly2a__09H53DKALOYRZcEM,,,,,2 Tablespoons (20g),20,96,3,8,6,5,0,50,"Soak in water/milk for 10–15 minutes to form chia pudding. Add to smoothies, yogurt, oats, or baking.",Organic Chia Seeds (Salvia hispanica),"Vegan. Gluten-free. Store in a cool, dry place away from sunlight.",VAR-241-02,CF-CHI-500,500g Pouch,500g,,,active,349,449,0,5,FALSE,2026-08-23T17:59:48Z,2026-08-23T17:59:48Z,2,250g Pouch | 500g Pouch,"Omega-3,Fibre,Vegan,Gut Health"
PROD-242,"California Almonds - Premium Quality, Pure & Natural",california-almonds-premium-quality-pure-natural-delight-nuts,Delight Nuts,"Nuts, Seeds & Nut Butters",Health Foods,Dry Fruits & Berries from Delight Nuts.,Dry Fruits & Berries item sourced from the provided BigBasket catalog.,draft,242,General Fitness,healthy snacking,"healthy snacking, california almonds premium quality pure natural, delight nuts, nuts & seeds",https://www.bigbasket.com/media/uploads/p/l/40234115_1-delight-nuts-california-almonds-premium-quality-pure-natural.jpg,https://www.bigbasket.com/media/uploads/p/l/40234115_1-delight-nuts-california-almonds-premium-quality-pure-natural.jpg,,,,30 g,30,175,6,7,15,4,2,2,"Use according to the product label. Store in a cool, dry place.",,Check product label for allergens.,VAR-242-01,SKU-0406,200 g,200 g,,,active,349,391,0,5,TRUE,2026-08-23T23:05:00+05:30,2026-08-23T23:05:00+05:30,1,200 g,healthy snacking
PROD-243,Choco Spread - Almond,choco-spread-almond-delight-nuts,Delight Nuts,"Nuts, Seeds & Nut Butters",Health Foods,Dry Fruits & Berries from Delight Nuts.,Dry Fruits & Berries item sourced from the provided BigBasket catalog.,draft,243,General Fitness,healthy snacking,"healthy snacking, choco spread almond, delight nuts, nuts & seeds",https://www.bigbasket.com/media/uploads/p/l/40234116_1-delight-nuts-choco-spread-almond.jpg,https://www.bigbasket.com/media/uploads/p/l/40234116_1-delight-nuts-choco-spread-almond.jpg,,,,30 g,30,175,6,7,15,4,2,2,"Use according to the product label. Store in a cool, dry place.",,Check product label for allergens.,VAR-243-01,SKU-0408,340 g,340 g,,,active,320,358,0,5,TRUE,2026-08-23T23:05:00+05:30,2026-08-23T23:05:00+05:30,1,340 g,healthy snacking
PROD-244,Black Chia Seeds,black-chia-seeds-gooddiet,GoodDiet,"Nuts, Seeds & Nut Butters",Health Foods,Dry Fruits & Berries from GoodDiet.,Dry Fruits & Berries item sourced from the provided BigBasket catalog.,draft,244,General Fitness,healthy snacking,"healthy snacking, black chia seeds, gooddiet, nuts & seeds",https://www.bigbasket.com/media/uploads/p/l/40108932_7-gooddiet-chia-seeds-black.jpg,https://www.bigbasket.com/media/uploads/p/l/40108932_7-gooddiet-chia-seeds-black.jpg,,,,30 g,30,175,6,7,15,4,2,2,"Use according to the product label. Store in a cool, dry place.",,Check product label for allergens.,VAR-244-01,SKU-0404,150 g,150 g,,,active,185,207,0,5,TRUE,2026-08-23T23:05:00+05:30,2026-08-23T23:05:00+05:30,1,150 g,healthy snacking
PROD-245,100% Natural Premium Californian Almonds,100-natural-premium-californian-almonds-happilo,Happilo,"Nuts, Seeds & Nut Butters",Health Foods,Dry Fruits & Berries from Happilo.,Dry Fruits & Berries item sourced from the provided BigBasket catalog.,draft,245,General Fitness,healthy snacking,"healthy snacking, 100 natural premium californian almonds, happilo, nuts & seeds",https://www.bigbasket.com/media/uploads/p/l/40200932_3-happilo-100-natural-premium-californian-almonds-value-pack.jpg,https://www.bigbasket.com/media/uploads/p/l/40200932_3-happilo-100-natural-premium-californian-almonds-value-pack.jpg,,,,30 g,30,175,6,7,15,4,2,2,"Use according to the product label. Store in a cool, dry place.",,Check product label for allergens.,VAR-245-01,SKU-0401,500 g,500 g,,,active,675,756,0,5,TRUE,2026-08-23T23:05:00+05:30,2026-08-23T23:05:00+05:30,1,500 g,healthy snacking
PROD-246,California Almonds,california-almonds-happilo,Happilo,"Nuts, Seeds & Nut Butters",Health Foods,Dry Fruits & Berries from Happilo.,Dry Fruits & Berries item sourced from the provided BigBasket catalog.,draft,246,General Fitness,healthy snacking,"healthy snacking, california almonds, happilo, nuts & seeds",https://www.bigbasket.com/media/uploads/p/l/40087191_6-happilo-premium-natural-californian-almonds.jpg,https://www.bigbasket.com/media/uploads/p/l/40087191_6-happilo-premium-natural-californian-almonds.jpg,,,,30 g,30,175,6,7,15,4,2,2,"Use according to the product label. Store in a cool, dry place.",,Check product label for allergens.,VAR-246-01,SKU-0405,200 g,200 g,,,active,275,308,0,5,TRUE,2026-08-23T23:05:00+05:30,2026-08-23T23:05:00+05:30,1,200 g,healthy snacking
PROD-247,Happilo Premium Roasted Mixed Nuts,happilo-premium-roasted-mixed-nuts,Happilo,"Nuts, Seeds & Nut Butters",Health Foods,"Dry roasted cashews, almonds, walnuts, and pistachios with no added oil or salt.","Happilo Premium Mixed Nuts is a thoughtfully curated blend of dry-roasted cashews, almonds, walnuts, and pistachios — roasted without added oil, salt, or sugar. Rich in Omega-3 fatty acids, protein, magnesium, and antioxidants. A perfect everyday health snack for adults of all ages.",draft,247,General Fitness,"Healthy Fats,Heart Health,Protein Snack,Antioxidants","mixed nuts,happilo,roasted nuts,cashew,almond,walnut,no salt",https://vtiplvmddgjfcruqrvvb.supabase.co/storage/v1/object/sign/PRODUCT%20IMAGES%20BUCKET/nuts.webp?token=eyJraWQiOiJmZTRiZGQ2Yy0zZDI4LTRhODUtYTc1My1lYjc4NjhlNDU5OGEiLCJhbGciOiJIUzI1NiJ9.eyJ1cmwiOiJQUk9EVUNUIElNQUdFUyBCVUNLRVQvbnV0cy53ZWJwIiwic2NvcGUiOiJkb3dubG9hZCIsImlhdCI6MTc4NzY5NzcwNCwiZXhwIjoyMTAzMDU3NzA0fQ._VMDSQ_EG-dLf3HOEGgF-Ly2a__09H53DKALOYRZcEM,,,,,30g (1 handful),30,175,5,6,15,2,1,5,Enjoy as a daily snack. Best consumed fresh. Refrigerate after opening.,"Cashews, Almonds, Walnuts, Pistachios",Contains tree nuts. Produced in a facility handling peanuts and other nut varieties.,VAR-247-01,HAP-MNT-150-UNS,150g Pouch,150g,Unsalted,,active,299,369,0,5,TRUE,2026-08-23T17:59:48Z,2026-08-23T17:59:48Z,3,150g Pouch | 150g Pouch - Salted | 400g Pouch,"Healthy Fats,Heart Health,Protein Snack,Antioxidants"
PROD-247,Happilo Premium Roasted Mixed Nuts,happilo-premium-roasted-mixed-nuts,Happilo,"Nuts, Seeds & Nut Butters",Health Foods,"Dry roasted cashews, almonds, walnuts, and pistachios with no added oil or salt.","Happilo Premium Mixed Nuts is a thoughtfully curated blend of dry-roasted cashews, almonds, walnuts, and pistachios — roasted without added oil, salt, or sugar. Rich in Omega-3 fatty acids, protein, magnesium, and antioxidants. A perfect everyday health snack for adults of all ages.",draft,247,General Fitness,"Healthy Fats,Heart Health,Protein Snack,Antioxidants","mixed nuts,happilo,roasted nuts,cashew,almond,walnut,no salt",https://vtiplvmddgjfcruqrvvb.supabase.co/storage/v1/object/sign/PRODUCT%20IMAGES%20BUCKET/nuts.webp?token=eyJraWQiOiJmZTRiZGQ2Yy0zZDI4LTRhODUtYTc1My1lYjc4NjhlNDU5OGEiLCJhbGciOiJIUzI1NiJ9.eyJ1cmwiOiJQUk9EVUNUIElNQUdFUyBCVUNLRVQvbnV0cy53ZWJwIiwic2NvcGUiOiJkb3dubG9hZCIsImlhdCI6MTc4NzY5NzcwNCwiZXhwIjoyMTAzMDU3NzA0fQ._VMDSQ_EG-dLf3HOEGgF-Ly2a__09H53DKALOYRZcEM,,,,,30g (1 handful),30,175,5,6,15,2,1,5,Enjoy as a daily snack. Best consumed fresh. Refrigerate after opening.,"Cashews, Almonds, Walnuts, Pistachios",Contains tree nuts. Produced in a facility handling peanuts and other nut varieties.,VAR-247-02,HAP-MNT-150-SLT,150g Pouch - Salted,150g,Lightly Salted,,active,299,369,0,5,FALSE,2026-08-23T17:59:48Z,2026-08-23T17:59:48Z,3,150g Pouch | 150g Pouch - Salted | 400g Pouch,"Healthy Fats,Heart Health,Protein Snack,Antioxidants"
PROD-247,Happilo Premium Roasted Mixed Nuts,happilo-premium-roasted-mixed-nuts,Happilo,"Nuts, Seeds & Nut Butters",Health Foods,"Dry roasted cashews, almonds, walnuts, and pistachios with no added oil or salt.","Happilo Premium Mixed Nuts is a thoughtfully curated blend of dry-roasted cashews, almonds, walnuts, and pistachios — roasted without added oil, salt, or sugar. Rich in Omega-3 fatty acids, protein, magnesium, and antioxidants. A perfect everyday health snack for adults of all ages.",draft,247,General Fitness,"Healthy Fats,Heart Health,Protein Snack,Antioxidants","mixed nuts,happilo,roasted nuts,cashew,almond,walnut,no salt",https://vtiplvmddgjfcruqrvvb.supabase.co/storage/v1/object/sign/PRODUCT%20IMAGES%20BUCKET/nuts.webp?token=eyJraWQiOiJmZTRiZGQ2Yy0zZDI4LTRhODUtYTc1My1lYjc4NjhlNDU5OGEiLCJhbGciOiJIUzI1NiJ9.eyJ1cmwiOiJQUk9EVUNUIElNQUdFUyBCVUNLRVQvbnV0cy53ZWJwIiwic2NvcGUiOiJkb3dubG9hZCIsImlhdCI6MTc4NzY5NzcwNCwiZXhwIjoyMTAzMDU3NzA0fQ._VMDSQ_EG-dLf3HOEGgF-Ly2a__09H53DKALOYRZcEM,,,,,30g (1 handful),30,175,5,6,15,2,1,5,Enjoy as a daily snack. Best consumed fresh. Refrigerate after opening.,"Cashews, Almonds, Walnuts, Pistachios",Contains tree nuts. Produced in a facility handling peanuts and other nut varieties.,VAR-247-03,HAP-MNT-400-UNS,400g Pouch,400g,Unsalted,,active,699,849,0,5,FALSE,2026-08-23T17:59:48Z,2026-08-23T17:59:48Z,3,150g Pouch | 150g Pouch - Salted | 400g Pouch,"Healthy Fats,Heart Health,Protein Snack,Antioxidants"
PROD-248,Premium Natural Californian Almonds,premium-natural-californian-almonds-happilo,Happilo,"Nuts, Seeds & Nut Butters",Health Foods,Dry Fruits & Berries from Happilo.,Dry Fruits & Berries item sourced from the provided BigBasket catalog.,draft,248,General Fitness,healthy snacking,"healthy snacking, premium natural californian almonds, happilo, nuts & seeds",https://www.bigbasket.com/media/uploads/p/l/1204212_3-happilo-almonds-100-natural-premium-californian.jpg,https://www.bigbasket.com/media/uploads/p/l/1204212_3-happilo-almonds-100-natural-premium-californian.jpg,,,,30 g,30,175,6,7,15,4,2,2,"Use according to the product label. Store in a cool, dry place.",,Check product label for allergens.,VAR-248-01,SKU-0435,2x200 g,2x200 g,,,active,550,616,0,5,TRUE,2026-08-23T23:05:00+05:30,2026-08-23T23:05:00+05:30,1,2x200 g,healthy snacking
PROD-249,MuscleBlaze Peanut Butter High Protein,muscleblaze-peanut-butter-high-protein,MuscleBlaze,"Nuts, Seeds & Nut Butters",Health Foods,30g protein per 100g. India's best-selling high-protein peanut butter.,"MuscleBlaze High Protein Peanut Butter delivers 30g of protein per 100g — among the highest in the category — through a blend of roasted peanuts and added whey protein. With no artificial sweeteners and less than 2g sugar, it's a perfect healthy spread for protein-seeking fitness enthusiasts.",draft,249,General Fitness,"Protein Snack,Muscle Building","muscleblaze peanut butter,high protein,whey,low sugar",https://img6.hkrtcdn.com/30038/prd_3003705-MuscleBlaze-High-Protein-Peanut-Butter-0.750-kg-Dark-Chocolate-Crunchy_o.jpg,https://img6.hkrtcdn.com/30038/prd_3003705-MuscleBlaze-High-Protein-Peanut-Butter-0.750-kg-Dark-Chocolate-Crunchy_o.jpg,,,,2 Tablespoons (32g),32,196,10,6,16,2,1,15,"Spread on bread, blend into shakes, or eat directly. Store in a cool dry place.","Roasted Peanuts, Whey Protein Concentrate, Salt, Emulsifier (Soy Lecithin)","Contains peanuts, milk, and soy. Not for individuals with nut or dairy allergies.",VAR-249-01,MB-HPB-PB-1KG-CRU,1kg - Crunchy,1kg,Crunchy,,active,649,799,0,5,TRUE,2026-08-23T17:59:48Z,2026-08-23T17:59:48Z,3,1kg - Crunchy | 500g - Crunchy | 500g - Smooth,"Protein Snack,Muscle Building"
PROD-249,MuscleBlaze Peanut Butter High Protein,muscleblaze-peanut-butter-high-protein,MuscleBlaze,"Nuts, Seeds & Nut Butters",Health Foods,30g protein per 100g. India's best-selling high-protein peanut butter.,"MuscleBlaze High Protein Peanut Butter delivers 30g of protein per 100g — among the highest in the category — through a blend of roasted peanuts and added whey protein. With no artificial sweeteners and less than 2g sugar, it's a perfect healthy spread for protein-seeking fitness enthusiasts.",draft,249,General Fitness,"Protein Snack,Muscle Building","muscleblaze peanut butter,high protein,whey,low sugar",https://img6.hkrtcdn.com/30038/prd_3003705-MuscleBlaze-High-Protein-Peanut-Butter-0.750-kg-Dark-Chocolate-Crunchy_o.jpg,https://img6.hkrtcdn.com/30038/prd_3003705-MuscleBlaze-High-Protein-Peanut-Butter-0.750-kg-Dark-Chocolate-Crunchy_o.jpg,,,,2 Tablespoons (32g),32,196,10,6,16,2,1,15,"Spread on bread, blend into shakes, or eat directly. Store in a cool dry place.","Roasted Peanuts, Whey Protein Concentrate, Salt, Emulsifier (Soy Lecithin)","Contains peanuts, milk, and soy. Not for individuals with nut or dairy allergies.",VAR-249-02,MB-HPB-PB-500-CRU,500g - Crunchy,500g,Crunchy,,active,349,449,0,5,FALSE,2026-08-23T17:59:48Z,2026-08-23T17:59:48Z,3,1kg - Crunchy | 500g - Crunchy | 500g - Smooth,"Protein Snack,Muscle Building"
PROD-249,MuscleBlaze Peanut Butter High Protein,muscleblaze-peanut-butter-high-protein,MuscleBlaze,"Nuts, Seeds & Nut Butters",Health Foods,30g protein per 100g. India's best-selling high-protein peanut butter.,"MuscleBlaze High Protein Peanut Butter delivers 30g of protein per 100g — among the highest in the category — through a blend of roasted peanuts and added whey protein. With no artificial sweeteners and less than 2g sugar, it's a perfect healthy spread for protein-seeking fitness enthusiasts.",draft,249,General Fitness,"Protein Snack,Muscle Building","muscleblaze peanut butter,high protein,whey,low sugar",https://img6.hkrtcdn.com/30038/prd_3003705-MuscleBlaze-High-Protein-Peanut-Butter-0.750-kg-Dark-Chocolate-Crunchy_o.jpg,https://img6.hkrtcdn.com/30038/prd_3003705-MuscleBlaze-High-Protein-Peanut-Butter-0.750-kg-Dark-Chocolate-Crunchy_o.jpg,,,,2 Tablespoons (32g),32,196,10,6,16,2,1,15,"Spread on bread, blend into shakes, or eat directly. Store in a cool dry place.","Roasted Peanuts, Whey Protein Concentrate, Salt, Emulsifier (Soy Lecithin)","Contains peanuts, milk, and soy. Not for individuals with nut or dairy allergies.",VAR-249-03,MB-HPB-PB-500-SMT,500g - Smooth,500g,Smooth,,active,349,449,0,5,FALSE,2026-08-23T17:59:48Z,2026-08-23T17:59:48Z,3,1kg - Crunchy | 500g - Crunchy | 500g - Smooth,"Protein Snack,Muscle Building"
PROD-250,Pintola Classic Peanut Butter - Creamy,pintola-classic-peanut-butter-creamy-pintola,PINTOLA,"Nuts, Seeds & Nut Butters",Health Foods,PEANUT BUTTER product suitable for a health-focused Indian catalog.,"Pintola Classic Peanut Butter - Creamy from PINTOLA, listed in the provided Indian packaged-food dataset.",draft,250,General Fitness,healthy snacking,"healthy snacking, pintola classic peanut butter creamy, pintola, nut butters & spreads",https://vtiplvmddgjfcruqrvvb.supabase.co/storage/v1/object/sign/PRODUCT%20IMAGES%20BUCKET/nuts.webp?token=eyJraWQiOiJmZTRiZGQ2Yy0zZDI4LTRhODUtYTc1My1lYjc4NjhlNDU5OGEiLCJhbGciOiJIUzI1NiJ9.eyJ1cmwiOiJQUk9EVUNUIElNQUdFUyBCVUNLRVQvbnV0cy53ZWJwIiwic2NvcGUiOiJkb3dubG9hZCIsImlhdCI6MTc4NzY5NzcwNCwiZXhwIjoyMTAzMDU3NzA0fQ._VMDSQ_EG-dLf3HOEGgF-Ly2a__09H53DKALOYRZcEM,,,,,100 g,100,605,26,22,44.6,7.2,9,280,"Use according to the product label. Store in a cool, dry place.","Peanuts (91%), Sugar, Stabilizer (INS471) & Iodised Salt",peanuts,VAR-250-01,SKU-0320,100 g,100 g,,,active,160,184,0,5,TRUE,2026-08-23T23:05:00+05:30,2026-08-23T23:05:00+05:30,1,100 g,healthy snacking
PROD-251,Pintola Dark Chocolate Peanut Butter,pintola-dark-chocolate-peanut-butter-pintola,PINTOLA,"Nuts, Seeds & Nut Butters",Health Foods,PEANUT BUTTER product suitable for a health-focused Indian catalog.,"Pintola Dark Chocolate Peanut Butter from PINTOLA, listed in the provided Indian packaged-food dataset.",draft,251,General Fitness,healthy snacking,"healthy snacking, pintola dark chocolate peanut butter, pintola, nut butters & spreads",https://vtiplvmddgjfcruqrvvb.supabase.co/storage/v1/object/sign/PRODUCT%20IMAGES%20BUCKET/nuts.webp?token=eyJraWQiOiJmZTRiZGQ2Yy0zZDI4LTRhODUtYTc1My1lYjc4NjhlNDU5OGEiLCJhbGciOiJIUzI1NiJ9.eyJ1cmwiOiJQUk9EVUNUIElNQUdFUyBCVUNLRVQvbnV0cy53ZWJwIiwic2NvcGUiOiJkb3dubG9hZCIsImlhdCI6MTc4NzY5NzcwNCwiZXhwIjoyMTAzMDU3NzA0fQ._VMDSQ_EG-dLf3HOEGgF-Ly2a__09H53DKALOYRZcEM,,,,,100 g,100,580,18.6,36.4,40,0,19,50,"Use according to the product label. Store in a cool, dry place.","Peanuts (68%), Dark Chocolate (30%) (Sugar, Cocoa Solids, Cocoa Butter, Emulsifier (INS 322)), Stabilizer (INS 471)",peanuts,VAR-251-01,SKU-0321,100 g,100 g,Chocolate,,active,199,229,0,5,TRUE,2026-08-23T23:05:00+05:30,2026-08-23T23:05:00+05:30,1,100 g,healthy snacking
PROD-252,Pintola All Natural Peanut Butter,pintola-all-natural-peanut-butter,Pintola,"Nuts, Seeds & Nut Butters",Health Foods,"100% natural peanut butter. No added sugar, oil, salt, or preservatives.","Pintola All Natural Peanut Butter is made from 100% high-quality roasted peanuts with absolutely nothing else added — no sugar, no palm oil, no preservatives, and no salt. Provides 29g of protein per 100g with heart-healthy monounsaturated fats. Stir before use as natural separation occurs.",draft,252,General Fitness,"Protein Snack,Healthy Fats,Clean Eating","peanut butter,pintola,natural,no sugar,no oil,protein",https://vtiplvmddgjfcruqrvvb.supabase.co/storage/v1/object/sign/PRODUCT%20IMAGES%20BUCKET/nuts.webp?token=eyJraWQiOiJmZTRiZGQ2Yy0zZDI4LTRhODUtYTc1My1lYjc4NjhlNDU5OGEiLCJhbGciOiJIUzI1NiJ9.eyJ1cmwiOiJQUk9EVUNUIElNQUdFUyBCVUNLRVQvbnV0cy53ZWJwIiwic2NvcGUiOiJkb3dubG9hZCIsImlhdCI6MTc4NzY5NzcwNCwiZXhwIjoyMTAzMDU3NzA0fQ._VMDSQ_EG-dLf3HOEGgF-Ly2a__09H53DKALOYRZcEM,,,,,2 Tablespoons (32g),32,188,9,5,16,2,1,2,"Use as a spread, blend into smoothies, or pair with fruit. Stir well before each use.",100% Roasted Peanuts,Contains peanuts. Not suitable for individuals with peanut allergies. May contain traces of tree nuts.,VAR-252-01,PIN-PB-1KG-CRU,1kg - Crunchy,1kg,Crunchy,,active,549,699,0,5,TRUE,2026-08-23T17:59:48Z,2026-08-23T17:59:48Z,4,1kg - Crunchy | 1kg - Smooth | 500g - Crunchy | 500g - Smooth,"Protein Snack,Healthy Fats,Clean Eating"
PROD-252,Pintola All Natural Peanut Butter,pintola-all-natural-peanut-butter,Pintola,"Nuts, Seeds & Nut Butters",Health Foods,"100% natural peanut butter. No added sugar, oil, salt, or preservatives.","Pintola All Natural Peanut Butter is made from 100% high-quality roasted peanuts with absolutely nothing else added — no sugar, no palm oil, no preservatives, and no salt. Provides 29g of protein per 100g with heart-healthy monounsaturated fats. Stir before use as natural separation occurs.",draft,252,General Fitness,"Protein Snack,Healthy Fats,Clean Eating","peanut butter,pintola,natural,no sugar,no oil,protein",https://vtiplvmddgjfcruqrvvb.supabase.co/storage/v1/object/sign/PRODUCT%20IMAGES%20BUCKET/nuts.webp?token=eyJraWQiOiJmZTRiZGQ2Yy0zZDI4LTRhODUtYTc1My1lYjc4NjhlNDU5OGEiLCJhbGciOiJIUzI1NiJ9.eyJ1cmwiOiJQUk9EVUNUIElNQUdFUyBCVUNLRVQvbnV0cy53ZWJwIiwic2NvcGUiOiJkb3dubG9hZCIsImlhdCI6MTc4NzY5NzcwNCwiZXhwIjoyMTAzMDU3NzA0fQ._VMDSQ_EG-dLf3HOEGgF-Ly2a__09H53DKALOYRZcEM,,,,,2 Tablespoons (32g),32,188,9,5,16,2,1,2,"Use as a spread, blend into smoothies, or pair with fruit. Stir well before each use.",100% Roasted Peanuts,Contains peanuts. Not suitable for individuals with peanut allergies. May contain traces of tree nuts.,VAR-252-02,PIN-PB-1KG-SMT,1kg - Smooth,1kg,Smooth,,active,549,699,0,5,FALSE,2026-08-23T17:59:48Z,2026-08-23T17:59:48Z,4,1kg - Crunchy | 1kg - Smooth | 500g - Crunchy | 500g - Smooth,"Protein Snack,Healthy Fats,Clean Eating"
PROD-252,Pintola All Natural Peanut Butter,pintola-all-natural-peanut-butter,Pintola,"Nuts, Seeds & Nut Butters",Health Foods,"100% natural peanut butter. No added sugar, oil, salt, or preservatives.","Pintola All Natural Peanut Butter is made from 100% high-quality roasted peanuts with absolutely nothing else added — no sugar, no palm oil, no preservatives, and no salt. Provides 29g of protein per 100g with heart-healthy monounsaturated fats. Stir before use as natural separation occurs.",draft,252,General Fitness,"Protein Snack,Healthy Fats,Clean Eating","peanut butter,pintola,natural,no sugar,no oil,protein",https://vtiplvmddgjfcruqrvvb.supabase.co/storage/v1/object/sign/PRODUCT%20IMAGES%20BUCKET/nuts.webp?token=eyJraWQiOiJmZTRiZGQ2Yy0zZDI4LTRhODUtYTc1My1lYjc4NjhlNDU5OGEiLCJhbGciOiJIUzI1NiJ9.eyJ1cmwiOiJQUk9EVUNUIElNQUdFUyBCVUNLRVQvbnV0cy53ZWJwIiwic2NvcGUiOiJkb3dubG9hZCIsImlhdCI6MTc4NzY5NzcwNCwiZXhwIjoyMTAzMDU3NzA0fQ._VMDSQ_EG-dLf3HOEGgF-Ly2a__09H53DKALOYRZcEM,,,,,2 Tablespoons (32g),32,188,9,5,16,2,1,2,"Use as a spread, blend into smoothies, or pair with fruit. Stir well before each use.",100% Roasted Peanuts,Contains peanuts. Not suitable for individuals with peanut allergies. May contain traces of tree nuts.,VAR-252-03,PIN-PB-500-CRU,500g - Crunchy,500g,Crunchy,,active,299,399,0,5,FALSE,2026-08-23T17:59:48Z,2026-08-23T17:59:48Z,4,1kg - Crunchy | 1kg - Smooth | 500g - Crunchy | 500g - Smooth,"Protein Snack,Healthy Fats,Clean Eating"
PROD-252,Pintola All Natural Peanut Butter,pintola-all-natural-peanut-butter,Pintola,"Nuts, Seeds & Nut Butters",Health Foods,"100% natural peanut butter. No added sugar, oil, salt, or preservatives.","Pintola All Natural Peanut Butter is made from 100% high-quality roasted peanuts with absolutely nothing else added — no sugar, no palm oil, no preservatives, and no salt. Provides 29g of protein per 100g with heart-healthy monounsaturated fats. Stir before use as natural separation occurs.",draft,252,General Fitness,"Protein Snack,Healthy Fats,Clean Eating","peanut butter,pintola,natural,no sugar,no oil,protein",https://vtiplvmddgjfcruqrvvb.supabase.co/storage/v1/object/sign/PRODUCT%20IMAGES%20BUCKET/nuts.webp?token=eyJraWQiOiJmZTRiZGQ2Yy0zZDI4LTRhODUtYTc1My1lYjc4NjhlNDU5OGEiLCJhbGciOiJIUzI1NiJ9.eyJ1cmwiOiJQUk9EVUNUIElNQUdFUyBCVUNLRVQvbnV0cy53ZWJwIiwic2NvcGUiOiJkb3dubG9hZCIsImlhdCI6MTc4NzY5NzcwNCwiZXhwIjoyMTAzMDU3NzA0fQ._VMDSQ_EG-dLf3HOEGgF-Ly2a__09H53DKALOYRZcEM,,,,,2 Tablespoons (32g),32,188,9,5,16,2,1,2,"Use as a spread, blend into smoothies, or pair with fruit. Stir well before each use.",100% Roasted Peanuts,Contains peanuts. Not suitable for individuals with peanut allergies. May contain traces of tree nuts.,VAR-252-04,PIN-PB-500-SMT,500g - Smooth,500g,Smooth,,active,299,399,0,5,FALSE,2026-08-23T17:59:48Z,2026-08-23T17:59:48Z,4,1kg - Crunchy | 1kg - Smooth | 500g - Crunchy | 500g - Smooth,"Protein Snack,Healthy Fats,Clean Eating"
PROD-253,The Whole Truth Crunchy Unsweetened Peanut Butter,the-whole-truth-crunchy-unsweetened-peanut-butter-the-whole-truth,THE WHOLE TRUTH,"Nuts, Seeds & Nut Butters",Health Foods,PEANUT BUTTER product suitable for a health-focused Indian catalog.,"The Whole Truth Crunchy Unsweetened Peanut Butter from THE WHOLE TRUTH, listed in the provided Indian packaged-food dataset.",draft,253,General Fitness,healthy snacking,"healthy snacking, the whole truth crunchy unsweetened peanut butter, the whole truth, nut butters & spreads",https://vtiplvmddgjfcruqrvvb.supabase.co/storage/v1/object/sign/PRODUCT%20IMAGES%20BUCKET/nuts.webp?token=eyJraWQiOiJmZTRiZGQ2Yy0zZDI4LTRhODUtYTc1My1lYjc4NjhlNDU5OGEiLCJhbGciOiJIUzI1NiJ9.eyJ1cmwiOiJQUk9EVUNUIElNQUdFUyBCVUNLRVQvbnV0cy53ZWJwIiwic2NvcGUiOiJkb3dubG9hZCIsImlhdCI6MTc4NzY5NzcwNCwiZXhwIjoyMTAzMDU3NzA0fQ._VMDSQ_EG-dLf3HOEGgF-Ly2a__09H53DKALOYRZcEM,,,,,100 g,100,228,8.8,6.2,16.9,0,1.2,0,"Use according to the product label. Store in a cool, dry place.",100% Roasted Peanuts,peanuts,VAR-253-01,SKU-0325,100 g,100 g,,,active,225,259,0,5,TRUE,2026-08-23T23:05:00+05:30,2026-08-23T23:05:00+05:30,1,100 g,healthy snacking
PROD-254,True Elements Roasted Pumpkin Seeds,true-elements-roasted-pumpkin-seeds,True Elements,"Nuts, Seeds & Nut Butters",Health Foods,Roasted pumpkin seeds with 9g protein per 30g serving. Zinc and magnesium-rich.,"True Elements Roasted Pumpkin Seeds are high in protein, magnesium, zinc, and antioxidants. Just a 30g serving provides 9g of protein and significant amounts of magnesium for muscle function. Lightly roasted with sea salt, these make an excellent snack or salad topping.",draft,254,General Fitness,"Protein Snack,Zinc,Magnesium,Healthy Fats","pumpkin seeds,true elements,roasted,zinc,magnesium,protein",https://vtiplvmddgjfcruqrvvb.supabase.co/storage/v1/object/sign/PRODUCT%20IMAGES%20BUCKET/nuts.webp?token=eyJraWQiOiJmZTRiZGQ2Yy0zZDI4LTRhODUtYTc1My1lYjc4NjhlNDU5OGEiLCJhbGciOiJIUzI1NiJ9.eyJ1cmwiOiJQUk9EVUNUIElNQUdFUyBCVUNLRVQvbnV0cy53ZWJwIiwic2NvcGUiOiJkb3dubG9hZCIsImlhdCI6MTc4NzY5NzcwNCwiZXhwIjoyMTAzMDU3NzA0fQ._VMDSQ_EG-dLf3HOEGgF-Ly2a__09H53DKALOYRZcEM,,,,,30g (small handful),30,162,9,4,13,2,0,80,"Snack raw or add to salads, oats, smoothie bowls, or trail mix.","Pumpkin Seeds, Sea Salt",Free from artificial preservatives. May contain traces of other seeds and nuts.,VAR-254-01,TE-PMS-250-LS,250g Pouch,250g,Lightly Salted,,active,249,299,0,5,TRUE,2026-08-23T17:59:48Z,2026-08-23T17:59:48Z,3,250g Pouch | 250g Pouch - Unsalted | 500g Pouch,"Protein Snack,Zinc,Magnesium,Healthy Fats"
PROD-254,True Elements Roasted Pumpkin Seeds,true-elements-roasted-pumpkin-seeds,True Elements,"Nuts, Seeds & Nut Butters",Health Foods,Roasted pumpkin seeds with 9g protein per 30g serving. Zinc and magnesium-rich.,"True Elements Roasted Pumpkin Seeds are high in protein, magnesium, zinc, and antioxidants. Just a 30g serving provides 9g of protein and significant amounts of magnesium for muscle function. Lightly roasted with sea salt, these make an excellent snack or salad topping.",draft,254,General Fitness,"Protein Snack,Zinc,Magnesium,Healthy Fats","pumpkin seeds,true elements,roasted,zinc,magnesium,protein",https://vtiplvmddgjfcruqrvvb.supabase.co/storage/v1/object/sign/PRODUCT%20IMAGES%20BUCKET/nuts.webp?token=eyJraWQiOiJmZTRiZGQ2Yy0zZDI4LTRhODUtYTc1My1lYjc4NjhlNDU5OGEiLCJhbGciOiJIUzI1NiJ9.eyJ1cmwiOiJQUk9EVUNUIElNQUdFUyBCVUNLRVQvbnV0cy53ZWJwIiwic2NvcGUiOiJkb3dubG9hZCIsImlhdCI6MTc4NzY5NzcwNCwiZXhwIjoyMTAzMDU3NzA0fQ._VMDSQ_EG-dLf3HOEGgF-Ly2a__09H53DKALOYRZcEM,,,,,30g (small handful),30,162,9,4,13,2,0,80,"Snack raw or add to salads, oats, smoothie bowls, or trail mix.","Pumpkin Seeds, Sea Salt",Free from artificial preservatives. May contain traces of other seeds and nuts.,VAR-254-02,TE-PMS-250-UNS,250g Pouch - Unsalted,250g,Unsalted,,active,249,299,0,5,FALSE,2026-08-23T17:59:48Z,2026-08-23T17:59:48Z,3,250g Pouch | 250g Pouch - Unsalted | 500g Pouch,"Protein Snack,Zinc,Magnesium,Healthy Fats"
PROD-254,True Elements Roasted Pumpkin Seeds,true-elements-roasted-pumpkin-seeds,True Elements,"Nuts, Seeds & Nut Butters",Health Foods,Roasted pumpkin seeds with 9g protein per 30g serving. Zinc and magnesium-rich.,"True Elements Roasted Pumpkin Seeds are high in protein, magnesium, zinc, and antioxidants. Just a 30g serving provides 9g of protein and significant amounts of magnesium for muscle function. Lightly roasted with sea salt, these make an excellent snack or salad topping.",draft,254,General Fitness,"Protein Snack,Zinc,Magnesium,Healthy Fats","pumpkin seeds,true elements,roasted,zinc,magnesium,protein",https://vtiplvmddgjfcruqrvvb.supabase.co/storage/v1/object/sign/PRODUCT%20IMAGES%20BUCKET/nuts.webp?token=eyJraWQiOiJmZTRiZGQ2Yy0zZDI4LTRhODUtYTc1My1lYjc4NjhlNDU5OGEiLCJhbGciOiJIUzI1NiJ9.eyJ1cmwiOiJQUk9EVUNUIElNQUdFUyBCVUNLRVQvbnV0cy53ZWJwIiwic2NvcGUiOiJkb3dubG9hZCIsImlhdCI6MTc4NzY5NzcwNCwiZXhwIjoyMTAzMDU3NzA0fQ._VMDSQ_EG-dLf3HOEGgF-Ly2a__09H53DKALOYRZcEM,,,,,30g (small handful),30,162,9,4,13,2,0,80,"Snack raw or add to salads, oats, smoothie bowls, or trail mix.","Pumpkin Seeds, Sea Salt",Free from artificial preservatives. May contain traces of other seeds and nuts.,VAR-254-03,TE-PMS-500-LS,500g Pouch,500g,Lightly Salted,,active,429,529,0,5,FALSE,2026-08-23T17:59:48Z,2026-08-23T17:59:48Z,3,250g Pouch | 250g Pouch - Unsalted | 500g Pouch,"Protein Snack,Zinc,Magnesium,Healthy Fats"
PROD-255,Organic Curd,organic-curd-akshayakalpa,AKSHAYAKALPA,Dairy & Drinks,Health Foods,Curd from AKSHAYAKALPA.,Curd item sourced from the provided BigBasket catalog.,draft,255,General Fitness,gut health,"gut health, organic curd, akshayakalpa, dairy & probiotic foods",https://www.bigbasket.com/media/uploads/p/l/40148719_2-akshayakalpa-organic-curd.jpg,https://www.bigbasket.com/media/uploads/p/l/40148719_2-akshayakalpa-organic-curd.jpg,,,,100 g,100,70,4,5,4,0,5,50,"Use according to the product label. Store in a cool, dry place.",,Check product label for allergens.,VAR-255-01,SKU-0424,200 g,200 g,,,active,21,24,0,5,TRUE,2026-08-23T23:05:00+05:30,2026-08-23T23:05:00+05:30,1,200 g,gut health
PROD-256,"Organic Probiotic Curd - Good For Digestion, Wholesome",organic-probiotic-curd-good-for-digestion-wholesome-akshayakalpa,AKSHAYAKALPA,Dairy & Drinks,Health Foods,Curd from AKSHAYAKALPA.,Curd item sourced from the provided BigBasket catalog.,draft,256,General Fitness,gut health,"gut health, organic probiotic curd good for digestion wholesome, akshayakalpa, dairy & probiotic foods",https://www.bigbasket.com/media/uploads/p/l/40240134_2-akshayakalpa-organic-probiotic-curd-good-for-digestion-wholesome.jpg,https://www.bigbasket.com/media/uploads/p/l/40240134_2-akshayakalpa-organic-probiotic-curd-good-for-digestion-wholesome.jpg,,,,100 g,100,70,4,5,4,0,5,50,"Use according to the product label. Store in a cool, dry place.",,Check product label for allergens.,VAR-256-01,SKU-0430,500 g,500 g,,,active,51,57,0,5,TRUE,2026-08-23T23:05:00+05:30,2026-08-23T23:05:00+05:30,1,500 g,gut health
PROD-257,Amul A2 Buffalo Milk Dahi,amul-a2-buffalo-milk-dahi-amul,AMUL,Dairy & Drinks,Health Foods,CURD product suitable for a health-focused Indian catalog.,"Amul A2 Buffalo Milk Dahi from AMUL, listed in the provided Indian packaged-food dataset.",draft,257,General Fitness,gut health,"gut health, amul a2 buffalo milk dahi, amul, dairy & probiotic foods",https://vtiplvmddgjfcruqrvvb.supabase.co/storage/v1/object/sign/PRODUCT%20IMAGES%20BUCKET/dairy%20and%20drinks.webp?token=eyJraWQiOiJmZTRiZGQ2Yy0zZDI4LTRhODUtYTc1My1lYjc4NjhlNDU5OGEiLCJhbGciOiJIUzI1NiJ9.eyJ1cmwiOiJQUk9EVUNUIElNQUdFUyBCVUNLRVQvZGFpcnkgYW5kIGRyaW5rcy53ZWJwIiwic2NvcGUiOiJkb3dubG9hZCIsImlhdCI6MTc4NzY5NzI5MywiZXhwIjoyMTAzMDU3MjkzfQ.3Og7-Wb_mdGoc8iAq7dFUguV2X2-aT5bmQhQrjDUBjg,,,,,100 g,100,87,3.3,3.8,6.5,0,3.8,45,"Use according to the product label. Store in a cool, dry place.","Pasteurised Buffalo Milk, Active Cultures",milk,VAR-257-01,SKU-0314,100 g,100 g,,,active,65,75,0,5,TRUE,2026-08-23T23:05:00+05:30,2026-08-23T23:05:00+05:30,1,100 g,gut health
PROD-258,Cravova Hazelnut Cold Coffee,cravova-hazelnut-cold-coffee-cravova,CRAVOVA,Dairy & Drinks,Health Foods,COFFEE product suitable for a health-focused Indian catalog.,"Cravova Hazelnut Cold Coffee from CRAVOVA, listed in the provided Indian packaged-food dataset.",draft,258,General Fitness,healthy snacking,"healthy snacking, cravova hazelnut cold coffee, cravova, healthy beverages",https://vtiplvmddgjfcruqrvvb.supabase.co/storage/v1/object/sign/PRODUCT%20IMAGES%20BUCKET/dairy%20and%20drinks.webp?token=eyJraWQiOiJmZTRiZGQ2Yy0zZDI4LTRhODUtYTc1My1lYjc4NjhlNDU5OGEiLCJhbGciOiJIUzI1NiJ9.eyJ1cmwiOiJQUk9EVUNUIElNQUdFUyBCVUNLRVQvZGFpcnkgYW5kIGRyaW5rcy53ZWJwIiwic2NvcGUiOiJkb3dubG9hZCIsImlhdCI6MTc4NzY5NzI5MywiZXhwIjoyMTAzMDU3MjkzfQ.3Og7-Wb_mdGoc8iAq7dFUguV2X2-aT5bmQhQrjDUBjg,,,,,100 g,100,83.2,3,11.5,2.8,0,11.4,0,"Use according to the product label. Store in a cool, dry place.","Milk solid, Sugar, Coffee, Natural Flavoring Substance",milk,VAR-258-01,SKU-0393,100 g,100 g,Coffee,,active,50,57,0,5,TRUE,2026-08-23T23:05:00+05:30,2026-08-23T23:05:00+05:30,1,100 g,healthy snacking
PROD-259,Epigamia Turbo VANILLA CAKE and Caramel Protein Milkshake,epigamia-turbo-vanilla-cake-and-caramel-protein-milkshake-epigamia,EPIGAMIA,Dairy & Drinks,Health Foods,MILKSHAKE product suitable for a health-focused Indian catalog.,"Epigamia Turbo VANILLA CAKE and Caramel Protein Milkshake from EPIGAMIA, listed in the provided Indian packaged-food dataset.",draft,259,General Fitness,protein,"protein, epigamia turbo vanilla cake and caramel protein milkshake, epigamia, healthy beverages",https://vtiplvmddgjfcruqrvvb.supabase.co/storage/v1/object/sign/PRODUCT%20IMAGES%20BUCKET/dairy%20and%20drinks.webp?token=eyJraWQiOiJmZTRiZGQ2Yy0zZDI4LTRhODUtYTc1My1lYjc4NjhlNDU5OGEiLCJhbGciOiJIUzI1NiJ9.eyJ1cmwiOiJQUk9EVUNUIElNQUdFUyBCVUNLRVQvZGFpcnkgYW5kIGRyaW5rcy53ZWJwIiwic2NvcGUiOiJkb3dubG9hZCIsImlhdCI6MTc4NzY5NzI5MywiZXhwIjoyMTAzMDU3MjkzfQ.3Og7-Wb_mdGoc8iAq7dFUguV2X2-aT5bmQhQrjDUBjg,,,,,100 g,100,136,25,8,0.2,0,8,221,"Use according to the product label. Store in a cool, dry place.","Skimmed Milk (80%), Milk Solids, Water, VANILLA CAKE,Caramel, Acidity Regulators INS 340,Acidity Regulators INS 452,Acidity Regulators INS 339(ii), Stabilizers (INS 407), Sweetener (INS 955), Edible Common Salt",milk,VAR-259-01,SKU-0329,100 g,100 g,Vanilla,,active,150,172,0,5,TRUE,2026-08-23T23:05:00+05:30,2026-08-23T23:05:00+05:30,1,100 g,protein
PROD-260,"Almond Drink - Unsweetened, Dairy Free",almond-drink-unsweetened-dairy-free-epigamia,Epigamia,Dairy & Drinks,Health Foods,Dairy Free (Vegan) from Epigamia.,Dairy Free (Vegan) item sourced from the provided BigBasket catalog.,draft,260,General Fitness,"vegetarian, healthy snacking","vegetarian, healthy snacking, almond drink unsweetened dairy free, epigamia, plant-based drinks",https://www.bigbasket.com/media/uploads/p/l/40201828_3-epigamia-almond-milk-unsweetened-dairy-free.jpg,https://www.bigbasket.com/media/uploads/p/l/40201828_3-epigamia-almond-milk-unsweetened-dairy-free.jpg,,,,30 g,30,175,6,7,15,4,2,2,"Use according to the product label. Store in a cool, dry place.",,Check product label for allergens.,VAR-260-01,SKU-0403,1 L,1 L,,,active,300,336,0,5,TRUE,2026-08-23T23:05:00+05:30,2026-08-23T23:05:00+05:30,1,1 L,"vegetarian, healthy snacking"
PROD-261,Epigamia Greek Yogurt High Protein,epigamia-greek-yogurt-high-protein,Epigamia,Dairy & Drinks,Health Foods,"10g protein per cup with live probiotic cultures. Thick, creamy Greek yogurt.","Epigamia Greek Yogurt is strained to remove excess whey, concentrating the protein to 10g per cup while keeping it thick and creamy. Made with fresh milk and live cultures (L. acidophilus, Bifidobacterium), it supports gut health, bone health, and makes an excellent high-protein snack.",draft,261,General Fitness,"Protein Snack,Gut Health,Bone Health,Probiotic","greek yogurt,epigamia,probiotic,high protein,calcium,gut health",https://vtiplvmddgjfcruqrvvb.supabase.co/storage/v1/object/sign/PRODUCT%20IMAGES%20BUCKET/dairy%20and%20drinks.webp?token=eyJraWQiOiJmZTRiZGQ2Yy0zZDI4LTRhODUtYTc1My1lYjc4NjhlNDU5OGEiLCJhbGciOiJIUzI1NiJ9.eyJ1cmwiOiJQUk9EVUNUIElNQUdFUyBCVUNLRVQvZGFpcnkgYW5kIGRyaW5rcy53ZWJwIiwic2NvcGUiOiJkb3dubG9hZCIsImlhdCI6MTc4NzY5NzI5MywiZXhwIjoyMTAzMDU3MjkzfQ.3Og7-Wb_mdGoc8iAq7dFUguV2X2-aT5bmQhQrjDUBjg,,,,,1 Cup (90g),90,66,10,4,0.8,0,4,35,"Consume chilled. Add fruits, honey, or granola for a complete breakfast. Best before date on pack.","Pasteurized Whole Milk, Live Yogurt Cultures (S. thermophilus, L. bulgaricus, L. acidophilus, Bifidobacterium)",Contains milk. Keep refrigerated below 4°C. Consume within 3 days of opening.,VAR-261-01,EPI-GYT-200-PLN,200g Cup - Plain,200g,Plain,,active,120,149,0,5,TRUE,2026-08-23T17:59:48Z,2026-08-23T17:59:48Z,3,200g Cup - Plain | 90g Cup - Plain | 90g Cup - Strawberry,"Protein Snack,Gut Health,Bone Health,Probiotic"
PROD-261,Epigamia Greek Yogurt High Protein,epigamia-greek-yogurt-high-protein,Epigamia,Dairy & Drinks,Health Foods,"10g protein per cup with live probiotic cultures. Thick, creamy Greek yogurt.","Epigamia Greek Yogurt is strained to remove excess whey, concentrating the protein to 10g per cup while keeping it thick and creamy. Made with fresh milk and live cultures (L. acidophilus, Bifidobacterium), it supports gut health, bone health, and makes an excellent high-protein snack.",draft,261,General Fitness,"Protein Snack,Gut Health,Bone Health,Probiotic","greek yogurt,epigamia,probiotic,high protein,calcium,gut health",https://vtiplvmddgjfcruqrvvb.supabase.co/storage/v1/object/sign/PRODUCT%20IMAGES%20BUCKET/dairy%20and%20drinks.webp?token=eyJraWQiOiJmZTRiZGQ2Yy0zZDI4LTRhODUtYTc1My1lYjc4NjhlNDU5OGEiLCJhbGciOiJIUzI1NiJ9.eyJ1cmwiOiJQUk9EVUNUIElNQUdFUyBCVUNLRVQvZGFpcnkgYW5kIGRyaW5rcy53ZWJwIiwic2NvcGUiOiJkb3dubG9hZCIsImlhdCI6MTc4NzY5NzI5MywiZXhwIjoyMTAzMDU3MjkzfQ.3Og7-Wb_mdGoc8iAq7dFUguV2X2-aT5bmQhQrjDUBjg,,,,,1 Cup (90g),90,66,10,4,0.8,0,4,35,"Consume chilled. Add fruits, honey, or granola for a complete breakfast. Best before date on pack.","Pasteurized Whole Milk, Live Yogurt Cultures (S. thermophilus, L. bulgaricus, L. acidophilus, Bifidobacterium)",Contains milk. Keep refrigerated below 4°C. Consume within 3 days of opening.,VAR-261-02,EPI-GYT-90-PLN,90g Cup - Plain,90g,Plain,,active,65,79,0,5,FALSE,2026-08-23T17:59:48Z,2026-08-23T17:59:48Z,3,200g Cup - Plain | 90g Cup - Plain | 90g Cup - Strawberry,"Protein Snack,Gut Health,Bone Health,Probiotic"
PROD-261,Epigamia Greek Yogurt High Protein,epigamia-greek-yogurt-high-protein,Epigamia,Dairy & Drinks,Health Foods,"10g protein per cup with live probiotic cultures. Thick, creamy Greek yogurt.","Epigamia Greek Yogurt is strained to remove excess whey, concentrating the protein to 10g per cup while keeping it thick and creamy. Made with fresh milk and live cultures (L. acidophilus, Bifidobacterium), it supports gut health, bone health, and makes an excellent high-protein snack.",draft,261,General Fitness,"Protein Snack,Gut Health,Bone Health,Probiotic","greek yogurt,epigamia,probiotic,high protein,calcium,gut health",https://vtiplvmddgjfcruqrvvb.supabase.co/storage/v1/object/sign/PRODUCT%20IMAGES%20BUCKET/dairy%20and%20drinks.webp?token=eyJraWQiOiJmZTRiZGQ2Yy0zZDI4LTRhODUtYTc1My1lYjc4NjhlNDU5OGEiLCJhbGciOiJIUzI1NiJ9.eyJ1cmwiOiJQUk9EVUNUIElNQUdFUyBCVUNLRVQvZGFpcnkgYW5kIGRyaW5rcy53ZWJwIiwic2NvcGUiOiJkb3dubG9hZCIsImlhdCI6MTc4NzY5NzI5MywiZXhwIjoyMTAzMDU3MjkzfQ.3Og7-Wb_mdGoc8iAq7dFUguV2X2-aT5bmQhQrjDUBjg,,,,,1 Cup (90g),90,66,10,4,0.8,0,4,35,"Consume chilled. Add fruits, honey, or granola for a complete breakfast. Best before date on pack.","Pasteurized Whole Milk, Live Yogurt Cultures (S. thermophilus, L. bulgaricus, L. acidophilus, Bifidobacterium)",Contains milk. Keep refrigerated below 4°C. Consume within 3 days of opening.,VAR-261-03,EPI-GYT-90-STR,90g Cup - Strawberry,90g,Strawberry,,active,65,79,0,5,FALSE,2026-08-23T17:59:48Z,2026-08-23T17:59:48Z,3,200g Cup - Plain | 90g Cup - Plain | 90g Cup - Strawberry,"Protein Snack,Gut Health,Bone Health,Probiotic"
PROD-262,Hatsun Yogurt Drink Blueberry,hatsun-yogurt-drink-blueberry-hatsun,HATSUN,Dairy & Drinks,Health Foods,YOGURT product suitable for a health-focused Indian catalog.,"Hatsun Yogurt Drink Blueberry from HATSUN, listed in the provided Indian packaged-food dataset.",draft,262,General Fitness,gut health,"gut health, hatsun yogurt drink blueberry, hatsun, dairy & probiotic foods",https://vtiplvmddgjfcruqrvvb.supabase.co/storage/v1/object/sign/PRODUCT%20IMAGES%20BUCKET/dairy%20and%20drinks.webp?token=eyJraWQiOiJmZTRiZGQ2Yy0zZDI4LTRhODUtYTc1My1lYjc4NjhlNDU5OGEiLCJhbGciOiJIUzI1NiJ9.eyJ1cmwiOiJQUk9EVUNUIElNQUdFUyBCVUNLRVQvZGFpcnkgYW5kIGRyaW5rcy53ZWJwIiwic2NvcGUiOiJkb3dubG9hZCIsImlhdCI6MTc4NzY5NzI5MywiZXhwIjoyMTAzMDU3MjkzfQ.3Og7-Wb_mdGoc8iAq7dFUguV2X2-aT5bmQhQrjDUBjg,,,,,100 g,100,193,5.3,35,3.5,0,35,78.8,"Use according to the product label. Store in a cool, dry place.","Milk Solids, Sugar, Blueberry Puree (2.(2%)), Blueberry Juice Concentrate, and Starter Culture & Natural Flavour.",milk,VAR-262-01,SKU-0355,100 g,100 g,,,active,0,0,0,5,TRUE,2026-08-23T23:05:00+05:30,2026-08-23T23:05:00+05:30,1,100 g,gut health
PROD-263,Curd - Premium,curd-premium-heritage,Heritage,Dairy & Drinks,Health Foods,Curd from Heritage.,Curd item sourced from the provided BigBasket catalog.,draft,263,General Fitness,gut health,"gut health, curd premium, heritage, dairy & probiotic foods",https://www.bigbasket.com/media/uploads/p/l/1209103_2-heritage-curd-premium.jpg,https://www.bigbasket.com/media/uploads/p/l/1209103_2-heritage-curd-premium.jpg,,,,100 g,100,70,4,5,4,0,5,50,"Use according to the product label. Store in a cool, dry place.",,Check product label for allergens.,VAR-263-01,SKU-0409,4x200 g,4x200 g,,,active,100,112,0,5,TRUE,2026-08-23T23:05:00+05:30,2026-08-23T23:05:00+05:30,1,4x200 g,gut health
PROD-264,Premium Curd - Natural Source Of Calcium,premium-curd-natural-source-of-calcium-heritage,Heritage,Dairy & Drinks,Health Foods,Curd from Heritage.,Curd item sourced from the provided BigBasket catalog.,draft,264,General Fitness,gut health,"gut health, premium curd natural source of calcium, heritage, dairy & probiotic foods",https://www.bigbasket.com/media/uploads/p/l/225759_9-heritage-curd-premium.jpg,https://www.bigbasket.com/media/uploads/p/l/225759_9-heritage-curd-premium.jpg,,,,100 g,100,70,4,5,4,0,5,50,"Use according to the product label. Store in a cool, dry place.",,Check product label for allergens.,VAR-264-01,SKU-0434,400 g,400 g,,,active,85,95,0,5,TRUE,2026-08-23T23:05:00+05:30,2026-08-23T23:05:00+05:30,1,400 g,gut health
PROD-265,Horlicks Protein Plus Supplement Drink,horlicks-protein-plus-supplement-drink,Horlicks,Dairy & Drinks,Health Foods,24g protein with 11 vitamins and minerals per serving. Chocolate flavour adults drink.,"Horlicks Protein Plus is a protein-enriched supplement drink designed for adults, providing 24g of protein per serving along with 11 essential vitamins and minerals. Supports muscle building, bone health (Calcium, Vitamin D), and immune function (Vitamin C, Zinc).",draft,265,General Fitness,"Muscle Building,General Health,Bone Health","horlicks protein plus,india,protein drink,supplement,adult nutrition",https://vtiplvmddgjfcruqrvvb.supabase.co/storage/v1/object/sign/PRODUCT%20IMAGES%20BUCKET/dairy%20and%20drinks.webp?token=eyJraWQiOiJmZTRiZGQ2Yy0zZDI4LTRhODUtYTc1My1lYjc4NjhlNDU5OGEiLCJhbGciOiJIUzI1NiJ9.eyJ1cmwiOiJQUk9EVUNUIElNQUdFUyBCVUNLRVQvZGFpcnkgYW5kIGRyaW5rcy53ZWJwIiwic2NvcGUiOiJkb3dubG9hZCIsImlhdCI6MTc4NzY5NzI5MywiZXhwIjoyMTAzMDU3MjkzfQ.3Og7-Wb_mdGoc8iAq7dFUguV2X2-aT5bmQhQrjDUBjg,,,,,1 Serving (34g in 200ml milk),34,170,24,25,2,0,15,290,Mix 3 heaped teaspoons (34g) in 200ml warm milk. Stir well and consume immediately.,"Skimmed Milk Powder, Whey Protein Concentrate, Cocoa Solids, Sugar, Vitamin & Mineral Blend, Soy Lecithin, Natural Flavour","Contains milk, soy, and gluten. Not for use as a sole source of nutrition.",VAR-265-01,HOR-PP-1KG-CHO,1kg Jar - Chocolate,1kg,Chocolate,,active,999,1199,0,5,TRUE,2026-08-23T17:59:48Z,2026-08-23T17:59:48Z,2,1kg Jar - Chocolate | 400g Jar - Chocolate,"Muscle Building,General Health,Bone Health"
PROD-265,Horlicks Protein Plus Supplement Drink,horlicks-protein-plus-supplement-drink,Horlicks,Dairy & Drinks,Health Foods,24g protein with 11 vitamins and minerals per serving. Chocolate flavour adults drink.,"Horlicks Protein Plus is a protein-enriched supplement drink designed for adults, providing 24g of protein per serving along with 11 essential vitamins and minerals. Supports muscle building, bone health (Calcium, Vitamin D), and immune function (Vitamin C, Zinc).",draft,265,General Fitness,"Muscle Building,General Health,Bone Health","horlicks protein plus,india,protein drink,supplement,adult nutrition",https://vtiplvmddgjfcruqrvvb.supabase.co/storage/v1/object/sign/PRODUCT%20IMAGES%20BUCKET/dairy%20and%20drinks.webp?token=eyJraWQiOiJmZTRiZGQ2Yy0zZDI4LTRhODUtYTc1My1lYjc4NjhlNDU5OGEiLCJhbGciOiJIUzI1NiJ9.eyJ1cmwiOiJQUk9EVUNUIElNQUdFUyBCVUNLRVQvZGFpcnkgYW5kIGRyaW5rcy53ZWJwIiwic2NvcGUiOiJkb3dubG9hZCIsImlhdCI6MTc4NzY5NzI5MywiZXhwIjoyMTAzMDU3MjkzfQ.3Og7-Wb_mdGoc8iAq7dFUguV2X2-aT5bmQhQrjDUBjg,,,,,1 Serving (34g in 200ml milk),34,170,24,25,2,0,15,290,Mix 3 heaped teaspoons (34g) in 200ml warm milk. Stir well and consume immediately.,"Skimmed Milk Powder, Whey Protein Concentrate, Cocoa Solids, Sugar, Vitamin & Mineral Blend, Soy Lecithin, Natural Flavour","Contains milk, soy, and gluten. Not for use as a sole source of nutrition.",VAR-265-02,HOR-PP-400-CHO,400g Jar - Chocolate,400g,Chocolate,,active,499,599,0,5,FALSE,2026-08-23T17:59:48Z,2026-08-23T17:59:48Z,2,1kg Jar - Chocolate | 400g Jar - Chocolate,"Muscle Building,General Health,Bone Health"
PROD-266,Nestle Milo Health Chocolate Drink with Millets,nestle-milo-health-chocolate-drink-with-millets-milo,MILO,Dairy & Drinks,Health Foods,MILKSHAKE product suitable for a health-focused Indian catalog.,"Nestle Milo Health Chocolate Drink with Millets from MILO, listed in the provided Indian packaged-food dataset.",draft,266,General Fitness,"breakfast, high fibre","breakfast, high fibre, nestle milo health chocolate drink with millets, milo, healthy beverages",https://vtiplvmddgjfcruqrvvb.supabase.co/storage/v1/object/sign/PRODUCT%20IMAGES%20BUCKET/dairy%20and%20drinks.webp?token=eyJraWQiOiJmZTRiZGQ2Yy0zZDI4LTRhODUtYTc1My1lYjc4NjhlNDU5OGEiLCJhbGciOiJIUzI1NiJ9.eyJ1cmwiOiJQUk9EVUNUIElNQUdFUyBCVUNLRVQvZGFpcnkgYW5kIGRyaW5rcy53ZWJwIiwic2NvcGUiOiJkb3dubG9hZCIsImlhdCI6MTc4NzY5NzI5MywiZXhwIjoyMTAzMDU3MjkzfQ.3Og7-Wb_mdGoc8iAq7dFUguV2X2-aT5bmQhQrjDUBjg,,,,,100 g,100,80,2.9,11.4,2.5,0,8.1,49,"Use according to the product label. Store in a cool, dry place.","Toned Milk (80%), Water, Sugar, Malted barley (1.4%), Millet (Bajra) (1.4%), Cocoa solids (1%), Acidity regulators 340(ii), Acidity regulators 341(ii), Stabilizers 412,Stabilizers 407, VitamINS, Sweetener (960),Mineral",milk,VAR-266-01,SKU-0363,100 g,100 g,Chocolate,,active,45,52,0,5,TRUE,2026-08-23T23:05:00+05:30,2026-08-23T23:05:00+05:30,1,100 g,"breakfast, high fibre"
PROD-267,"Farm Fresh Curd/Dahi - Premium, No Preservatives",farm-fresh-curd-dahi-premium-no-preservatives-milky-mist,Milky Mist,Dairy & Drinks,Health Foods,Curd from Milky Mist.,Curd item sourced from the provided BigBasket catalog.,draft,267,General Fitness,gut health,"gut health, farm fresh curd dahi premium no preservatives, milky mist, dairy & probiotic foods",https://www.bigbasket.com/media/uploads/p/l/40003162_4-milky-mist-curd-farm-fresh.jpg,https://www.bigbasket.com/media/uploads/p/l/40003162_4-milky-mist-curd-farm-fresh.jpg,,,,100 g,100,70,4,5,4,0,5,50,"Use according to the product label. Store in a cool, dry place.",,Check product label for allergens.,VAR-267-01,SKU-0411,500 g,500 g,,,active,46,52,0,5,TRUE,2026-08-23T23:05:00+05:30,2026-08-23T23:05:00+05:30,1,500 g,gut health
PROD-268,Paper Boat Tender Coconut Water,paper-boat-tender-coconut-water-paper-boat,PAPER BOAT,Dairy & Drinks,Health Foods,COCONUT WATER product suitable for a health-focused Indian catalog.,"Paper Boat Tender Coconut Water from PAPER BOAT, listed in the provided Indian packaged-food dataset.",draft,268,General Fitness,"high fibre, healthy snacking","high fibre, healthy snacking, paper boat tender coconut water, paper boat, healthy beverages",https://vtiplvmddgjfcruqrvvb.supabase.co/storage/v1/object/sign/PRODUCT%20IMAGES%20BUCKET/dairy%20and%20drinks.webp?token=eyJraWQiOiJmZTRiZGQ2Yy0zZDI4LTRhODUtYTc1My1lYjc4NjhlNDU5OGEiLCJhbGciOiJIUzI1NiJ9.eyJ1cmwiOiJQUk9EVUNUIElNQUdFUyBCVUNLRVQvZGFpcnkgYW5kIGRyaW5rcy53ZWJwIiwic2NvcGUiOiJkb3dubG9hZCIsImlhdCI6MTc4NzY5NzI5MywiZXhwIjoyMTAzMDU3MjkzfQ.3Og7-Wb_mdGoc8iAq7dFUguV2X2-aT5bmQhQrjDUBjg,,,,,100 g,100,22,0,5.5,0,0,5.5,8.5,"Use according to the product label. Store in a cool, dry place.","Coconut water (99%), Sugar,Preservative (NSN)",Check label for allergens.,VAR-268-01,SKU-0327,100 g,100 g,,,active,55,63,0,5,TRUE,2026-08-23T23:05:00+05:30,2026-08-23T23:05:00+05:30,1,100 g,"high fibre, healthy snacking"
PROD-269,Phab 18g Protein Mango Magic Milkshake,phab-18g-protein-mango-magic-milkshake-phab,PHAB,Dairy & Drinks,Health Foods,MILKSHAKE product suitable for a health-focused Indian catalog.,"Phab 18g Protein Mango Magic Milkshake from PHAB, listed in the provided Indian packaged-food dataset.",draft,269,General Fitness,protein,"protein, phab 18g protein mango magic milkshake, phab, healthy beverages",https://vtiplvmddgjfcruqrvvb.supabase.co/storage/v1/object/sign/PRODUCT%20IMAGES%20BUCKET/dairy%20and%20drinks.webp?token=eyJraWQiOiJmZTRiZGQ2Yy0zZDI4LTRhODUtYTc1My1lYjc4NjhlNDU5OGEiLCJhbGciOiJIUzI1NiJ9.eyJ1cmwiOiJQUk9EVUNUIElNQUdFUyBCVUNLRVQvZGFpcnkgYW5kIGRyaW5rcy53ZWJwIiwic2NvcGUiOiJkb3dubG9hZCIsImlhdCI6MTc4NzY5NzI5MywiZXhwIjoyMTAzMDU3MjkzfQ.3Og7-Wb_mdGoc8iAq7dFUguV2X2-aT5bmQhQrjDUBjg,,,,,100 g,100,125.9,18,8,0,4,0.5,102.6,"Use according to the product label. Store in a cool, dry place.","Purifed Water, Protein 15% Milk Protein Concentrate,Protein 15% Milk Solids, Probiotic Fructooligosaccharide, Artificial Flavour Substances - Mango, Stabilizers INS 407,Mango, Stabilizers INS460(i),Mango, Stabilizers INS 466, Sequestrant INS 331 (iii),Sequestrant INS 452 (),Acidity Regulator INS 339(iii), Emulsifier (INS 471),Synthetic Food Colour INS 110,ynthetic Food Colour INS 102, Artificial Sweetener (INS 955)",milk,VAR-269-01,SKU-0341,100 g,100 g,Mango,,active,135,155,0,5,TRUE,2026-08-23T23:05:00+05:30,2026-08-23T23:05:00+05:30,1,100 g,protein
PROD-270,Pluckk Natural Tender Coconut Water With Real Malai Chunks,pluckk-natural-tender-coconut-water-with-real-malai-chunks-pluckk,PLUCKK,Dairy & Drinks,Health Foods,COCONUT WATER product suitable for a health-focused Indian catalog.,"Pluckk Natural Tender Coconut Water With Real Malai Chunks from PLUCKK, listed in the provided Indian packaged-food dataset.",draft,270,General Fitness,"hydration, healthy snacking","hydration, healthy snacking, pluckk natural tender coconut water with real malai chunks, pluckk, healthy beverages",https://vtiplvmddgjfcruqrvvb.supabase.co/storage/v1/object/sign/PRODUCT%20IMAGES%20BUCKET/dairy%20and%20drinks.webp?token=eyJraWQiOiJmZTRiZGQ2Yy0zZDI4LTRhODUtYTc1My1lYjc4NjhlNDU5OGEiLCJhbGciOiJIUzI1NiJ9.eyJ1cmwiOiJQUk9EVUNUIElNQUdFUyBCVUNLRVQvZGFpcnkgYW5kIGRyaW5rcy53ZWJwIiwic2NvcGUiOiJkb3dubG9hZCIsImlhdCI6MTc4NzY5NzI5MywiZXhwIjoyMTAzMDU3MjkzfQ.3Og7-Wb_mdGoc8iAq7dFUguV2X2-aT5bmQhQrjDUBjg,,,,,100 g,100,46,0,11.52,0,0,10.76,9.98,"Use according to the product label. Store in a cool, dry place.","Tender Coconut Water (99.30%) ,Coconut chunks (0.70%)",Check label for allergens.,VAR-270-01,SKU-0328,100 g,100 g,,,active,100,115,0,5,TRUE,2026-08-23T23:05:00+05:30,2026-08-23T23:05:00+05:30,1,100 g,"hydration, healthy snacking"
PROD-271,Protein2o Protein Infused Water,protein2o-protein-infused-water,Protein2o,Dairy & Drinks,Health Foods,"15g whey protein in a light, low-calorie flavoured water. Only 60 calories.","Protein2o is a refreshing, light protein drink that provides 15g of whey protein in a water-based format with only 60 calories and no artificial sweeteners. Perfect for those who don't like the heaviness of traditional protein shakes but still want to hit their protein goals throughout the day.",draft,271,General Fitness,"Recovery,Low Calorie,Hydration,Lean Muscle","protein water,protein2o,low calorie protein,light protein drink",https://vtiplvmddgjfcruqrvvb.supabase.co/storage/v1/object/sign/PRODUCT%20IMAGES%20BUCKET/dairy%20and%20drinks.webp?token=eyJraWQiOiJmZTRiZGQ2Yy0zZDI4LTRhODUtYTc1My1lYjc4NjhlNDU5OGEiLCJhbGciOiJIUzI1NiJ9.eyJ1cmwiOiJQUk9EVUNUIElNQUdFUyBCVUNLRVQvZGFpcnkgYW5kIGRyaW5rcy53ZWJwIiwic2NvcGUiOiJkb3dubG9hZCIsImlhdCI6MTc4NzY5NzI5MywiZXhwIjoyMTAzMDU3MjkzfQ.3Og7-Wb_mdGoc8iAq7dFUguV2X2-aT5bmQhQrjDUBjg,,,,,1 Bottle (500ml),500,60,15,4,0,0,1,80,Shake gently and consume chilled. Best enjoyed as a between-meal protein boost.,"Purified Water, Whey Protein Isolate, Natural Flavours, Citric Acid, Stevia Leaf Extract",Contains milk. Keep refrigerated. Consume within 3 days of opening.,VAR-271-01,P2O-PIW-6-TP,Pack of 6 - Tropical Punch,6x500ml,Tropical Punch,,active,1099,1299,0,5,TRUE,2026-08-23T17:59:48Z,2026-08-23T17:59:48Z,2,Pack of 6 - Tropical Punch | Single Bottle - Tropical Punch,"Recovery,Low Calorie,Hydration,Lean Muscle"
PROD-271,Protein2o Protein Infused Water,protein2o-protein-infused-water,Protein2o,Dairy & Drinks,Health Foods,"15g whey protein in a light, low-calorie flavoured water. Only 60 calories.","Protein2o is a refreshing, light protein drink that provides 15g of whey protein in a water-based format with only 60 calories and no artificial sweeteners. Perfect for those who don't like the heaviness of traditional protein shakes but still want to hit their protein goals throughout the day.",draft,271,General Fitness,"Recovery,Low Calorie,Hydration,Lean Muscle","protein water,protein2o,low calorie protein,light protein drink",https://vtiplvmddgjfcruqrvvb.supabase.co/storage/v1/object/sign/PRODUCT%20IMAGES%20BUCKET/dairy%20and%20drinks.webp?token=eyJraWQiOiJmZTRiZGQ2Yy0zZDI4LTRhODUtYTc1My1lYjc4NjhlNDU5OGEiLCJhbGciOiJIUzI1NiJ9.eyJ1cmwiOiJQUk9EVUNUIElNQUdFUyBCVUNLRVQvZGFpcnkgYW5kIGRyaW5rcy53ZWJwIiwic2NvcGUiOiJkb3dubG9hZCIsImlhdCI6MTc4NzY5NzI5MywiZXhwIjoyMTAzMDU3MjkzfQ.3Og7-Wb_mdGoc8iAq7dFUguV2X2-aT5bmQhQrjDUBjg,,,,,1 Bottle (500ml),500,60,15,4,0,0,1,80,Shake gently and consume chilled. Best enjoyed as a between-meal protein boost.,"Purified Water, Whey Protein Isolate, Natural Flavours, Citric Acid, Stevia Leaf Extract",Contains milk. Keep refrigerated. Consume within 3 days of opening.,VAR-271-02,P2O-PIW-1-TP,Single Bottle - Tropical Punch,500ml,Tropical Punch,,active,199,249,0,5,FALSE,2026-08-23T17:59:48Z,2026-08-23T17:59:48Z,2,Pack of 6 - Tropical Punch | Single Bottle - Tropical Punch,"Recovery,Low Calorie,Hydration,Lean Muscle"
PROD-272,Natural Soy Drink (Tetra Pak),natural-soy-drink-tetra-pak-sofit,Sofit,Dairy & Drinks,Health Foods,Dairy Free (Vegan) from Sofit.,Dairy Free (Vegan) item sourced from the provided BigBasket catalog.,draft,272,General Fitness,vegetarian,"vegetarian, natural soy drink tetra pak, sofit, plant-based drinks",https://www.bigbasket.com/media/uploads/p/l/1202893_3-sofit-natural-soy-drink-tetra-pak.jpg,https://www.bigbasket.com/media/uploads/p/l/1202893_3-sofit-natural-soy-drink-tetra-pak.jpg,,,,30 g,30,120,4,15,5,2,4,50,"Use according to the product label. Store in a cool, dry place.",,Check product label for allergens.,VAR-272-01,SKU-0415,3x200 ml,3x200 ml,,,active,105,118,0,5,TRUE,2026-08-23T23:05:00+05:30,2026-08-23T23:05:00+05:30,1,3x200 ml,vegetarian
PROD-273,Soya Drink Chocolate,soya-drink-chocolate-sofit,Sofit,Dairy & Drinks,Health Foods,"Flavoured, Soya Milk from Sofit.","Flavoured, Soya Milk item sourced from the provided BigBasket catalog.",draft,273,General Fitness,vegetarian,"vegetarian, soya drink chocolate, sofit, plant-based drinks",https://www.bigbasket.com/media/uploads/p/l/1205153_3-sofit-soya-drink-chocolate.jpg,https://www.bigbasket.com/media/uploads/p/l/1205153_3-sofit-soya-drink-chocolate.jpg,,,,200 g,200,80,6,5,3,1,2,70,"Use according to the product label. Store in a cool, dry place.",,Check product label for allergens.,VAR-273-01,SKU-0440,3x1 L,3x1 L,Chocolate,,active,435,487,0,5,TRUE,2026-08-23T23:05:00+05:30,2026-08-23T23:05:00+05:30,1,3x1 L,vegetarian
PROD-274,Soya Drink Kesar Pista,soya-drink-kesar-pista-sofit,Sofit,Dairy & Drinks,Health Foods,"Flavoured, Soya Milk from Sofit.","Flavoured, Soya Milk item sourced from the provided BigBasket catalog.",draft,274,General Fitness,vegetarian,"vegetarian, soya drink kesar pista, sofit, plant-based drinks",https://www.bigbasket.com/media/uploads/p/l/1205152_3-sofit-soya-drink-kesar-pista.jpg,https://www.bigbasket.com/media/uploads/p/l/1205152_3-sofit-soya-drink-kesar-pista.jpg,,,,200 g,200,80,6,5,3,1,2,70,"Use according to the product label. Store in a cool, dry place.",,Check product label for allergens.,VAR-274-01,SKU-0441,3x1 L,3x1 L,,,active,435,487,0,5,TRUE,2026-08-23T23:05:00+05:30,2026-08-23T23:05:00+05:30,1,3x1 L,vegetarian
PROD-275,Soya Drink Sugar Free,soya-drink-sugar-free-sofit,Sofit,Dairy & Drinks,Health Foods,"Flavoured, Soya Milk from Sofit.","Flavoured, Soya Milk item sourced from the provided BigBasket catalog.",draft,275,General Fitness,vegetarian,"vegetarian, soya drink sugar free, sofit, plant-based drinks",https://www.bigbasket.com/media/uploads/p/l/1202889_3-sofit-soya-drink-sugar-free.jpg,https://www.bigbasket.com/media/uploads/p/l/1202889_3-sofit-soya-drink-sugar-free.jpg,,,,200 g,200,80,6,5,3,1,2,70,"Use according to the product label. Store in a cool, dry place.",,Check product label for allergens.,VAR-275-01,SKU-0442,2x1 L,2x1 L,,,active,290,325,0,5,TRUE,2026-08-23T23:05:00+05:30,2026-08-23T23:05:00+05:30,1,2x1 L,vegetarian
PROD-276,Soya Drink Vanilla,soya-drink-vanilla-sofit,Sofit,Dairy & Drinks,Health Foods,"Flavoured, Soya Milk from Sofit.","Flavoured, Soya Milk item sourced from the provided BigBasket catalog.",draft,276,General Fitness,vegetarian,"vegetarian, soya drink vanilla, sofit, plant-based drinks",https://www.bigbasket.com/media/uploads/p/l/1205154_3-sofit-soya-drink-vanilla.jpg,https://www.bigbasket.com/media/uploads/p/l/1205154_3-sofit-soya-drink-vanilla.jpg,,,,200 g,200,80,6,5,3,1,2,70,"Use according to the product label. Store in a cool, dry place.",,Check product label for allergens.,VAR-276-01,SKU-0443,3x1 L,3x1 L,Vanilla,,active,435,487,0,5,TRUE,2026-08-23T23:05:00+05:30,2026-08-23T23:05:00+05:30,1,3x1 L,vegetarian
PROD-277,"Dark Fantasy Belgian Chocolate Shake - Rich In Calcium & Protein, Thick, Creamy",dark-fantasy-belgian-chocolate-shake-rich-in-calcium-protein-thick-creamy-sunfeast,Sunfeast,Dairy & Drinks,Health Foods,"Flavoured, Soya Milk from Sunfeast.","Flavoured, Soya Milk item sourced from the provided BigBasket catalog.",draft,277,General Fitness,"protein, vegetarian","protein, vegetarian, dark fantasy belgian chocolate shake rich in calcium protein thick creamy, sunfeast, plant-based drinks",https://www.bigbasket.com/media/uploads/p/l/1213744_1-sunfeast-chocolate-shake-with-real-belgian-chocolate.jpg,https://www.bigbasket.com/media/uploads/p/l/1213744_1-sunfeast-chocolate-shake-with-real-belgian-chocolate.jpg,,,,30 g,30,120,4,15,5,2,4,50,"Use according to the product label. Store in a cool, dry place.",,Check product label for allergens.,VAR-277-01,SKU-0410,3x180 ml,3x180 ml,Chocolate,,active,120,134,0,5,TRUE,2026-08-23T23:05:00+05:30,2026-08-23T23:05:00+05:30,1,3x180 ml,"protein, vegetarian"
PROD-278,Men's One A Day Multivitamin,men-s-one-a-day-multivitamin,Bayer,Vitamins & Minerals,Vitamins,Complete daily multivitamin for men with 20+ key nutrients including Vitamin D3 and B12.,"One A Day Men's is a complete multivitamin specially formulated for men's health, supporting heart health, muscle function, and energy metabolism. Contains Vitamin A, C, D, E, K, and all B vitamins, plus key minerals like zinc and selenium in a convenient once-daily tablet.",draft,278,General Fitness,"General Health,Immunity,Energy","multivitamin,men,one a day,bayer,vitamin d,b12,zinc",https://vtiplvmddgjfcruqrvvb.supabase.co/storage/v1/object/sign/PRODUCT%20IMAGES%20BUCKET/vitamins.webp?token=eyJraWQiOiJmZTRiZGQ2Yy0zZDI4LTRhODUtYTc1My1lYjc4NjhlNDU5OGEiLCJhbGciOiJIUzI1NiJ9.eyJ1cmwiOiJQUk9EVUNUIElNQUdFUyBCVUNLRVQvdml0YW1pbnMud2VicCIsInNjb3BlIjoiZG93bmxvYWQiLCJpYXQiOjE3ODc2OTc5ODEsImV4cCI6MjEwMzA1Nzk4MX0.-av5RvbxhEg0LJJbyVlNDmyMIk2U0UISsWBUBHzsOvU,,,,,1 Tablet,0,10,0,2,0,0,0,10,Take 1 tablet daily with food. Do not exceed recommended dose.,"Vitamin A, Vitamin C, Vitamin D3, Vitamin E, Vitamin K, Thiamin, Riboflavin, Niacin, Vitamin B6, Folic Acid, Vitamin B12, Biotin, Pantothenic Acid, Calcium, Iron, Iodine, Magnesium, Zinc, Selenium, Copper, Manganese, Chromium, Molybdenum",Keep out of reach of children. Do not use if seal is broken. Store in a cool dry place.,VAR-278-01,BAY-MENV-100T,100 Tablets,100 Tablets,,,active,1299,1599,0,5,TRUE,2026-08-23T17:59:48Z,2026-08-23T17:59:48Z,2,100 Tablets | 200 Tablets,"General Health,Immunity,Energy"
PROD-278,Men's One A Day Multivitamin,men-s-one-a-day-multivitamin,Bayer,Vitamins & Minerals,Vitamins,Complete daily multivitamin for men with 20+ key nutrients including Vitamin D3 and B12.,"One A Day Men's is a complete multivitamin specially formulated for men's health, supporting heart health, muscle function, and energy metabolism. Contains Vitamin A, C, D, E, K, and all B vitamins, plus key minerals like zinc and selenium in a convenient once-daily tablet.",draft,278,General Fitness,"General Health,Immunity,Energy","multivitamin,men,one a day,bayer,vitamin d,b12,zinc",https://vtiplvmddgjfcruqrvvb.supabase.co/storage/v1/object/sign/PRODUCT%20IMAGES%20BUCKET/vitamins.webp?token=eyJraWQiOiJmZTRiZGQ2Yy0zZDI4LTRhODUtYTc1My1lYjc4NjhlNDU5OGEiLCJhbGciOiJIUzI1NiJ9.eyJ1cmwiOiJQUk9EVUNUIElNQUdFUyBCVUNLRVQvdml0YW1pbnMud2VicCIsInNjb3BlIjoiZG93bmxvYWQiLCJpYXQiOjE3ODc2OTc5ODEsImV4cCI6MjEwMzA1Nzk4MX0.-av5RvbxhEg0LJJbyVlNDmyMIk2U0UISsWBUBHzsOvU,,,,,1 Tablet,0,10,0,2,0,0,0,10,Take 1 tablet daily with food. Do not exceed recommended dose.,"Vitamin A, Vitamin C, Vitamin D3, Vitamin E, Vitamin K, Thiamin, Riboflavin, Niacin, Vitamin B6, Folic Acid, Vitamin B12, Biotin, Pantothenic Acid, Calcium, Iron, Iodine, Magnesium, Zinc, Selenium, Copper, Manganese, Chromium, Molybdenum",Keep out of reach of children. Do not use if seal is broken. Store in a cool dry place.,VAR-278-02,BAY-MENV-200T,200 Tablets,200 Tablets,,,active,2299,2799,0,5,FALSE,2026-08-23T17:59:48Z,2026-08-23T17:59:48Z,2,100 Tablets | 200 Tablets,"General Health,Immunity,Energy"
PROD-279,Bioschwartz Iron Supplement Capsules,bioschwartz-iron-supplement-capsules,Bioschwartz,Vitamins & Minerals,Vitamins,"Gentle, non-constipating iron bisglycinate chelate. Supports energy and haemoglobin.","Bioschwartz Iron Bisglycinate is a highly bioavailable, gentle form of iron that doesn't cause the constipation or stomach upset associated with conventional iron supplements. Each capsule delivers 25mg of elemental iron to support haemoglobin production, energy metabolism, and prevention of iron deficiency anaemia.",draft,279,General Fitness,"Women's Health,Energy,Anaemia Prevention","iron supplement,bioschwartz,iron bisglycinate,women,anaemia,energy",https://vtiplvmddgjfcruqrvvb.supabase.co/storage/v1/object/sign/PRODUCT%20IMAGES%20BUCKET/vitamins.webp?token=eyJraWQiOiJmZTRiZGQ2Yy0zZDI4LTRhODUtYTc1My1lYjc4NjhlNDU5OGEiLCJhbGciOiJIUzI1NiJ9.eyJ1cmwiOiJQUk9EVUNUIElNQUdFUyBCVUNLRVQvdml0YW1pbnMud2VicCIsInNjb3BlIjoiZG93bmxvYWQiLCJpYXQiOjE3ODc2OTc5ODEsImV4cCI6MjEwMzA1Nzk4MX0.-av5RvbxhEg0LJJbyVlNDmyMIk2U0UISsWBUBHzsOvU,,,,,1 Capsule,0,5,0,0,0,0,0,0,Take 1 capsule daily with food or as directed by your physician.,"Iron Bisglycinate Chelate 25mg, Vitamin C 60mg, HPMC Vegetable Capsule",Keep out of reach of children. Do not exceed recommended dosage. Iron overdose is dangerous for children.,VAR-279-01,BSW-IRN-180CAP,180 Capsules / 180 Servings,180 Capsules,,,active,1699,2099,0,5,TRUE,2026-08-23T17:59:48Z,2026-08-23T17:59:48Z,2,180 Capsules / 180 Servings | 90 Capsules / 90 Servings,"Women's Health,Energy,Anaemia Prevention"
PROD-279,Bioschwartz Iron Supplement Capsules,bioschwartz-iron-supplement-capsules,Bioschwartz,Vitamins & Minerals,Vitamins,"Gentle, non-constipating iron bisglycinate chelate. Supports energy and haemoglobin.","Bioschwartz Iron Bisglycinate is a highly bioavailable, gentle form of iron that doesn't cause the constipation or stomach upset associated with conventional iron supplements. Each capsule delivers 25mg of elemental iron to support haemoglobin production, energy metabolism, and prevention of iron deficiency anaemia.",draft,279,General Fitness,"Women's Health,Energy,Anaemia Prevention","iron supplement,bioschwartz,iron bisglycinate,women,anaemia,energy",https://vtiplvmddgjfcruqrvvb.supabase.co/storage/v1/object/sign/PRODUCT%20IMAGES%20BUCKET/vitamins.webp?token=eyJraWQiOiJmZTRiZGQ2Yy0zZDI4LTRhODUtYTc1My1lYjc4NjhlNDU5OGEiLCJhbGciOiJIUzI1NiJ9.eyJ1cmwiOiJQUk9EVUNUIElNQUdFUyBCVUNLRVQvdml0YW1pbnMud2VicCIsInNjb3BlIjoiZG93bmxvYWQiLCJpYXQiOjE3ODc2OTc5ODEsImV4cCI6MjEwMzA1Nzk4MX0.-av5RvbxhEg0LJJbyVlNDmyMIk2U0UISsWBUBHzsOvU,,,,,1 Capsule,0,5,0,0,0,0,0,0,Take 1 capsule daily with food or as directed by your physician.,"Iron Bisglycinate Chelate 25mg, Vitamin C 60mg, HPMC Vegetable Capsule",Keep out of reach of children. Do not exceed recommended dosage. Iron overdose is dangerous for children.,VAR-279-02,BSW-IRN-90CAP,90 Capsules / 90 Servings,90 Capsules,,,active,999,1299,0,5,FALSE,2026-08-23T17:59:48Z,2026-08-23T17:59:48Z,2,180 Capsules / 180 Servings | 90 Capsules / 90 Servings,"Women's Health,Energy,Anaemia Prevention"
PROD-280,Signature Multivitamin,signature-multivitamin-bodybuilding-com-signature,Bodybuilding.com Signature,Vitamins & Minerals,Vitamins,Formulated for the Needs of Athletes*,Formulated for the Needs of Athletes*,draft,280,General Fitness,immunity,"immunity, signature multivitamin, bodybuilding com signature, multivitamins",https://vtiplvmddgjfcruqrvvb.supabase.co/storage/v1/object/sign/PRODUCT%20IMAGES%20BUCKET/vitamins.webp?token=eyJraWQiOiJmZTRiZGQ2Yy0zZDI4LTRhODUtYTc1My1lYjc4NjhlNDU5OGEiLCJhbGciOiJIUzI1NiJ9.eyJ1cmwiOiJQUk9EVUNUIElNQUdFUyBCVUNLRVQvdml0YW1pbnMud2VicCIsInNjb3BlIjoiZG93bmxvYWQiLCJpYXQiOjE3ODc2OTc5ODEsImV4cCI6MjEwMzA1Nzk4MX0.-av5RvbxhEg0LJJbyVlNDmyMIk2U0UISsWBUBHzsOvU,,,,,1 g,1,0,0,0,0,0,0,50,"Use according to the product label. Store in a cool, dry place.",,Check label for allergens.,VAR-280-01,SKU-0071,1 g,1 g,,,active,1274,1427,0,5,TRUE,2026-08-23T23:05:00+05:30,2026-08-23T23:05:00+05:30,1,1 g,immunity
PROD-281,Biotin 10000mcg Capsules,biotin-10000mcg-capsules,Carbamide Forte,Vitamins & Minerals,Vitamins,"10000mcg ultra-strength biotin for hair growth, nail strength, and skin health.","Carbamide Forte Biotin provides 10,000mcg (10mg) of high-potency biotin (Vitamin B7) per capsule for maximum support of hair follicle health, nail strength, and skin integrity. Biotin plays a critical role in keratin production and is one of the most researched vitamins for hair loss.",draft,281,General Fitness,"Hair Growth,Nail Strength,Skin Health,Beauty","biotin,hair growth,nail strength,carbamide forte,10000mcg,beauty vitamin",https://vtiplvmddgjfcruqrvvb.supabase.co/storage/v1/object/sign/PRODUCT%20IMAGES%20BUCKET/vitamins.webp?token=eyJraWQiOiJmZTRiZGQ2Yy0zZDI4LTRhODUtYTc1My1lYjc4NjhlNDU5OGEiLCJhbGciOiJIUzI1NiJ9.eyJ1cmwiOiJQUk9EVUNUIElNQUdFUyBCVUNLRVQvdml0YW1pbnMud2VicCIsInNjb3BlIjoiZG93bmxvYWQiLCJpYXQiOjE3ODc2OTc5ODEsImV4cCI6MjEwMzA1Nzk4MX0.-av5RvbxhEg0LJJbyVlNDmyMIk2U0UISsWBUBHzsOvU,,,,,1 Capsule,0,0,0,0,0,0,0,0,Take 1 capsule daily with food and water.,"Biotin (Vitamin B7) 10000mcg, HPMC Vegetable Capsule, Microcrystalline Cellulose",Safe at recommended doses. Biotin supplementation can interfere with certain lab tests — inform your doctor.,VAR-281-01,CF-BTN-180CAP,180 Capsules,180 Capsules,,,active,849,1099,0,5,TRUE,2026-08-23T17:59:48Z,2026-08-23T17:59:48Z,2,180 Capsules | 90 Capsules,"Hair Growth,Nail Strength,Skin Health,Beauty"
PROD-281,Biotin 10000mcg Capsules,biotin-10000mcg-capsules,Carbamide Forte,Vitamins & Minerals,Vitamins,"10000mcg ultra-strength biotin for hair growth, nail strength, and skin health.","Carbamide Forte Biotin provides 10,000mcg (10mg) of high-potency biotin (Vitamin B7) per capsule for maximum support of hair follicle health, nail strength, and skin integrity. Biotin plays a critical role in keratin production and is one of the most researched vitamins for hair loss.",draft,281,General Fitness,"Hair Growth,Nail Strength,Skin Health,Beauty","biotin,hair growth,nail strength,carbamide forte,10000mcg,beauty vitamin",https://vtiplvmddgjfcruqrvvb.supabase.co/storage/v1/object/sign/PRODUCT%20IMAGES%20BUCKET/vitamins.webp?token=eyJraWQiOiJmZTRiZGQ2Yy0zZDI4LTRhODUtYTc1My1lYjc4NjhlNDU5OGEiLCJhbGciOiJIUzI1NiJ9.eyJ1cmwiOiJQUk9EVUNUIElNQUdFUyBCVUNLRVQvdml0YW1pbnMud2VicCIsInNjb3BlIjoiZG93bmxvYWQiLCJpYXQiOjE3ODc2OTc5ODEsImV4cCI6MjEwMzA1Nzk4MX0.-av5RvbxhEg0LJJbyVlNDmyMIk2U0UISsWBUBHzsOvU,,,,,1 Capsule,0,0,0,0,0,0,0,0,Take 1 capsule daily with food and water.,"Biotin (Vitamin B7) 10000mcg, HPMC Vegetable Capsule, Microcrystalline Cellulose",Safe at recommended doses. Biotin supplementation can interfere with certain lab tests — inform your doctor.,VAR-281-02,CF-BTN-90CAP,90 Capsules,90 Capsules,,,active,499,699,0,5,FALSE,2026-08-23T17:59:48Z,2026-08-23T17:59:48Z,2,180 Capsules | 90 Capsules,"Hair Growth,Nail Strength,Skin Health,Beauty"
PROD-282,Vitamin D3 2000IU + K2 Tablets,vitamin-d3-2000iu-k2-tablets,Carbamide Forte,Vitamins & Minerals,Vitamins,2000IU Vitamin D3 with K2-MK7 for optimal calcium absorption and bone health.,"Carbamide Forte Vitamin D3 + K2 combines 2000IU of cholecalciferol (D3) with 45mcg of Vitamin K2-MK7 in one tablet. D3 increases calcium absorption, while K2 directs calcium to bones rather than arteries. Together they support bone density, immunity, and cardiovascular health.",draft,282,General Fitness,"Bone Health,Immunity,Heart Health","vitamin d3,k2,carbamide forte,bone health,calcium absorption",https://vtiplvmddgjfcruqrvvb.supabase.co/storage/v1/object/sign/PRODUCT%20IMAGES%20BUCKET/vitamins.webp?token=eyJraWQiOiJmZTRiZGQ2Yy0zZDI4LTRhODUtYTc1My1lYjc4NjhlNDU5OGEiLCJhbGciOiJIUzI1NiJ9.eyJ1cmwiOiJQUk9EVUNUIElNQUdFUyBCVUNLRVQvdml0YW1pbnMud2VicCIsInNjb3BlIjoiZG93bmxvYWQiLCJpYXQiOjE3ODc2OTc5ODEsImV4cCI6MjEwMzA1Nzk4MX0.-av5RvbxhEg0LJJbyVlNDmyMIk2U0UISsWBUBHzsOvU,,,,,1 Tablet,0,0,0,0,0,0,0,0,Take 1 tablet daily with food.,"Vitamin D3 (Cholecalciferol) 2000IU, Vitamin K2-MK7 45mcg, Microcrystalline Cellulose, Dicalcium Phosphate, Magnesium Stearate",Not for use by children under 4. Consult physician before use if on anticoagulant therapy.,VAR-282-01,CF-VD3-120T,120 Tablets,120 Tablets,,,active,499,699,0,5,TRUE,2026-08-23T17:59:48Z,2026-08-23T17:59:48Z,2,120 Tablets | 240 Tablets,"Bone Health,Immunity,Heart Health"
PROD-282,Vitamin D3 2000IU + K2 Tablets,vitamin-d3-2000iu-k2-tablets,Carbamide Forte,Vitamins & Minerals,Vitamins,2000IU Vitamin D3 with K2-MK7 for optimal calcium absorption and bone health.,"Carbamide Forte Vitamin D3 + K2 combines 2000IU of cholecalciferol (D3) with 45mcg of Vitamin K2-MK7 in one tablet. D3 increases calcium absorption, while K2 directs calcium to bones rather than arteries. Together they support bone density, immunity, and cardiovascular health.",draft,282,General Fitness,"Bone Health,Immunity,Heart Health","vitamin d3,k2,carbamide forte,bone health,calcium absorption",https://vtiplvmddgjfcruqrvvb.supabase.co/storage/v1/object/sign/PRODUCT%20IMAGES%20BUCKET/vitamins.webp?token=eyJraWQiOiJmZTRiZGQ2Yy0zZDI4LTRhODUtYTc1My1lYjc4NjhlNDU5OGEiLCJhbGciOiJIUzI1NiJ9.eyJ1cmwiOiJQUk9EVUNUIElNQUdFUyBCVUNLRVQvdml0YW1pbnMud2VicCIsInNjb3BlIjoiZG93bmxvYWQiLCJpYXQiOjE3ODc2OTc5ODEsImV4cCI6MjEwMzA1Nzk4MX0.-av5RvbxhEg0LJJbyVlNDmyMIk2U0UISsWBUBHzsOvU,,,,,1 Tablet,0,0,0,0,0,0,0,0,Take 1 tablet daily with food.,"Vitamin D3 (Cholecalciferol) 2000IU, Vitamin K2-MK7 45mcg, Microcrystalline Cellulose, Dicalcium Phosphate, Magnesium Stearate",Not for use by children under 4. Consult physician before use if on anticoagulant therapy.,VAR-282-02,CF-VD3-240T,240 Tablets,240 Tablets,,,active,849,1099,0,5,FALSE,2026-08-23T17:59:48Z,2026-08-23T17:59:48Z,2,120 Tablets | 240 Tablets,"Bone Health,Immunity,Heart Health"
PROD-283,Zinc Picolinate 50mg Capsules,zinc-picolinate-50mg-capsules,Carbamide Forte,Vitamins & Minerals,Vitamins,"Zinc picolinate — the most bioavailable form. Immunity, testosterone, and skin support.","Carbamide Forte Zinc Picolinate delivers 50mg of zinc in the most bioavailable chelated form available. Zinc supports immune function, testosterone levels, skin health, wound healing, and protein synthesis. Particularly beneficial for athletes who lose zinc through sweat.",draft,283,General Fitness,"Immunity,Testosterone Support,Skin Health","zinc,picolinate,carbamide forte,immunity,testosterone,skin",https://vtiplvmddgjfcruqrvvb.supabase.co/storage/v1/object/sign/PRODUCT%20IMAGES%20BUCKET/vitamins.webp?token=eyJraWQiOiJmZTRiZGQ2Yy0zZDI4LTRhODUtYTc1My1lYjc4NjhlNDU5OGEiLCJhbGciOiJIUzI1NiJ9.eyJ1cmwiOiJQUk9EVUNUIElNQUdFUyBCVUNLRVQvdml0YW1pbnMud2VicCIsInNjb3BlIjoiZG93bmxvYWQiLCJpYXQiOjE3ODc2OTc5ODEsImV4cCI6MjEwMzA1Nzk4MX0.-av5RvbxhEg0LJJbyVlNDmyMIk2U0UISsWBUBHzsOvU,,,,,1 Capsule,0,0,0,0,0,0,0,0,Take 1 capsule daily with food to prevent stomach upset.,"Zinc Picolinate 50mg, HPMC Vegetable Capsule, Microcrystalline Cellulose",Do not exceed 40mg elemental zinc daily without medical supervision. Long-term high zinc can impair copper absorption.,VAR-283-01,CF-ZN-120CAP,120 Capsules,120 Capsules,,,active,799,999,0,5,TRUE,2026-08-23T17:59:48Z,2026-08-23T17:59:48Z,2,120 Capsules | 60 Capsules,"Immunity,Testosterone Support,Skin Health"
PROD-283,Zinc Picolinate 50mg Capsules,zinc-picolinate-50mg-capsules,Carbamide Forte,Vitamins & Minerals,Vitamins,"Zinc picolinate — the most bioavailable form. Immunity, testosterone, and skin support.","Carbamide Forte Zinc Picolinate delivers 50mg of zinc in the most bioavailable chelated form available. Zinc supports immune function, testosterone levels, skin health, wound healing, and protein synthesis. Particularly beneficial for athletes who lose zinc through sweat.",draft,283,General Fitness,"Immunity,Testosterone Support,Skin Health","zinc,picolinate,carbamide forte,immunity,testosterone,skin",https://vtiplvmddgjfcruqrvvb.supabase.co/storage/v1/object/sign/PRODUCT%20IMAGES%20BUCKET/vitamins.webp?token=eyJraWQiOiJmZTRiZGQ2Yy0zZDI4LTRhODUtYTc1My1lYjc4NjhlNDU5OGEiLCJhbGciOiJIUzI1NiJ9.eyJ1cmwiOiJQUk9EVUNUIElNQUdFUyBCVUNLRVQvdml0YW1pbnMud2VicCIsInNjb3BlIjoiZG93bmxvYWQiLCJpYXQiOjE3ODc2OTc5ODEsImV4cCI6MjEwMzA1Nzk4MX0.-av5RvbxhEg0LJJbyVlNDmyMIk2U0UISsWBUBHzsOvU,,,,,1 Capsule,0,0,0,0,0,0,0,0,Take 1 capsule daily with food to prevent stomach upset.,"Zinc Picolinate 50mg, HPMC Vegetable Capsule, Microcrystalline Cellulose",Do not exceed 40mg elemental zinc daily without medical supervision. Long-term high zinc can impair copper absorption.,VAR-283-02,CF-ZN-60CAP,60 Capsules,60 Capsules,,,active,449,599,0,5,FALSE,2026-08-23T17:59:48Z,2026-08-23T17:59:48Z,2,120 Capsules | 60 Capsules,"Immunity,Testosterone Support,Skin Health"
PROD-284,VitaMode,vitamode-evlution-nutrition,EVLUTION NUTRITION,Vitamins & Minerals,Vitamins,High Performance Multi-Vitamin for Overall Health*,High Performance Multi-Vitamin for Overall Health*,draft,284,General Fitness,immunity,"immunity, vitamode, evlution nutrition, multivitamins",https://vtiplvmddgjfcruqrvvb.supabase.co/storage/v1/object/sign/PRODUCT%20IMAGES%20BUCKET/vitamins.webp?token=eyJraWQiOiJmZTRiZGQ2Yy0zZDI4LTRhODUtYTc1My1lYjc4NjhlNDU5OGEiLCJhbGciOiJIUzI1NiJ9.eyJ1cmwiOiJQUk9EVUNUIElNQUdFUyBCVUNLRVQvdml0YW1pbnMud2VicCIsInNjb3BlIjoiZG93bmxvYWQiLCJpYXQiOjE3ODc2OTc5ODEsImV4cCI6MjEwMzA1Nzk4MX0.-av5RvbxhEg0LJJbyVlNDmyMIk2U0UISsWBUBHzsOvU,,,,,1 g,1,0,0,0,0,0,0,50,"Use according to the product label. Store in a cool, dry place.",,Check label for allergens.,VAR-284-01,SKU-0069,1 g,1 g,,,active,1444,1617,0,5,TRUE,2026-08-23T23:05:00+05:30,2026-08-23T23:05:00+05:30,1,1 g,immunity
PROD-285,ZMATRIX,zmatrix-evlution-nutrition,EVLUTION NUTRITION,Vitamins & Minerals,Vitamins,Zinc & Magnesium Mineral Complex,Zinc & Magnesium Mineral Complex,draft,285,General Fitness,health & wellness,"health & wellness, zmatrix, evlution nutrition, magnesium",https://vtiplvmddgjfcruqrvvb.supabase.co/storage/v1/object/sign/PRODUCT%20IMAGES%20BUCKET/vitamins.webp?token=eyJraWQiOiJmZTRiZGQ2Yy0zZDI4LTRhODUtYTc1My1lYjc4NjhlNDU5OGEiLCJhbGciOiJIUzI1NiJ9.eyJ1cmwiOiJQUk9EVUNUIElNQUdFUyBCVUNLRVQvdml0YW1pbnMud2VicCIsInNjb3BlIjoiZG93bmxvYWQiLCJpYXQiOjE3ODc2OTc5ODEsImV4cCI6MjEwMzA1Nzk4MX0.-av5RvbxhEg0LJJbyVlNDmyMIk2U0UISsWBUBHzsOvU,,,,,1 g,1,0,0,0,0,0,0,50,"Use according to the product label. Store in a cool, dry place.",,Check label for allergens.,VAR-285-01,SKU-0079,1 g,1 g,,,active,1444,1617,0,5,TRUE,2026-08-23T23:05:00+05:30,2026-08-23T23:05:00+05:30,1,1 g,health & wellness
PROD-286,Vitamin C 1000mg Effervescent Tablets,vitamin-c-1000mg-effervescent-tablets,Fast&Up,Vitamins & Minerals,Vitamins,1000mg Vitamin C with zinc in an effervescent tablet. Immunity defence formula.,"Fast&Up Charge Vitamin C+ Zinc provides 1000mg of Vitamin C (sodium ascorbate) with 10mg of zinc in an effervescent tablet for rapid absorption. The combination supports immune function, antioxidant protection, collagen synthesis, and skin health. No artificial colours — natural lemon-lime flavour.",draft,286,General Fitness,"Immunity,Antioxidants,Skin Health,Energy","vitamin c,fast&up,effervescent,zinc,immunity,1000mg,antioxidant",https://vtiplvmddgjfcruqrvvb.supabase.co/storage/v1/object/sign/PRODUCT%20IMAGES%20BUCKET/vitamins.webp?token=eyJraWQiOiJmZTRiZGQ2Yy0zZDI4LTRhODUtYTc1My1lYjc4NjhlNDU5OGEiLCJhbGciOiJIUzI1NiJ9.eyJ1cmwiOiJQUk9EVUNUIElNQUdFUyBCVUNLRVQvdml0YW1pbnMud2VicCIsInNjb3BlIjoiZG93bmxvYWQiLCJpYXQiOjE3ODc2OTc5ODEsImV4cCI6MjEwMzA1Nzk4MX0.-av5RvbxhEg0LJJbyVlNDmyMIk2U0UISsWBUBHzsOvU,,,,,1 Tablet dissolved in 250ml water,0,15,0,3,0,0,2,310,"Drop 1 tablet in 250ml water, wait for it to dissolve, then drink immediately. Take once daily.","Sodium Ascorbate (Vitamin C) 1000mg, Zinc Sulphate 10mg, Sodium Bicarbonate, Citric Acid, Natural Lemon Lime Flavour, Sorbitol",Do not exceed 2000mg Vitamin C per day. May cause loose stools at very high doses.,VAR-286-01,FU-VTC-20-LME,20 Tablets - Lime,20 Tablets,Lime,,active,249,299,0,5,TRUE,2026-08-23T17:59:48Z,2026-08-23T17:59:48Z,3,20 Tablets - Lime | 20 Tablets - Orange | 40 Tablets - Lime,"Immunity,Antioxidants,Skin Health,Energy"
PROD-286,Vitamin C 1000mg Effervescent Tablets,vitamin-c-1000mg-effervescent-tablets,Fast&Up,Vitamins & Minerals,Vitamins,1000mg Vitamin C with zinc in an effervescent tablet. Immunity defence formula.,"Fast&Up Charge Vitamin C+ Zinc provides 1000mg of Vitamin C (sodium ascorbate) with 10mg of zinc in an effervescent tablet for rapid absorption. The combination supports immune function, antioxidant protection, collagen synthesis, and skin health. No artificial colours — natural lemon-lime flavour.",draft,286,General Fitness,"Immunity,Antioxidants,Skin Health,Energy","vitamin c,fast&up,effervescent,zinc,immunity,1000mg,antioxidant",https://vtiplvmddgjfcruqrvvb.supabase.co/storage/v1/object/sign/PRODUCT%20IMAGES%20BUCKET/vitamins.webp?token=eyJraWQiOiJmZTRiZGQ2Yy0zZDI4LTRhODUtYTc1My1lYjc4NjhlNDU5OGEiLCJhbGciOiJIUzI1NiJ9.eyJ1cmwiOiJQUk9EVUNUIElNQUdFUyBCVUNLRVQvdml0YW1pbnMud2VicCIsInNjb3BlIjoiZG93bmxvYWQiLCJpYXQiOjE3ODc2OTc5ODEsImV4cCI6MjEwMzA1Nzk4MX0.-av5RvbxhEg0LJJbyVlNDmyMIk2U0UISsWBUBHzsOvU,,,,,1 Tablet dissolved in 250ml water,0,15,0,3,0,0,2,310,"Drop 1 tablet in 250ml water, wait for it to dissolve, then drink immediately. Take once daily.","Sodium Ascorbate (Vitamin C) 1000mg, Zinc Sulphate 10mg, Sodium Bicarbonate, Citric Acid, Natural Lemon Lime Flavour, Sorbitol",Do not exceed 2000mg Vitamin C per day. May cause loose stools at very high doses.,VAR-286-02,FU-VTC-20-ORA,20 Tablets - Orange,20 Tablets,Orange,,active,249,299,0,5,FALSE,2026-08-23T17:59:48Z,2026-08-23T17:59:48Z,3,20 Tablets - Lime | 20 Tablets - Orange | 40 Tablets - Lime,"Immunity,Antioxidants,Skin Health,Energy"
PROD-286,Vitamin C 1000mg Effervescent Tablets,vitamin-c-1000mg-effervescent-tablets,Fast&Up,Vitamins & Minerals,Vitamins,1000mg Vitamin C with zinc in an effervescent tablet. Immunity defence formula.,"Fast&Up Charge Vitamin C+ Zinc provides 1000mg of Vitamin C (sodium ascorbate) with 10mg of zinc in an effervescent tablet for rapid absorption. The combination supports immune function, antioxidant protection, collagen synthesis, and skin health. No artificial colours — natural lemon-lime flavour.",draft,286,General Fitness,"Immunity,Antioxidants,Skin Health,Energy","vitamin c,fast&up,effervescent,zinc,immunity,1000mg,antioxidant",https://vtiplvmddgjfcruqrvvb.supabase.co/storage/v1/object/sign/PRODUCT%20IMAGES%20BUCKET/vitamins.webp?token=eyJraWQiOiJmZTRiZGQ2Yy0zZDI4LTRhODUtYTc1My1lYjc4NjhlNDU5OGEiLCJhbGciOiJIUzI1NiJ9.eyJ1cmwiOiJQUk9EVUNUIElNQUdFUyBCVUNLRVQvdml0YW1pbnMud2VicCIsInNjb3BlIjoiZG93bmxvYWQiLCJpYXQiOjE3ODc2OTc5ODEsImV4cCI6MjEwMzA1Nzk4MX0.-av5RvbxhEg0LJJbyVlNDmyMIk2U0UISsWBUBHzsOvU,,,,,1 Tablet dissolved in 250ml water,0,15,0,3,0,0,2,310,"Drop 1 tablet in 250ml water, wait for it to dissolve, then drink immediately. Take once daily.","Sodium Ascorbate (Vitamin C) 1000mg, Zinc Sulphate 10mg, Sodium Bicarbonate, Citric Acid, Natural Lemon Lime Flavour, Sorbitol",Do not exceed 2000mg Vitamin C per day. May cause loose stools at very high doses.,VAR-286-03,FU-VTC-40-LME,40 Tablets - Lime,40 Tablets,Lime,,active,449,549,0,5,FALSE,2026-08-23T17:59:48Z,2026-08-23T17:59:48Z,3,20 Tablets - Lime | 20 Tablets - Orange | 40 Tablets - Lime,"Immunity,Antioxidants,Skin Health,Energy"
PROD-287,Vita JYM,vita-jym-jym-supplement-science,JYM Supplement Science,Vitamins & Minerals,Vitamins,Science Based Formula Provides Micronutrients Athletes Need to Support Growth and Overall Well-Being*,Science Based Formula Provides Micronutrients Athletes Need to Support Growth and Overall Well-Being*,draft,287,General Fitness,immunity,"immunity, vita jym, jym supplement science, multivitamins",https://vtiplvmddgjfcruqrvvb.supabase.co/storage/v1/object/sign/PRODUCT%20IMAGES%20BUCKET/vitamins.webp?token=eyJraWQiOiJmZTRiZGQ2Yy0zZDI4LTRhODUtYTc1My1lYjc4NjhlNDU5OGEiLCJhbGciOiJIUzI1NiJ9.eyJ1cmwiOiJQUk9EVUNUIElNQUdFUyBCVUNLRVQvdml0YW1pbnMud2VicCIsInNjb3BlIjoiZG93bmxvYWQiLCJpYXQiOjE3ODc2OTc5ODEsImV4cCI6MjEwMzA1Nzk4MX0.-av5RvbxhEg0LJJbyVlNDmyMIk2U0UISsWBUBHzsOvU,,,,,1 g,1,0,0,0,0,0,0,50,"Use according to the product label. Store in a cool, dry place.",,Check label for allergens.,VAR-287-01,SKU-0070,1 g,1 g,,,active,2210,2475,0,5,TRUE,2026-08-23T23:05:00+05:30,2026-08-23T23:05:00+05:30,1,1 g,immunity
PROD-288,Magnesium Glycinate 400mg Capsules,magnesium-glycinate-400mg-capsules,NutriVally,Vitamins & Minerals,Vitamins,"Highly bioavailable magnesium glycinate for sleep, muscle relaxation, and stress relief.","NutriVally Magnesium Glycinate is a superior form of magnesium chelated with glycine for maximum absorption and minimal laxative effect. Supports sleep quality, muscle cramp relief, stress reduction, and cardiovascular health. Each capsule provides 400mg of elemental magnesium glycinate.",draft,288,General Fitness,"Sleep,Muscle Recovery,Stress Relief,Heart Health","magnesium glycinate,sleep,muscle cramps,nutrivally,stress relief",https://vtiplvmddgjfcruqrvvb.supabase.co/storage/v1/object/sign/PRODUCT%20IMAGES%20BUCKET/vitamins.webp?token=eyJraWQiOiJmZTRiZGQ2Yy0zZDI4LTRhODUtYTc1My1lYjc4NjhlNDU5OGEiLCJhbGciOiJIUzI1NiJ9.eyJ1cmwiOiJQUk9EVUNUIElNQUdFUyBCVUNLRVQvdml0YW1pbnMud2VicCIsInNjb3BlIjoiZG93bmxvYWQiLCJpYXQiOjE3ODc2OTc5ODEsImV4cCI6MjEwMzA1Nzk4MX0.-av5RvbxhEg0LJJbyVlNDmyMIk2U0UISsWBUBHzsOvU,,,,,2 Capsules,0,0,0,0,0,0,0,0,Take 2 capsules daily before bedtime with a glass of water.,"Magnesium Glycinate 400mg, Microcrystalline Cellulose, HPMC Vegetable Capsule",May cause loose stools at higher doses. Consult physician if on medication.,VAR-288-01,NV-MAG-120CAP,120 Capsules / 60 Servings,120 Capsules,,,active,1199,1499,0,5,TRUE,2026-08-23T17:59:48Z,2026-08-23T17:59:48Z,2,120 Capsules / 60 Servings | 60 Capsules / 30 Servings,"Sleep,Muscle Recovery,Stress Relief,Heart Health"
PROD-288,Magnesium Glycinate 400mg Capsules,magnesium-glycinate-400mg-capsules,NutriVally,Vitamins & Minerals,Vitamins,"Highly bioavailable magnesium glycinate for sleep, muscle relaxation, and stress relief.","NutriVally Magnesium Glycinate is a superior form of magnesium chelated with glycine for maximum absorption and minimal laxative effect. Supports sleep quality, muscle cramp relief, stress reduction, and cardiovascular health. Each capsule provides 400mg of elemental magnesium glycinate.",draft,288,General Fitness,"Sleep,Muscle Recovery,Stress Relief,Heart Health","magnesium glycinate,sleep,muscle cramps,nutrivally,stress relief",https://vtiplvmddgjfcruqrvvb.supabase.co/storage/v1/object/sign/PRODUCT%20IMAGES%20BUCKET/vitamins.webp?token=eyJraWQiOiJmZTRiZGQ2Yy0zZDI4LTRhODUtYTc1My1lYjc4NjhlNDU5OGEiLCJhbGciOiJIUzI1NiJ9.eyJ1cmwiOiJQUk9EVUNUIElNQUdFUyBCVUNLRVQvdml0YW1pbnMud2VicCIsInNjb3BlIjoiZG93bmxvYWQiLCJpYXQiOjE3ODc2OTc5ODEsImV4cCI6MjEwMzA1Nzk4MX0.-av5RvbxhEg0LJJbyVlNDmyMIk2U0UISsWBUBHzsOvU,,,,,2 Capsules,0,0,0,0,0,0,0,0,Take 2 capsules daily before bedtime with a glass of water.,"Magnesium Glycinate 400mg, Microcrystalline Cellulose, HPMC Vegetable Capsule",May cause loose stools at higher doses. Consult physician if on medication.,VAR-288-02,NV-MAG-60CAP,60 Capsules / 30 Servings,60 Capsules,,,active,699,899,0,5,FALSE,2026-08-23T17:59:48Z,2026-08-23T17:59:48Z,2,120 Capsules / 60 Servings | 60 Capsules / 30 Servings,"Sleep,Muscle Recovery,Stress Relief,Heart Health"
PROD-289,Opti-Women,opti-women-optimum-nutrition,Optimum Nutrition,Vitamins & Minerals,Vitamins,Daily Multi-Vitamin Capsule for Women's Health*,Daily Multi-Vitamin Capsule for Women's Health*,draft,289,General Fitness,immunity,"immunity, opti women, optimum nutrition, multivitamins",https://vtiplvmddgjfcruqrvvb.supabase.co/storage/v1/object/sign/PRODUCT%20IMAGES%20BUCKET/vitamins.webp?token=eyJraWQiOiJmZTRiZGQ2Yy0zZDI4LTRhODUtYTc1My1lYjc4NjhlNDU5OGEiLCJhbGciOiJIUzI1NiJ9.eyJ1cmwiOiJQUk9EVUNUIElNQUdFUyBCVUNLRVQvdml0YW1pbnMud2VicCIsInNjb3BlIjoiZG93bmxvYWQiLCJpYXQiOjE3ODc2OTc5ODEsImV4cCI6MjEwMzA1Nzk4MX0.-av5RvbxhEg0LJJbyVlNDmyMIk2U0UISsWBUBHzsOvU,,,,,1 g,1,0,0,0,0,0,0,50,"Use according to the product label. Store in a cool, dry place.",,Check label for allergens.,VAR-289-01,SKU-0072,1 g,1 g,,,active,1384,1550,0,5,TRUE,2026-08-23T23:05:00+05:30,2026-08-23T23:05:00+05:30,1,1 g,immunity
PROD-290,Z-Elite,z-elite-rsp-nutrition,RSP Nutrition,Vitamins & Minerals,Vitamins,All Natural Nighttime Sleep Aid!*,All Natural Nighttime Sleep Aid!*,draft,290,General Fitness,health & wellness,"health & wellness, z elite, rsp nutrition, magnesium",https://vtiplvmddgjfcruqrvvb.supabase.co/storage/v1/object/sign/PRODUCT%20IMAGES%20BUCKET/vitamins.webp?token=eyJraWQiOiJmZTRiZGQ2Yy0zZDI4LTRhODUtYTc1My1lYjc4NjhlNDU5OGEiLCJhbGciOiJIUzI1NiJ9.eyJ1cmwiOiJQUk9EVUNUIElNQUdFUyBCVUNLRVQvdml0YW1pbnMud2VicCIsInNjb3BlIjoiZG93bmxvYWQiLCJpYXQiOjE3ODc2OTc5ODEsImV4cCI6MjEwMzA1Nzk4MX0.-av5RvbxhEg0LJJbyVlNDmyMIk2U0UISsWBUBHzsOvU,,,,,1 g,1,0,0,0,0,0,0,50,"Use according to the product label. Store in a cool, dry place.",,Check label for allergens.,VAR-290-01,SKU-0080,1 g,1 g,,,active,1527,1710,0,5,TRUE,2026-08-23T23:05:00+05:30,2026-08-23T23:05:00+05:30,1,1 g,health & wellness
PROD-291,Women's Daily Multivitamin Gummies,women-s-daily-multivitamin-gummies,SheNaturals,Vitamins & Minerals,Vitamins,"Hair, skin and nail support with biotin, folate and vitamin C. Delicious gummy format.","SheNaturals Women's Daily Multivitamin Gummies are specially formulated for women with key nutrients including Biotin for hair and nail strength, Folate for cellular health, and Vitamins C and E for antioxidant protection. Sugar-free, vegan-friendly, and gelatin-free with a natural strawberry flavour.",draft,291,General Fitness,"General Health,Beauty,Hair & Skin,Immunity","women multivitamin,gummies,biotin,folate,hair skin nails",https://vtiplvmddgjfcruqrvvb.supabase.co/storage/v1/object/sign/PRODUCT%20IMAGES%20BUCKET/vitamins.webp?token=eyJraWQiOiJmZTRiZGQ2Yy0zZDI4LTRhODUtYTc1My1lYjc4NjhlNDU5OGEiLCJhbGciOiJIUzI1NiJ9.eyJ1cmwiOiJQUk9EVUNUIElNQUdFUyBCVUNLRVQvdml0YW1pbnMud2VicCIsInNjb3BlIjoiZG93bmxvYWQiLCJpYXQiOjE3ODc2OTc5ODEsImV4cCI6MjEwMzA1Nzk4MX0.-av5RvbxhEg0LJJbyVlNDmyMIk2U0UISsWBUBHzsOvU,,,,,2 Gummies,0,20,0,4,0,0,2,25,Chew 2 gummies daily. Best taken with a meal.,"Vitamin A, Vitamin C, Vitamin D3, Vitamin E, Vitamin B6, Folic Acid (Folate), Vitamin B12, Biotin, Iodine, Zinc, Sodium, Sugar Alcohol (Sorbitol), Pectin, Citric Acid, Natural Strawberry Flavour",Vegan-friendly. Sugar-free. Keep away from children. Do not exceed 2 gummies per day.,VAR-291-01,SHN-WMV-120G-STR,120 Gummies / 60 Servings,120 Gummies,Strawberry,,active,1799,2199,0,5,TRUE,2026-08-23T17:59:48Z,2026-08-23T17:59:48Z,2,120 Gummies / 60 Servings | 60 Gummies / 30 Servings,"General Health,Beauty,Hair & Skin,Immunity"
PROD-291,Women's Daily Multivitamin Gummies,women-s-daily-multivitamin-gummies,SheNaturals,Vitamins & Minerals,Vitamins,"Hair, skin and nail support with biotin, folate and vitamin C. Delicious gummy format.","SheNaturals Women's Daily Multivitamin Gummies are specially formulated for women with key nutrients including Biotin for hair and nail strength, Folate for cellular health, and Vitamins C and E for antioxidant protection. Sugar-free, vegan-friendly, and gelatin-free with a natural strawberry flavour.",draft,291,General Fitness,"General Health,Beauty,Hair & Skin,Immunity","women multivitamin,gummies,biotin,folate,hair skin nails",https://vtiplvmddgjfcruqrvvb.supabase.co/storage/v1/object/sign/PRODUCT%20IMAGES%20BUCKET/vitamins.webp?token=eyJraWQiOiJmZTRiZGQ2Yy0zZDI4LTRhODUtYTc1My1lYjc4NjhlNDU5OGEiLCJhbGciOiJIUzI1NiJ9.eyJ1cmwiOiJQUk9EVUNUIElNQUdFUyBCVUNLRVQvdml0YW1pbnMud2VicCIsInNjb3BlIjoiZG93bmxvYWQiLCJpYXQiOjE3ODc2OTc5ODEsImV4cCI6MjEwMzA1Nzk4MX0.-av5RvbxhEg0LJJbyVlNDmyMIk2U0UISsWBUBHzsOvU,,,,,2 Gummies,0,20,0,4,0,0,2,25,Chew 2 gummies daily. Best taken with a meal.,"Vitamin A, Vitamin C, Vitamin D3, Vitamin E, Vitamin B6, Folic Acid (Folate), Vitamin B12, Biotin, Iodine, Zinc, Sodium, Sugar Alcohol (Sorbitol), Pectin, Citric Acid, Natural Strawberry Flavour",Vegan-friendly. Sugar-free. Keep away from children. Do not exceed 2 gummies per day.,VAR-291-02,SHN-WMV-60G-STR,60 Gummies / 30 Servings,60 Gummies,Strawberry,,active,999,1299,0,5,FALSE,2026-08-23T17:59:48Z,2026-08-23T17:59:48Z,2,120 Gummies / 60 Servings | 60 Gummies / 30 Servings,"General Health,Beauty,Hair & Skin,Immunity"
PROD-292,Wellbeing Nutrition Melts Multivitamin,wellbeing-nutrition-melts-multivitamin,Wellbeing Nutrition,Vitamins & Minerals,Vitamins,Nano strip multivitamin that melts on your tongue. 34 essential vitamins and minerals.,"Wellbeing Nutrition Melts is India's first nano strip multivitamin technology that dissolves on your tongue for fast, direct absorption — bypassing the digestive system. Packed with 34 vitamins and minerals, it supports energy, immunity, bone health, and cognitive performance. Vegan and sugar-free.",draft,292,General Fitness,"General Health,Immunity,Energy,Absorption","wellbeing nutrition,melts,nano strip,multivitamin,india,vegan",https://vtiplvmddgjfcruqrvvb.supabase.co/storage/v1/object/sign/PRODUCT%20IMAGES%20BUCKET/vitamins.webp?token=eyJraWQiOiJmZTRiZGQ2Yy0zZDI4LTRhODUtYTc1My1lYjc4NjhlNDU5OGEiLCJhbGciOiJIUzI1NiJ9.eyJ1cmwiOiJQUk9EVUNUIElNQUdFUyBCVUNLRVQvdml0YW1pbnMud2VicCIsInNjb3BlIjoiZG93bmxvYWQiLCJpYXQiOjE3ODc2OTc5ODEsImV4cCI6MjEwMzA1Nzk4MX0.-av5RvbxhEg0LJJbyVlNDmyMIk2U0UISsWBUBHzsOvU,,,,,1 Strip,0,5,0,0,0,0,0,5,Place 1 strip on your tongue and allow it to dissolve completely. Take once daily preferably in the morning.,"Vitamin A, B1, B2, B3, B5, B6, B7, B9, B12, C, D3, E, K2, Calcium, Magnesium, Zinc, Iron, Copper, Manganese, Chromium, Molybdenum, Iodine, Selenium, Phosphorus, Potassium, L-Methylfolate",Not for use by pregnant women without medical advice. Store in a cool dry place away from direct sunlight.,VAR-292-01,WBN-MLT-30S,30 Strips,30 Strips,,,active,849,999,0,5,TRUE,2026-08-23T17:59:48Z,2026-08-23T17:59:48Z,2,30 Strips | 60 Strips,"General Health,Immunity,Energy,Absorption"
PROD-292,Wellbeing Nutrition Melts Multivitamin,wellbeing-nutrition-melts-multivitamin,Wellbeing Nutrition,Vitamins & Minerals,Vitamins,Nano strip multivitamin that melts on your tongue. 34 essential vitamins and minerals.,"Wellbeing Nutrition Melts is India's first nano strip multivitamin technology that dissolves on your tongue for fast, direct absorption — bypassing the digestive system. Packed with 34 vitamins and minerals, it supports energy, immunity, bone health, and cognitive performance. Vegan and sugar-free.",draft,292,General Fitness,"General Health,Immunity,Energy,Absorption","wellbeing nutrition,melts,nano strip,multivitamin,india,vegan",https://vtiplvmddgjfcruqrvvb.supabase.co/storage/v1/object/sign/PRODUCT%20IMAGES%20BUCKET/vitamins.webp?token=eyJraWQiOiJmZTRiZGQ2Yy0zZDI4LTRhODUtYTc1My1lYjc4NjhlNDU5OGEiLCJhbGciOiJIUzI1NiJ9.eyJ1cmwiOiJQUk9EVUNUIElNQUdFUyBCVUNLRVQvdml0YW1pbnMud2VicCIsInNjb3BlIjoiZG93bmxvYWQiLCJpYXQiOjE3ODc2OTc5ODEsImV4cCI6MjEwMzA1Nzk4MX0.-av5RvbxhEg0LJJbyVlNDmyMIk2U0UISsWBUBHzsOvU,,,,,1 Strip,0,5,0,0,0,0,0,5,Place 1 strip on your tongue and allow it to dissolve completely. Take once daily preferably in the morning.,"Vitamin A, B1, B2, B3, B5, B6, B7, B9, B12, C, D3, E, K2, Calcium, Magnesium, Zinc, Iron, Copper, Manganese, Chromium, Molybdenum, Iodine, Selenium, Phosphorus, Potassium, L-Methylfolate",Not for use by pregnant women without medical advice. Store in a cool dry place away from direct sunlight.,VAR-292-02,WBN-MLT-60S,60 Strips,60 Strips,,,active,1499,1799,0,5,FALSE,2026-08-23T17:59:48Z,2026-08-23T17:59:48Z,2,30 Strips | 60 Strips,"General Health,Immunity,Energy,Absorption"
PROD-293,Vegan Omega-3 Algae Oil DHA+EPA Capsules,vegan-omega-3-algae-oil-dha-epa-capsules,Carbamide Forte,Omega-3,Heart Health,Algae-derived DHA 300mg and EPA 150mg. Vegan alternative to fish oil.,"Carbamide Forte Vegan Omega-3 is derived from marine microalgae — the original source from which fish get their Omega-3. Each softgel provides 300mg DHA and 150mg EPA directly from algae, bypassing fish entirely. Same cardiovascular, brain, and anti-inflammatory benefits with no fish taste or environmental concerns.",draft,293,General Fitness,"Heart Health,Brain Health,Vegan,Anti-inflammatory","vegan omega 3,algae oil,dha,epa,carbamide forte,plant-based omega",https://vtiplvmddgjfcruqrvvb.supabase.co/storage/v1/object/sign/PRODUCT%20IMAGES%20BUCKET/omega.webp?token=eyJraWQiOiJmZTRiZGQ2Yy0zZDI4LTRhODUtYTc1My1lYjc4NjhlNDU5OGEiLCJhbGciOiJIUzI1NiJ9.eyJ1cmwiOiJQUk9EVUNUIElNQUdFUyBCVUNLRVQvb21lZ2Eud2VicCIsInNjb3BlIjoiZG93bmxvYWQiLCJpYXQiOjE3ODc2OTc3NzksImV4cCI6MjEwMzA1Nzc3OX0.UFuPdrR6CK8Oh_YWYga4FG9tV9V01JuIU8-g1rPZaEM,,,,,1 Softgel,0,10,0,0,1,0,0,0,Take 1 softgel daily with a meal for best absorption.,"Algae Oil (Schizochytrium sp.) providing DHA 300mg, EPA 150mg, Sunflower Oil, Gelatin-Free Capsule Shell (Carrageenan, Starch)","Vegan. Free from fish and shellfish. Store in a cool, dark place.",VAR-293-01,CF-VOG-120SG,120 Softgels,120 Softgels,,,active,1799,2199,0,5,TRUE,2026-08-23T17:59:48Z,2026-08-23T17:59:48Z,2,120 Softgels | 60 Softgels,"Heart Health,Brain Health,Vegan,Anti-inflammatory"
PROD-293,Vegan Omega-3 Algae Oil DHA+EPA Capsules,vegan-omega-3-algae-oil-dha-epa-capsules,Carbamide Forte,Omega-3,Heart Health,Algae-derived DHA 300mg and EPA 150mg. Vegan alternative to fish oil.,"Carbamide Forte Vegan Omega-3 is derived from marine microalgae — the original source from which fish get their Omega-3. Each softgel provides 300mg DHA and 150mg EPA directly from algae, bypassing fish entirely. Same cardiovascular, brain, and anti-inflammatory benefits with no fish taste or environmental concerns.",draft,293,General Fitness,"Heart Health,Brain Health,Vegan,Anti-inflammatory","vegan omega 3,algae oil,dha,epa,carbamide forte,plant-based omega",https://vtiplvmddgjfcruqrvvb.supabase.co/storage/v1/object/sign/PRODUCT%20IMAGES%20BUCKET/omega.webp?token=eyJraWQiOiJmZTRiZGQ2Yy0zZDI4LTRhODUtYTc1My1lYjc4NjhlNDU5OGEiLCJhbGciOiJIUzI1NiJ9.eyJ1cmwiOiJQUk9EVUNUIElNQUdFUyBCVUNLRVQvb21lZ2Eud2VicCIsInNjb3BlIjoiZG93bmxvYWQiLCJpYXQiOjE3ODc2OTc3NzksImV4cCI6MjEwMzA1Nzc3OX0.UFuPdrR6CK8Oh_YWYga4FG9tV9V01JuIU8-g1rPZaEM,,,,,1 Softgel,0,10,0,0,1,0,0,0,Take 1 softgel daily with a meal for best absorption.,"Algae Oil (Schizochytrium sp.) providing DHA 300mg, EPA 150mg, Sunflower Oil, Gelatin-Free Capsule Shell (Carrageenan, Starch)","Vegan. Free from fish and shellfish. Store in a cool, dark place.",VAR-293-02,CF-VOG-60SG,60 Softgels,60 Softgels,,,active,1099,1399,0,5,FALSE,2026-08-23T17:59:48Z,2026-08-23T17:59:48Z,2,120 Softgels | 60 Softgels,"Heart Health,Brain Health,Vegan,Anti-inflammatory"
PROD-294,Omega-3 Fish Oil 1000mg Capsules,omega-3-fish-oil-1000mg-capsules,Himalayan Organics,Omega-3,Heart Health,1000mg fish oil with 180mg EPA and 120mg DHA per softgel. Supports heart and brain health.,"Himalayan Organics Omega-3 Fish Oil provides high-purity, molecularly distilled fish oil with 300mg of combined EPA and DHA per softgel. Supports cardiovascular health, brain function, joint mobility, and reduces inflammation. Enteric-coated to prevent fishy burps.",draft,294,General Fitness,"Heart Health,Brain Health,Joint Support,Anti-inflammatory","omega 3,fish oil,epa,dha,heart health,himalayan organics",https://vtiplvmddgjfcruqrvvb.supabase.co/storage/v1/object/sign/PRODUCT%20IMAGES%20BUCKET/omega.webp?token=eyJraWQiOiJmZTRiZGQ2Yy0zZDI4LTRhODUtYTc1My1lYjc4NjhlNDU5OGEiLCJhbGciOiJIUzI1NiJ9.eyJ1cmwiOiJQUk9EVUNUIElNQUdFUyBCVUNLRVQvb21lZ2Eud2VicCIsInNjb3BlIjoiZG93bmxvYWQiLCJpYXQiOjE3ODc2OTc3NzksImV4cCI6MjEwMzA1Nzc3OX0.UFuPdrR6CK8Oh_YWYga4FG9tV9V01JuIU8-g1rPZaEM,,,,,1 Softgel (1000mg),1,9,0,0,1,0,0,0,Take 1–2 softgels daily with meals. Best taken with food to improve absorption and reduce fishy aftertaste.,"Fish Oil Concentrate (Anchovy, Mackerel, Sardine), Gelatin Capsule Shell, Glycerin, Purified Water",Contains fish. Not suitable for pescatarians or vegans. Consult physician if on blood thinners.,VAR-294-01,HO-OMG3-120SG,120 Softgels,120 Softgels,,,active,999,1299,0,5,TRUE,2026-08-23T17:59:48Z,2026-08-23T17:59:48Z,3,120 Softgels | 240 Softgels | 60 Softgels,"Heart Health,Brain Health,Joint Support,Anti-inflammatory"
PROD-294,Omega-3 Fish Oil 1000mg Capsules,omega-3-fish-oil-1000mg-capsules,Himalayan Organics,Omega-3,Heart Health,1000mg fish oil with 180mg EPA and 120mg DHA per softgel. Supports heart and brain health.,"Himalayan Organics Omega-3 Fish Oil provides high-purity, molecularly distilled fish oil with 300mg of combined EPA and DHA per softgel. Supports cardiovascular health, brain function, joint mobility, and reduces inflammation. Enteric-coated to prevent fishy burps.",draft,294,General Fitness,"Heart Health,Brain Health,Joint Support,Anti-inflammatory","omega 3,fish oil,epa,dha,heart health,himalayan organics",https://vtiplvmddgjfcruqrvvb.supabase.co/storage/v1/object/sign/PRODUCT%20IMAGES%20BUCKET/omega.webp?token=eyJraWQiOiJmZTRiZGQ2Yy0zZDI4LTRhODUtYTc1My1lYjc4NjhlNDU5OGEiLCJhbGciOiJIUzI1NiJ9.eyJ1cmwiOiJQUk9EVUNUIElNQUdFUyBCVUNLRVQvb21lZ2Eud2VicCIsInNjb3BlIjoiZG93bmxvYWQiLCJpYXQiOjE3ODc2OTc3NzksImV4cCI6MjEwMzA1Nzc3OX0.UFuPdrR6CK8Oh_YWYga4FG9tV9V01JuIU8-g1rPZaEM,,,,,1 Softgel (1000mg),1,9,0,0,1,0,0,0,Take 1–2 softgels daily with meals. Best taken with food to improve absorption and reduce fishy aftertaste.,"Fish Oil Concentrate (Anchovy, Mackerel, Sardine), Gelatin Capsule Shell, Glycerin, Purified Water",Contains fish. Not suitable for pescatarians or vegans. Consult physician if on blood thinners.,VAR-294-02,HO-OMG3-240SG,240 Softgels,240 Softgels,,,active,1799,2199,0,5,FALSE,2026-08-23T17:59:48Z,2026-08-23T17:59:48Z,3,120 Softgels | 240 Softgels | 60 Softgels,"Heart Health,Brain Health,Joint Support,Anti-inflammatory"
PROD-294,Omega-3 Fish Oil 1000mg Capsules,omega-3-fish-oil-1000mg-capsules,Himalayan Organics,Omega-3,Heart Health,1000mg fish oil with 180mg EPA and 120mg DHA per softgel. Supports heart and brain health.,"Himalayan Organics Omega-3 Fish Oil provides high-purity, molecularly distilled fish oil with 300mg of combined EPA and DHA per softgel. Supports cardiovascular health, brain function, joint mobility, and reduces inflammation. Enteric-coated to prevent fishy burps.",draft,294,General Fitness,"Heart Health,Brain Health,Joint Support,Anti-inflammatory","omega 3,fish oil,epa,dha,heart health,himalayan organics",https://vtiplvmddgjfcruqrvvb.supabase.co/storage/v1/object/sign/PRODUCT%20IMAGES%20BUCKET/omega.webp?token=eyJraWQiOiJmZTRiZGQ2Yy0zZDI4LTRhODUtYTc1My1lYjc4NjhlNDU5OGEiLCJhbGciOiJIUzI1NiJ9.eyJ1cmwiOiJQUk9EVUNUIElNQUdFUyBCVUNLRVQvb21lZ2Eud2VicCIsInNjb3BlIjoiZG93bmxvYWQiLCJpYXQiOjE3ODc2OTc3NzksImV4cCI6MjEwMzA1Nzc3OX0.UFuPdrR6CK8Oh_YWYga4FG9tV9V01JuIU8-g1rPZaEM,,,,,1 Softgel (1000mg),1,9,0,0,1,0,0,0,Take 1–2 softgels daily with meals. Best taken with food to improve absorption and reduce fishy aftertaste.,"Fish Oil Concentrate (Anchovy, Mackerel, Sardine), Gelatin Capsule Shell, Glycerin, Purified Water",Contains fish. Not suitable for pescatarians or vegans. Consult physician if on blood thinners.,VAR-294-03,HO-OMG3-60SG,60 Softgels,60 Softgels,,,active,599,799,0,5,FALSE,2026-08-23T17:59:48Z,2026-08-23T17:59:48Z,3,120 Softgels | 240 Softgels | 60 Softgels,"Heart Health,Brain Health,Joint Support,Anti-inflammatory"
PROD-295,Pure Himalayan Shilajit Resin,pure-himalayan-shilajit-resin,Dabur,Ayurvedic & Herbal,Ayurvedic & Herbal,500mg pure Himalayan shilajit resin with 50%+ fulvic acid. Supports energy and vitality.,"Dabur Pure Himalayan Shilajit is a premium grade resin extracted from high-altitude Himalayan rocks and purified using traditional Ayurvedic processes. Contains 50%+ fulvic acid along with 85+ trace minerals. Supports energy metabolism, testosterone levels, cognitive function, and overall vitality.",draft,295,General Fitness,"Energy,Testosterone Support,Cognitive Health,Ayurvedic,Men's Health","shilajit,dabur,himalayan,fulvic acid,ayurvedic,testosterone,energy",https://vtiplvmddgjfcruqrvvb.supabase.co/storage/v1/object/sign/PRODUCT%20IMAGES%20BUCKET/herbal.webp?token=eyJraWQiOiJmZTRiZGQ2Yy0zZDI4LTRhODUtYTc1My1lYjc4NjhlNDU5OGEiLCJhbGciOiJIUzI1NiJ9.eyJ1cmwiOiJQUk9EVUNUIElNQUdFUyBCVUNLRVQvaGVyYmFsLndlYnAiLCJzY29wZSI6ImRvd25sb2FkIiwiaWF0IjoxNzg3Njk2ODczLCJleHAiOjIxMDMwNTY4NzN9.-2bX-KgizgHzRfgdIVSgsiF0Fuot4UtYXBneatiuXwk,,,,,250mg (pea-sized amount),0,0,0,0,0,0,0,5,Take a pea-sized amount (250–500mg) dissolved in warm milk or water twice daily. Avoid tap water.,"Purified Himalayan Shilajit Resin (Asphaltum punjabianum), Fulvic Acid 50%+","Consult physician before use if you have gout, kidney stones, or high iron levels. Not for women during pregnancy.",VAR-295-01,DAB-SHJ-20G,20g Resin,20g,,,active,999,1299,0,5,TRUE,2026-08-23T17:59:48Z,2026-08-23T17:59:48Z,2,20g Resin | 40g Resin,"Energy,Testosterone Support,Cognitive Health,Ayurvedic,Men's Health"
PROD-295,Pure Himalayan Shilajit Resin,pure-himalayan-shilajit-resin,Dabur,Ayurvedic & Herbal,Ayurvedic & Herbal,500mg pure Himalayan shilajit resin with 50%+ fulvic acid. Supports energy and vitality.,"Dabur Pure Himalayan Shilajit is a premium grade resin extracted from high-altitude Himalayan rocks and purified using traditional Ayurvedic processes. Contains 50%+ fulvic acid along with 85+ trace minerals. Supports energy metabolism, testosterone levels, cognitive function, and overall vitality.",draft,295,General Fitness,"Energy,Testosterone Support,Cognitive Health,Ayurvedic,Men's Health","shilajit,dabur,himalayan,fulvic acid,ayurvedic,testosterone,energy",https://vtiplvmddgjfcruqrvvb.supabase.co/storage/v1/object/sign/PRODUCT%20IMAGES%20BUCKET/herbal.webp?token=eyJraWQiOiJmZTRiZGQ2Yy0zZDI4LTRhODUtYTc1My1lYjc4NjhlNDU5OGEiLCJhbGciOiJIUzI1NiJ9.eyJ1cmwiOiJQUk9EVUNUIElNQUdFUyBCVUNLRVQvaGVyYmFsLndlYnAiLCJzY29wZSI6ImRvd25sb2FkIiwiaWF0IjoxNzg3Njk2ODczLCJleHAiOjIxMDMwNTY4NzN9.-2bX-KgizgHzRfgdIVSgsiF0Fuot4UtYXBneatiuXwk,,,,,250mg (pea-sized amount),0,0,0,0,0,0,0,5,Take a pea-sized amount (250–500mg) dissolved in warm milk or water twice daily. Avoid tap water.,"Purified Himalayan Shilajit Resin (Asphaltum punjabianum), Fulvic Acid 50%+","Consult physician before use if you have gout, kidney stones, or high iron levels. Not for women during pregnancy.",VAR-295-02,DAB-SHJ-40G,40g Resin,40g,,,active,1799,2199,0,5,FALSE,2026-08-23T17:59:48Z,2026-08-23T17:59:48Z,2,20g Resin | 40g Resin,"Energy,Testosterone Support,Cognitive Health,Ayurvedic,Men's Health"
PROD-296,KSM-66 Ashwagandha Root Extract Capsules,ksm-66-ashwagandha-root-extract-capsules,Himalayan Organics,Ayurvedic & Herbal,Ayurvedic & Herbal,"600mg KSM-66 ashwagandha per serving. Clinically studied for stress, strength and stamina.","Himalayan Organics KSM-66 Ashwagandha uses the highest concentration, full-spectrum root extract of ashwagandha available today. Clinically proven to reduce cortisol by 27.9%, improve strength by 1.5x, and support sexual health. Each capsule delivers 600mg of pure KSM-66® — the world's most researched ashwagandha.",draft,296,General Fitness,"Stress Relief,Strength,Stamina,Testosterone Support","ashwagandha,ksm-66,adaptogen,stress relief,cortisol,testosterone",https://vtiplvmddgjfcruqrvvb.supabase.co/storage/v1/object/sign/PRODUCT%20IMAGES%20BUCKET/herbal.webp?token=eyJraWQiOiJmZTRiZGQ2Yy0zZDI4LTRhODUtYTc1My1lYjc4NjhlNDU5OGEiLCJhbGciOiJIUzI1NiJ9.eyJ1cmwiOiJQUk9EVUNUIElNQUdFUyBCVUNLRVQvaGVyYmFsLndlYnAiLCJzY29wZSI6ImRvd25sb2FkIiwiaWF0IjoxNzg3Njk2ODczLCJleHAiOjIxMDMwNTY4NzN9.-2bX-KgizgHzRfgdIVSgsiF0Fuot4UtYXBneatiuXwk,,,,,1 Capsule,0,0,0,0,0,0,0,0,Take 1 capsule twice daily after meals with water. Consult a physician for prolonged use.,"KSM-66® Ashwagandha Root Extract (Withania somnifera) 600mg, HPMC Vegetarian Capsule Shell",Consult physician before use if you have thyroid disorder or autoimmune disease. Not for use during pregnancy.,VAR-296-01,HO-ASH-120CAP,120 Capsules / 120 Servings,120 Capsules,,,active,1399,1799,0,5,TRUE,2026-08-23T17:59:48Z,2026-08-23T17:59:48Z,2,120 Capsules / 120 Servings | 60 Capsules / 60 Servings,"Stress Relief,Strength,Stamina,Testosterone Support"
PROD-296,KSM-66 Ashwagandha Root Extract Capsules,ksm-66-ashwagandha-root-extract-capsules,Himalayan Organics,Ayurvedic & Herbal,Ayurvedic & Herbal,"600mg KSM-66 ashwagandha per serving. Clinically studied for stress, strength and stamina.","Himalayan Organics KSM-66 Ashwagandha uses the highest concentration, full-spectrum root extract of ashwagandha available today. Clinically proven to reduce cortisol by 27.9%, improve strength by 1.5x, and support sexual health. Each capsule delivers 600mg of pure KSM-66® — the world's most researched ashwagandha.",draft,296,General Fitness,"Stress Relief,Strength,Stamina,Testosterone Support","ashwagandha,ksm-66,adaptogen,stress relief,cortisol,testosterone",https://vtiplvmddgjfcruqrvvb.supabase.co/storage/v1/object/sign/PRODUCT%20IMAGES%20BUCKET/herbal.webp?token=eyJraWQiOiJmZTRiZGQ2Yy0zZDI4LTRhODUtYTc1My1lYjc4NjhlNDU5OGEiLCJhbGciOiJIUzI1NiJ9.eyJ1cmwiOiJQUk9EVUNUIElNQUdFUyBCVUNLRVQvaGVyYmFsLndlYnAiLCJzY29wZSI6ImRvd25sb2FkIiwiaWF0IjoxNzg3Njk2ODczLCJleHAiOjIxMDMwNTY4NzN9.-2bX-KgizgHzRfgdIVSgsiF0Fuot4UtYXBneatiuXwk,,,,,1 Capsule,0,0,0,0,0,0,0,0,Take 1 capsule twice daily after meals with water. Consult a physician for prolonged use.,"KSM-66® Ashwagandha Root Extract (Withania somnifera) 600mg, HPMC Vegetarian Capsule Shell",Consult physician before use if you have thyroid disorder or autoimmune disease. Not for use during pregnancy.,VAR-296-02,HO-ASH-60CAP,60 Capsules / 60 Servings,60 Capsules,,,active,799,999,0,5,FALSE,2026-08-23T17:59:48Z,2026-08-23T17:59:48Z,2,120 Capsules / 120 Servings | 60 Capsules / 60 Servings,"Stress Relief,Strength,Stamina,Testosterone Support"
PROD-297,Triphala Churna Powder Organic,triphala-churna-powder-organic,Patanjali,Ayurvedic & Herbal,Ayurvedic & Herbal,"Classical ayurvedic trifruit blend. Supports digestion, detox, and immune health.","Patanjali Organic Triphala Churna is the time-tested Ayurvedic formulation made from equal parts of Amalaki, Bibhitaki, and Haritaki — three powerful fruits that together support digestive health, gentle detoxification, liver function, and immunity. Traditionally used for centuries in Indian medicine.",draft,297,General Fitness,"Gut Health,Detox,Immunity,Ayurvedic","triphala,patanjali,ayurvedic,digestion,detox,amalaki,organic",https://vtiplvmddgjfcruqrvvb.supabase.co/storage/v1/object/sign/PRODUCT%20IMAGES%20BUCKET/herbal.webp?token=eyJraWQiOiJmZTRiZGQ2Yy0zZDI4LTRhODUtYTc1My1lYjc4NjhlNDU5OGEiLCJhbGciOiJIUzI1NiJ9.eyJ1cmwiOiJQUk9EVUNUIElNQUdFUyBCVUNLRVQvaGVyYmFsLndlYnAiLCJzY29wZSI6ImRvd25sb2FkIiwiaWF0IjoxNzg3Njk2ODczLCJleHAiOjIxMDMwNTY4NzN9.-2bX-KgizgHzRfgdIVSgsiF0Fuot4UtYXBneatiuXwk,,,,,1 Teaspoon (5g),5,20,0,5,0,0,0,1,"Mix 1 teaspoon in warm water before bed, or take with honey in the morning.","Organic Amalaki (Emblica officinalis), Organic Bibhitaki (Terminalia bellirica), Organic Haritaki (Terminalia chebula)",Vegan. Not for use during pregnancy without physician guidance. May cause loose stools at higher doses.,VAR-297-01,PAT-TRI-100,100g Pouch,100g,,,active,129,169,0,5,TRUE,2026-08-23T17:59:48Z,2026-08-23T17:59:48Z,2,100g Pouch | 500g Pouch,"Gut Health,Detox,Immunity,Ayurvedic"
PROD-297,Triphala Churna Powder Organic,triphala-churna-powder-organic,Patanjali,Ayurvedic & Herbal,Ayurvedic & Herbal,"Classical ayurvedic trifruit blend. Supports digestion, detox, and immune health.","Patanjali Organic Triphala Churna is the time-tested Ayurvedic formulation made from equal parts of Amalaki, Bibhitaki, and Haritaki — three powerful fruits that together support digestive health, gentle detoxification, liver function, and immunity. Traditionally used for centuries in Indian medicine.",draft,297,General Fitness,"Gut Health,Detox,Immunity,Ayurvedic","triphala,patanjali,ayurvedic,digestion,detox,amalaki,organic",https://vtiplvmddgjfcruqrvvb.supabase.co/storage/v1/object/sign/PRODUCT%20IMAGES%20BUCKET/herbal.webp?token=eyJraWQiOiJmZTRiZGQ2Yy0zZDI4LTRhODUtYTc1My1lYjc4NjhlNDU5OGEiLCJhbGciOiJIUzI1NiJ9.eyJ1cmwiOiJQUk9EVUNUIElNQUdFUyBCVUNLRVQvaGVyYmFsLndlYnAiLCJzY29wZSI6ImRvd25sb2FkIiwiaWF0IjoxNzg3Njk2ODczLCJleHAiOjIxMDMwNTY4NzN9.-2bX-KgizgHzRfgdIVSgsiF0Fuot4UtYXBneatiuXwk,,,,,1 Teaspoon (5g),5,20,0,5,0,0,0,1,"Mix 1 teaspoon in warm water before bed, or take with honey in the morning.","Organic Amalaki (Emblica officinalis), Organic Bibhitaki (Terminalia bellirica), Organic Haritaki (Terminalia chebula)",Vegan. Not for use during pregnancy without physician guidance. May cause loose stools at higher doses.,VAR-297-02,PAT-TRI-500,500g Pouch,500g,,,active,449,569,0,5,FALSE,2026-08-23T17:59:48Z,2026-08-23T17:59:48Z,2,100g Pouch | 500g Pouch,"Gut Health,Detox,Immunity,Ayurvedic"
PROD-298,Curcumin with Bioperine 1300mg,curcumin-with-bioperine-1300mg,Vihado,Ayurvedic & Herbal,Ayurvedic & Herbal,1300mg turmeric curcumin with BioPerine for 2000% better absorption. Anti-inflammatory.,"Vihado Curcumin with BioPerine combines 1300mg of high-potency turmeric extract (95% curcuminoids) with black pepper extract (BioPerine®) to enhance absorption by up to 2000%. Supports joint health, reduces inflammation, provides antioxidant protection, and supports liver health.",draft,298,General Fitness,"Anti-inflammatory,Joint Health,Antioxidants,Liver Health","curcumin,turmeric,bioperine,anti-inflammatory,joint health,vihado",https://vtiplvmddgjfcruqrvvb.supabase.co/storage/v1/object/sign/PRODUCT%20IMAGES%20BUCKET/herbal.webp?token=eyJraWQiOiJmZTRiZGQ2Yy0zZDI4LTRhODUtYTc1My1lYjc4NjhlNDU5OGEiLCJhbGciOiJIUzI1NiJ9.eyJ1cmwiOiJQUk9EVUNUIElNQUdFUyBCVUNLRVQvaGVyYmFsLndlYnAiLCJzY29wZSI6ImRvd25sb2FkIiwiaWF0IjoxNzg3Njk2ODczLCJleHAiOjIxMDMwNTY4NzN9.-2bX-KgizgHzRfgdIVSgsiF0Fuot4UtYXBneatiuXwk,,,,,2 Capsules,0,10,0,0,0,0,0,0,Take 2 capsules with a meal. Best absorbed when taken with a fat-containing meal.,"Turmeric Root Extract (Curcuma longa, 95% Curcuminoids) 1200mg, Black Pepper Extract (BioPerine®) 10mg, Vegetable Cellulose Capsule",Consult physician before use if on blood thinners or diabetes medication. Not for pregnant women.,VAR-298-01,VHD-CUR-180CAP,180 Capsules / 90 Servings,180 Capsules,,,active,1199,1499,0,5,TRUE,2026-08-23T17:59:48Z,2026-08-23T17:59:48Z,2,180 Capsules / 90 Servings | 90 Capsules / 45 Servings,"Anti-inflammatory,Joint Health,Antioxidants,Liver Health"
PROD-298,Curcumin with Bioperine 1300mg,curcumin-with-bioperine-1300mg,Vihado,Ayurvedic & Herbal,Ayurvedic & Herbal,1300mg turmeric curcumin with BioPerine for 2000% better absorption. Anti-inflammatory.,"Vihado Curcumin with BioPerine combines 1300mg of high-potency turmeric extract (95% curcuminoids) with black pepper extract (BioPerine®) to enhance absorption by up to 2000%. Supports joint health, reduces inflammation, provides antioxidant protection, and supports liver health.",draft,298,General Fitness,"Anti-inflammatory,Joint Health,Antioxidants,Liver Health","curcumin,turmeric,bioperine,anti-inflammatory,joint health,vihado",https://vtiplvmddgjfcruqrvvb.supabase.co/storage/v1/object/sign/PRODUCT%20IMAGES%20BUCKET/herbal.webp?token=eyJraWQiOiJmZTRiZGQ2Yy0zZDI4LTRhODUtYTc1My1lYjc4NjhlNDU5OGEiLCJhbGciOiJIUzI1NiJ9.eyJ1cmwiOiJQUk9EVUNUIElNQUdFUyBCVUNLRVQvaGVyYmFsLndlYnAiLCJzY29wZSI6ImRvd25sb2FkIiwiaWF0IjoxNzg3Njk2ODczLCJleHAiOjIxMDMwNTY4NzN9.-2bX-KgizgHzRfgdIVSgsiF0Fuot4UtYXBneatiuXwk,,,,,2 Capsules,0,10,0,0,0,0,0,0,Take 2 capsules with a meal. Best absorbed when taken with a fat-containing meal.,"Turmeric Root Extract (Curcuma longa, 95% Curcuminoids) 1200mg, Black Pepper Extract (BioPerine®) 10mg, Vegetable Cellulose Capsule",Consult physician before use if on blood thinners or diabetes medication. Not for pregnant women.,VAR-298-02,VHD-CUR-90CAP,90 Capsules / 45 Servings,90 Capsules,,,active,699,899,0,5,FALSE,2026-08-23T17:59:48Z,2026-08-23T17:59:48Z,2,180 Capsules / 90 Servings | 90 Capsules / 45 Servings,"Anti-inflammatory,Joint Health,Antioxidants,Liver Health"
PROD-299,Sensoril Ashwagandha Stress Relief Capsules,sensoril-ashwagandha-stress-relief-capsules,WOW Life Science,Ayurvedic & Herbal,Ayurvedic & Herbal,Sensoril ashwagandha extract for daily stress management and cognitive support.,"WOW Life Science Sensoril Ashwagandha uses patented Sensoril® extract standardized to 10% withanolides — clinically proven to reduce stress, improve sleep quality, and enhance cognitive function. Non-GMO, vegetarian, and free from artificial fillers.",draft,299,General Fitness,"Stress Relief,Sleep,Cognitive Health","ashwagandha,sensoril,wow life science,stress,sleep,cognitive",https://vtiplvmddgjfcruqrvvb.supabase.co/storage/v1/object/sign/PRODUCT%20IMAGES%20BUCKET/herbal.webp?token=eyJraWQiOiJmZTRiZGQ2Yy0zZDI4LTRhODUtYTc1My1lYjc4NjhlNDU5OGEiLCJhbGciOiJIUzI1NiJ9.eyJ1cmwiOiJQUk9EVUNUIElNQUdFUyBCVUNLRVQvaGVyYmFsLndlYnAiLCJzY29wZSI6ImRvd25sb2FkIiwiaWF0IjoxNzg3Njk2ODczLCJleHAiOjIxMDMwNTY4NzN9.-2bX-KgizgHzRfgdIVSgsiF0Fuot4UtYXBneatiuXwk,,,,,1 Capsule,0,0,0,0,0,0,0,0,Take 1–2 capsules daily with meals. Best taken consistently for 4–8 weeks.,"Sensoril® Ashwagandha Root and Leaf Extract (Withania somnifera), Vegetable Cellulose Capsule",Not intended for pregnant or nursing women. Consult physician if on medication.,VAR-299-01,WLS-SEN-120CAP,120 Capsules,120 Capsules,,,active,1199,1499,0,5,TRUE,2026-08-23T17:59:48Z,2026-08-23T17:59:48Z,2,120 Capsules | 60 Capsules,"Stress Relief,Sleep,Cognitive Health"
PROD-299,Sensoril Ashwagandha Stress Relief Capsules,sensoril-ashwagandha-stress-relief-capsules,WOW Life Science,Ayurvedic & Herbal,Ayurvedic & Herbal,Sensoril ashwagandha extract for daily stress management and cognitive support.,"WOW Life Science Sensoril Ashwagandha uses patented Sensoril® extract standardized to 10% withanolides — clinically proven to reduce stress, improve sleep quality, and enhance cognitive function. Non-GMO, vegetarian, and free from artificial fillers.",draft,299,General Fitness,"Stress Relief,Sleep,Cognitive Health","ashwagandha,sensoril,wow life science,stress,sleep,cognitive",https://vtiplvmddgjfcruqrvvb.supabase.co/storage/v1/object/sign/PRODUCT%20IMAGES%20BUCKET/herbal.webp?token=eyJraWQiOiJmZTRiZGQ2Yy0zZDI4LTRhODUtYTc1My1lYjc4NjhlNDU5OGEiLCJhbGciOiJIUzI1NiJ9.eyJ1cmwiOiJQUk9EVUNUIElNQUdFUyBCVUNLRVQvaGVyYmFsLndlYnAiLCJzY29wZSI6ImRvd25sb2FkIiwiaWF0IjoxNzg3Njk2ODczLCJleHAiOjIxMDMwNTY4NzN9.-2bX-KgizgHzRfgdIVSgsiF0Fuot4UtYXBneatiuXwk,,,,,1 Capsule,0,0,0,0,0,0,0,0,Take 1–2 capsules daily with meals. Best taken consistently for 4–8 weeks.,"Sensoril® Ashwagandha Root and Leaf Extract (Withania somnifera), Vegetable Cellulose Capsule",Not intended for pregnant or nursing women. Consult physician if on medication.,VAR-299-02,WLS-SEN-60CAP,60 Capsules,60 Capsules,,,active,699,899,0,5,FALSE,2026-08-23T17:59:48Z,2026-08-23T17:59:48Z,2,120 Capsules | 60 Capsules,"Stress Relief,Sleep,Cognitive Health"
PROD-300,Vegan Collagen Builder with Vitamin C,vegan-collagen-builder-with-vitamin-c,Boldfit,Collagen,Protein,"Plant-based collagen booster with Vitamin C, Biotin, Hyaluronic Acid and Bamboo Silica.","Boldfit Vegan Collagen Builder doesn't contain collagen but instead provides all the co-factors your body needs to produce its own: Vitamin C (2000mg), Biotin, Hyaluronic Acid, Bamboo Silica, Zinc, and Copper. A smart vegan alternative to marine or bovine collagen for skin, hair, and joint health.",draft,300,General Fitness,"Beauty,Skin Health,Hair & Nails,Vegan","vegan collagen,boldfit,vitamin c,biotin,hyaluronic acid,bamboo silica",https://vtiplvmddgjfcruqrvvb.supabase.co/storage/v1/object/sign/PRODUCT%20IMAGES%20BUCKET/collagen.webp?token=eyJraWQiOiJmZTRiZGQ2Yy0zZDI4LTRhODUtYTc1My1lYjc4NjhlNDU5OGEiLCJhbGciOiJIUzI1NiJ9.eyJ1cmwiOiJQUk9EVUNUIElNQUdFUyBCVUNLRVQvY29sbGFnZW4ud2VicCIsInNjb3BlIjoiZG93bmxvYWQiLCJpYXQiOjE3ODc2OTcwMjksImV4cCI6MjEwMzA1NzAyOX0.brQeD2gp717i6B5T6oOs617vHt_K9nvJiMUcSCJCBSc,,,,,2 Tablets,0,5,0,1,0,0,0,5,Take 2 tablets daily with water after a meal. Use consistently for 2–3 months for visible results.,"Vitamin C (from L-Ascorbic Acid) 1000mg per tablet, Hyaluronic Acid, Biotin, Bamboo Silica, Zinc, Copper, HPMC Vegetable Capsule",Vegan. Do not exceed 2 tablets per day. Vitamin C at high doses may cause loose stools.,VAR-300-01,BF-VCB-120T,120 Tablets / 60 Servings,120 Tablets,,,active,1199,1499,0,5,TRUE,2026-08-23T17:59:48Z,2026-08-23T17:59:48Z,2,120 Tablets / 60 Servings | 60 Tablets / 30 Servings,"Beauty,Skin Health,Hair & Nails,Vegan"
PROD-300,Vegan Collagen Builder with Vitamin C,vegan-collagen-builder-with-vitamin-c,Boldfit,Collagen,Protein,"Plant-based collagen booster with Vitamin C, Biotin, Hyaluronic Acid and Bamboo Silica.","Boldfit Vegan Collagen Builder doesn't contain collagen but instead provides all the co-factors your body needs to produce its own: Vitamin C (2000mg), Biotin, Hyaluronic Acid, Bamboo Silica, Zinc, and Copper. A smart vegan alternative to marine or bovine collagen for skin, hair, and joint health.",draft,300,General Fitness,"Beauty,Skin Health,Hair & Nails,Vegan","vegan collagen,boldfit,vitamin c,biotin,hyaluronic acid,bamboo silica",https://vtiplvmddgjfcruqrvvb.supabase.co/storage/v1/object/sign/PRODUCT%20IMAGES%20BUCKET/collagen.webp?token=eyJraWQiOiJmZTRiZGQ2Yy0zZDI4LTRhODUtYTc1My1lYjc4NjhlNDU5OGEiLCJhbGciOiJIUzI1NiJ9.eyJ1cmwiOiJQUk9EVUNUIElNQUdFUyBCVUNLRVQvY29sbGFnZW4ud2VicCIsInNjb3BlIjoiZG93bmxvYWQiLCJpYXQiOjE3ODc2OTcwMjksImV4cCI6MjEwMzA1NzAyOX0.brQeD2gp717i6B5T6oOs617vHt_K9nvJiMUcSCJCBSc,,,,,2 Tablets,0,5,0,1,0,0,0,5,Take 2 tablets daily with water after a meal. Use consistently for 2–3 months for visible results.,"Vitamin C (from L-Ascorbic Acid) 1000mg per tablet, Hyaluronic Acid, Biotin, Bamboo Silica, Zinc, Copper, HPMC Vegetable Capsule",Vegan. Do not exceed 2 tablets per day. Vitamin C at high doses may cause loose stools.,VAR-300-02,BF-VCB-60T,60 Tablets / 30 Servings,60 Tablets,,,active,699,899,0,5,FALSE,2026-08-23T17:59:48Z,2026-08-23T17:59:48Z,2,120 Tablets / 60 Servings | 60 Tablets / 30 Servings,"Beauty,Skin Health,Hair & Nails,Vegan"
PROD-301,UC-II,uc-ii-now,NOW,Collagen,Protein,Undenatured Type II Collagen,Undenatured Type II Collagen,draft,301,General Fitness,health & wellness,"health & wellness, uc ii, now, collagen",https://vtiplvmddgjfcruqrvvb.supabase.co/storage/v1/object/sign/PRODUCT%20IMAGES%20BUCKET/collagen.webp?token=eyJraWQiOiJmZTRiZGQ2Yy0zZDI4LTRhODUtYTc1My1lYjc4NjhlNDU5OGEiLCJhbGciOiJIUzI1NiJ9.eyJ1cmwiOiJQUk9EVUNUIElNQUdFUyBCVUNLRVQvY29sbGFnZW4ud2VicCIsInNjb3BlIjoiZG93bmxvYWQiLCJpYXQiOjE3ODc2OTcwMjksImV4cCI6MjEwMzA1NzAyOX0.brQeD2gp717i6B5T6oOs617vHt_K9nvJiMUcSCJCBSc,,,,,10 g,10,35,9,0,0,0,0,20,"Use according to the product label. Store in a cool, dry place.",,Check label for allergens.,VAR-301-01,SKU-0093,10 g,10 g,,,active,1751,1961,0,5,TRUE,2026-08-23T23:05:00+05:30,2026-08-23T23:05:00+05:30,1,10 g,health & wellness
PROD-302,Marine Collagen Peptides Powder,marine-collagen-peptides-powder,OZiva,Collagen,Protein,"5000mg marine collagen with Vitamin C and hyaluronic acid. For skin, hair, joints.","OZiva Marine Collagen Peptides delivers 5000mg of hydrolyzed marine collagen along with Vitamin C, Hyaluronic Acid, and Biotin for comprehensive skin, hair, nail, and joint support. The clean formula is free from artificial colours and GMOs. India's most trusted clean nutrition brand for women.",draft,302,General Fitness,"Beauty,Skin Health,Joint Support,Hair & Nails","collagen,marine collagen,oziva,skin,hair,hyaluronic acid",https://vtiplvmddgjfcruqrvvb.supabase.co/storage/v1/object/sign/PRODUCT%20IMAGES%20BUCKET/collagen.webp?token=eyJraWQiOiJmZTRiZGQ2Yy0zZDI4LTRhODUtYTc1My1lYjc4NjhlNDU5OGEiLCJhbGciOiJIUzI1NiJ9.eyJ1cmwiOiJQUk9EVUNUIElNQUdFUyBCVUNLRVQvY29sbGFnZW4ud2VicCIsInNjb3BlIjoiZG93bmxvYWQiLCJpYXQiOjE3ODc2OTcwMjksImV4cCI6MjEwMzA1NzAyOX0.brQeD2gp717i6B5T6oOs617vHt_K9nvJiMUcSCJCBSc,,,,,1 Scoop (5g),5,20,5,0,0,0,0,30,Mix 1 scoop in 200ml warm water or juice. Take daily in the morning.,"Hydrolyzed Marine Collagen Peptides, Vitamin C (Ascorbic Acid), Hyaluronic Acid, Biotin, Rosehip Extract, Natural Flavour",Consult physician during pregnancy or nursing. Contains marine (fish-derived) ingredients.,VAR-302-01,OZV-MCOL-250-PCH,250g / 50 Servings - Peach,250g,Peach,,active,1299,1599,0,5,TRUE,2026-08-23T17:59:48Z,2026-08-23T17:59:48Z,2,250g / 50 Servings - Peach | 250g / 50 Servings - Unflavoured,"Beauty,Skin Health,Joint Support,Hair & Nails"
PROD-302,Marine Collagen Peptides Powder,marine-collagen-peptides-powder,OZiva,Collagen,Protein,"5000mg marine collagen with Vitamin C and hyaluronic acid. For skin, hair, joints.","OZiva Marine Collagen Peptides delivers 5000mg of hydrolyzed marine collagen along with Vitamin C, Hyaluronic Acid, and Biotin for comprehensive skin, hair, nail, and joint support. The clean formula is free from artificial colours and GMOs. India's most trusted clean nutrition brand for women.",draft,302,General Fitness,"Beauty,Skin Health,Joint Support,Hair & Nails","collagen,marine collagen,oziva,skin,hair,hyaluronic acid",https://vtiplvmddgjfcruqrvvb.supabase.co/storage/v1/object/sign/PRODUCT%20IMAGES%20BUCKET/collagen.webp?token=eyJraWQiOiJmZTRiZGQ2Yy0zZDI4LTRhODUtYTc1My1lYjc4NjhlNDU5OGEiLCJhbGciOiJIUzI1NiJ9.eyJ1cmwiOiJQUk9EVUNUIElNQUdFUyBCVUNLRVQvY29sbGFnZW4ud2VicCIsInNjb3BlIjoiZG93bmxvYWQiLCJpYXQiOjE3ODc2OTcwMjksImV4cCI6MjEwMzA1NzAyOX0.brQeD2gp717i6B5T6oOs617vHt_K9nvJiMUcSCJCBSc,,,,,1 Scoop (5g),5,20,5,0,0,0,0,30,Mix 1 scoop in 200ml warm water or juice. Take daily in the morning.,"Hydrolyzed Marine Collagen Peptides, Vitamin C (Ascorbic Acid), Hyaluronic Acid, Biotin, Rosehip Extract, Natural Flavour",Consult physician during pregnancy or nursing. Contains marine (fish-derived) ingredients.,VAR-302-02,OZV-MCOL-250-UNF,250g / 50 Servings - Unflavoured,250g,Unflavoured,,active,1299,1599,0,5,FALSE,2026-08-23T17:59:48Z,2026-08-23T17:59:48Z,2,250g / 50 Servings - Peach | 250g / 50 Servings - Unflavoured,"Beauty,Skin Health,Joint Support,Hair & Nails"
PROD-303,Collagen Peptides,collagen-peptides-sports-research,Sports Research,Collagen,Protein,Helps To Support Healthy Joints And Skin*,Helps To Support Healthy Joints And Skin*,draft,303,General Fitness,health & wellness,"health & wellness, collagen peptides, sports research, collagen",https://vtiplvmddgjfcruqrvvb.supabase.co/storage/v1/object/sign/PRODUCT%20IMAGES%20BUCKET/collagen.webp?token=eyJraWQiOiJmZTRiZGQ2Yy0zZDI4LTRhODUtYTc1My1lYjc4NjhlNDU5OGEiLCJhbGciOiJIUzI1NiJ9.eyJ1cmwiOiJQUk9EVUNUIElNQUdFUyBCVUNLRVQvY29sbGFnZW4ud2VicCIsInNjb3BlIjoiZG93bmxvYWQiLCJpYXQiOjE3ODc2OTcwMjksImV4cCI6MjEwMzA1NzAyOX0.brQeD2gp717i6B5T6oOs617vHt_K9nvJiMUcSCJCBSc,,,,,10 g,10,35,9,0,0,0,0,20,"Use according to the product label. Store in a cool, dry place.",,Check label for allergens.,VAR-303-01,SKU-0090,10 g,10 g,,,active,2765,3097,0,5,TRUE,2026-08-23T23:05:00+05:30,2026-08-23T23:05:00+05:30,1,10 g,health & wellness
PROD-304,Hydrate+ Electrolyte Drink Mix,hydrate-electrolyte-drink-mix,Fast&Up,Electrolytes & Hydration,Hydration,"Effervescent electrolyte tablet with sodium, potassium, and magnesium. Zero sugar hydration.","Fast&Up Hydrate is an advanced hydration solution with the perfect balance of electrolytes including sodium, potassium, magnesium, and calcium. Formulated for rapid hydration before, during, or after exercise. Effervescent format ensures fast dissolution and better absorption than powder mixes.",draft,304,General Fitness,"Hydration,Endurance,Recovery,Sports Drink","electrolytes,hydration,fast&up,sodium,potassium,effervescent",https://vtiplvmddgjfcruqrvvb.supabase.co/storage/v1/object/sign/PRODUCT%20IMAGES%20BUCKET/electrolytes.webp?token=eyJraWQiOiJmZTRiZGQ2Yy0zZDI4LTRhODUtYTc1My1lYjc4NjhlNDU5OGEiLCJhbGciOiJIUzI1NiJ9.eyJ1cmwiOiJQUk9EVUNUIElNQUdFUyBCVUNLRVQvZWxlY3Ryb2x5dGVzLndlYnAiLCJzY29wZSI6ImRvd25sb2FkIiwiaWF0IjoxNzg3Njk3NDI3LCJleHAiOjIxMDMwNTc0Mjd9.sVBFNybvowL0aB1I-VjlrKaXYtYEP2N9sr-Pgf0LrfE,,,,,1 Tablet in 250ml water,0,10,0,2,0,0,1,300,"Drop 1 tablet in 250ml water, allow it to dissolve completely and drink immediately. Take before, during, or after workout.","Sodium Bicarbonate, Citric Acid, Potassium Chloride, Magnesium Sulphate, Calcium Carbonate, Dextrose, Vitamin C, Natural Flavour, Sucralose",Do not use if foil seal is broken. Not for children under 12.,VAR-304-01,FU-HYD-20-LMN,20 Tablets - Lemon,20 Tablets,Lemon,,active,299,399,0,5,TRUE,2026-08-23T17:59:48Z,2026-08-23T17:59:48Z,3,20 Tablets - Lemon | 20 Tablets - Watermelon | 40 Tablets - Watermelon,"Hydration,Endurance,Recovery,Sports Drink"
PROD-304,Hydrate+ Electrolyte Drink Mix,hydrate-electrolyte-drink-mix,Fast&Up,Electrolytes & Hydration,Hydration,"Effervescent electrolyte tablet with sodium, potassium, and magnesium. Zero sugar hydration.","Fast&Up Hydrate is an advanced hydration solution with the perfect balance of electrolytes including sodium, potassium, magnesium, and calcium. Formulated for rapid hydration before, during, or after exercise. Effervescent format ensures fast dissolution and better absorption than powder mixes.",draft,304,General Fitness,"Hydration,Endurance,Recovery,Sports Drink","electrolytes,hydration,fast&up,sodium,potassium,effervescent",https://vtiplvmddgjfcruqrvvb.supabase.co/storage/v1/object/sign/PRODUCT%20IMAGES%20BUCKET/electrolytes.webp?token=eyJraWQiOiJmZTRiZGQ2Yy0zZDI4LTRhODUtYTc1My1lYjc4NjhlNDU5OGEiLCJhbGciOiJIUzI1NiJ9.eyJ1cmwiOiJQUk9EVUNUIElNQUdFUyBCVUNLRVQvZWxlY3Ryb2x5dGVzLndlYnAiLCJzY29wZSI6ImRvd25sb2FkIiwiaWF0IjoxNzg3Njk3NDI3LCJleHAiOjIxMDMwNTc0Mjd9.sVBFNybvowL0aB1I-VjlrKaXYtYEP2N9sr-Pgf0LrfE,,,,,1 Tablet in 250ml water,0,10,0,2,0,0,1,300,"Drop 1 tablet in 250ml water, allow it to dissolve completely and drink immediately. Take before, during, or after workout.","Sodium Bicarbonate, Citric Acid, Potassium Chloride, Magnesium Sulphate, Calcium Carbonate, Dextrose, Vitamin C, Natural Flavour, Sucralose",Do not use if foil seal is broken. Not for children under 12.,VAR-304-02,FU-HYD-20-WM,20 Tablets - Watermelon,20 Tablets,Watermelon,,active,299,399,0,5,FALSE,2026-08-23T17:59:48Z,2026-08-23T17:59:48Z,3,20 Tablets - Lemon | 20 Tablets - Watermelon | 40 Tablets - Watermelon,"Hydration,Endurance,Recovery,Sports Drink"
PROD-304,Hydrate+ Electrolyte Drink Mix,hydrate-electrolyte-drink-mix,Fast&Up,Electrolytes & Hydration,Hydration,"Effervescent electrolyte tablet with sodium, potassium, and magnesium. Zero sugar hydration.","Fast&Up Hydrate is an advanced hydration solution with the perfect balance of electrolytes including sodium, potassium, magnesium, and calcium. Formulated for rapid hydration before, during, or after exercise. Effervescent format ensures fast dissolution and better absorption than powder mixes.",draft,304,General Fitness,"Hydration,Endurance,Recovery,Sports Drink","electrolytes,hydration,fast&up,sodium,potassium,effervescent",https://vtiplvmddgjfcruqrvvb.supabase.co/storage/v1/object/sign/PRODUCT%20IMAGES%20BUCKET/electrolytes.webp?token=eyJraWQiOiJmZTRiZGQ2Yy0zZDI4LTRhODUtYTc1My1lYjc4NjhlNDU5OGEiLCJhbGciOiJIUzI1NiJ9.eyJ1cmwiOiJQUk9EVUNUIElNQUdFUyBCVUNLRVQvZWxlY3Ryb2x5dGVzLndlYnAiLCJzY29wZSI6ImRvd25sb2FkIiwiaWF0IjoxNzg3Njk3NDI3LCJleHAiOjIxMDMwNTc0Mjd9.sVBFNybvowL0aB1I-VjlrKaXYtYEP2N9sr-Pgf0LrfE,,,,,1 Tablet in 250ml water,0,10,0,2,0,0,1,300,"Drop 1 tablet in 250ml water, allow it to dissolve completely and drink immediately. Take before, during, or after workout.","Sodium Bicarbonate, Citric Acid, Potassium Chloride, Magnesium Sulphate, Calcium Carbonate, Dextrose, Vitamin C, Natural Flavour, Sucralose",Do not use if foil seal is broken. Not for children under 12.,VAR-304-03,FU-HYD-40-WM,40 Tablets - Watermelon,40 Tablets,Watermelon,,active,549,699,0,5,FALSE,2026-08-23T17:59:48Z,2026-08-23T17:59:48Z,3,20 Tablets - Lemon | 20 Tablets - Watermelon | 40 Tablets - Watermelon,"Hydration,Endurance,Recovery,Sports Drink"
PROD-305,Gatorade Sports Drink Thirst Quencher,gatorade-sports-drink-thirst-quencher,Gatorade,Electrolytes & Hydration,Hydration,Electrolyte sports drink with sodium and potassium. Replenishes what sweat takes out.,"Gatorade Thirst Quencher is the world's most researched sports drink, formulated with the right mix of carbohydrates and electrolytes (sodium, potassium) to help active people rehydrate and refuel during exercise. Used by professional athletes worldwide for over 50 years.",draft,305,General Fitness,"Hydration,Endurance,Sports Performance,Electrolytes","gatorade,sports drink,electrolytes,sodium,potassium,hydration,endurance",https://vtiplvmddgjfcruqrvvb.supabase.co/storage/v1/object/sign/PRODUCT%20IMAGES%20BUCKET/electrolytes.webp?token=eyJraWQiOiJmZTRiZGQ2Yy0zZDI4LTRhODUtYTc1My1lYjc4NjhlNDU5OGEiLCJhbGciOiJIUzI1NiJ9.eyJ1cmwiOiJQUk9EVUNUIElNQUdFUyBCVUNLRVQvZWxlY3Ryb2x5dGVzLndlYnAiLCJzY29wZSI6ImRvd25sb2FkIiwiaWF0IjoxNzg3Njk3NDI3LCJleHAiOjIxMDMwNTc0Mjd9.sVBFNybvowL0aB1I-VjlrKaXYtYEP2N9sr-Pgf0LrfE,,,,,1 Bottle (500ml),500,140,0,34,0,34,0,270,"Drink 1 bottle before, during, or after physical activity. Shake well before consumption.","Water, Sugar, Dextrose, Citric Acid, Salt (Sodium Chloride), Sodium Citrate, Monopotassium Phosphate, Natural Flavour, Colour (E104, E131)",High in sugar. Not recommended for non-active consumption or diabetics without medical advice.,VAR-305-01,GAT-TD-6-LL,Pack of 6 - Lemon Lime,6x500ml,Lemon Lime,,active,549,699,0,5,TRUE,2026-08-23T17:59:48Z,2026-08-23T17:59:48Z,3,Pack of 6 - Lemon Lime | Single Bottle 500ml - Fruit Punch | Single Bottle 500ml - Lemon Lime,"Hydration,Endurance,Sports Performance,Electrolytes"
PROD-305,Gatorade Sports Drink Thirst Quencher,gatorade-sports-drink-thirst-quencher,Gatorade,Electrolytes & Hydration,Hydration,Electrolyte sports drink with sodium and potassium. Replenishes what sweat takes out.,"Gatorade Thirst Quencher is the world's most researched sports drink, formulated with the right mix of carbohydrates and electrolytes (sodium, potassium) to help active people rehydrate and refuel during exercise. Used by professional athletes worldwide for over 50 years.",draft,305,General Fitness,"Hydration,Endurance,Sports Performance,Electrolytes","gatorade,sports drink,electrolytes,sodium,potassium,hydration,endurance",https://vtiplvmddgjfcruqrvvb.supabase.co/storage/v1/object/sign/PRODUCT%20IMAGES%20BUCKET/electrolytes.webp?token=eyJraWQiOiJmZTRiZGQ2Yy0zZDI4LTRhODUtYTc1My1lYjc4NjhlNDU5OGEiLCJhbGciOiJIUzI1NiJ9.eyJ1cmwiOiJQUk9EVUNUIElNQUdFUyBCVUNLRVQvZWxlY3Ryb2x5dGVzLndlYnAiLCJzY29wZSI6ImRvd25sb2FkIiwiaWF0IjoxNzg3Njk3NDI3LCJleHAiOjIxMDMwNTc0Mjd9.sVBFNybvowL0aB1I-VjlrKaXYtYEP2N9sr-Pgf0LrfE,,,,,1 Bottle (500ml),500,140,0,34,0,34,0,270,"Drink 1 bottle before, during, or after physical activity. Shake well before consumption.","Water, Sugar, Dextrose, Citric Acid, Salt (Sodium Chloride), Sodium Citrate, Monopotassium Phosphate, Natural Flavour, Colour (E104, E131)",High in sugar. Not recommended for non-active consumption or diabetics without medical advice.,VAR-305-02,GAT-TD-1-FP,Single Bottle 500ml - Fruit Punch,500ml,Fruit Punch,,active,99,129,0,5,FALSE,2026-08-23T17:59:48Z,2026-08-23T17:59:48Z,3,Pack of 6 - Lemon Lime | Single Bottle 500ml - Fruit Punch | Single Bottle 500ml - Lemon Lime,"Hydration,Endurance,Sports Performance,Electrolytes"
PROD-305,Gatorade Sports Drink Thirst Quencher,gatorade-sports-drink-thirst-quencher,Gatorade,Electrolytes & Hydration,Hydration,Electrolyte sports drink with sodium and potassium. Replenishes what sweat takes out.,"Gatorade Thirst Quencher is the world's most researched sports drink, formulated with the right mix of carbohydrates and electrolytes (sodium, potassium) to help active people rehydrate and refuel during exercise. Used by professional athletes worldwide for over 50 years.",draft,305,General Fitness,"Hydration,Endurance,Sports Performance,Electrolytes","gatorade,sports drink,electrolytes,sodium,potassium,hydration,endurance",https://vtiplvmddgjfcruqrvvb.supabase.co/storage/v1/object/sign/PRODUCT%20IMAGES%20BUCKET/electrolytes.webp?token=eyJraWQiOiJmZTRiZGQ2Yy0zZDI4LTRhODUtYTc1My1lYjc4NjhlNDU5OGEiLCJhbGciOiJIUzI1NiJ9.eyJ1cmwiOiJQUk9EVUNUIElNQUdFUyBCVUNLRVQvZWxlY3Ryb2x5dGVzLndlYnAiLCJzY29wZSI6ImRvd25sb2FkIiwiaWF0IjoxNzg3Njk3NDI3LCJleHAiOjIxMDMwNTc0Mjd9.sVBFNybvowL0aB1I-VjlrKaXYtYEP2N9sr-Pgf0LrfE,,,,,1 Bottle (500ml),500,140,0,34,0,34,0,270,"Drink 1 bottle before, during, or after physical activity. Shake well before consumption.","Water, Sugar, Dextrose, Citric Acid, Salt (Sodium Chloride), Sodium Citrate, Monopotassium Phosphate, Natural Flavour, Colour (E104, E131)",High in sugar. Not recommended for non-active consumption or diabetics without medical advice.,VAR-305-03,GAT-TD-1-LL,Single Bottle 500ml - Lemon Lime,500ml,Lemon Lime,,active,99,129,0,5,FALSE,2026-08-23T17:59:48Z,2026-08-23T17:59:48Z,3,Pack of 6 - Lemon Lime | Single Bottle 500ml - Fruit Punch | Single Bottle 500ml - Lemon Lime,"Hydration,Endurance,Sports Performance,Electrolytes"
PROD-306,Himalaya Sports Hydration Powder,himalaya-sports-hydration-powder,Himalaya,Electrolytes & Hydration,Hydration,"Ayurvedic herbal electrolyte blend with Arjuna, Ashwagandha, and minerals.","Himalaya Sports Hydration is a unique herbal electrolyte drink that combines traditional Ayurvedic herbs (Arjuna, Ashwagandha, Gokshura) with essential sports electrolytes. It supports stamina, reduces fatigue, and replenishes minerals lost during intense physical activity.",draft,306,General Fitness,"Hydration,Endurance,Stamina,Ayurvedic","himalaya,hydration,ayurvedic,electrolytes,arjuna,ashwagandha sports",https://vtiplvmddgjfcruqrvvb.supabase.co/storage/v1/object/sign/PRODUCT%20IMAGES%20BUCKET/electrolytes.webp?token=eyJraWQiOiJmZTRiZGQ2Yy0zZDI4LTRhODUtYTc1My1lYjc4NjhlNDU5OGEiLCJhbGciOiJIUzI1NiJ9.eyJ1cmwiOiJQUk9EVUNUIElNQUdFUyBCVUNLRVQvZWxlY3Ryb2x5dGVzLndlYnAiLCJzY29wZSI6ImRvd25sb2FkIiwiaWF0IjoxNzg3Njk3NDI3LCJleHAiOjIxMDMwNTc0Mjd9.sVBFNybvowL0aB1I-VjlrKaXYtYEP2N9sr-Pgf0LrfE,,,,,1 Sachet (5g) in 200ml water,5,20,0,5,0,0,3,250,Mix 1 sachet in 200ml water and consume during exercise.,"Dextrose, Sodium Chloride, Potassium Chloride, Arjuna Extract, Ashwagandha Extract, Gokshura Extract, Citric Acid, Natural Lemon Flavour",Consult physician before use if under medical treatment. Keep out of reach of children.,VAR-306-01,HIM-SHY-15-LMN,15 Sachets - Lemon,15 Sachets,Lemon,,active,249,299,0,5,TRUE,2026-08-23T17:59:48Z,2026-08-23T17:59:48Z,2,15 Sachets - Lemon | 30 Sachets - Lemon,"Hydration,Endurance,Stamina,Ayurvedic"
PROD-306,Himalaya Sports Hydration Powder,himalaya-sports-hydration-powder,Himalaya,Electrolytes & Hydration,Hydration,"Ayurvedic herbal electrolyte blend with Arjuna, Ashwagandha, and minerals.","Himalaya Sports Hydration is a unique herbal electrolyte drink that combines traditional Ayurvedic herbs (Arjuna, Ashwagandha, Gokshura) with essential sports electrolytes. It supports stamina, reduces fatigue, and replenishes minerals lost during intense physical activity.",draft,306,General Fitness,"Hydration,Endurance,Stamina,Ayurvedic","himalaya,hydration,ayurvedic,electrolytes,arjuna,ashwagandha sports",https://vtiplvmddgjfcruqrvvb.supabase.co/storage/v1/object/sign/PRODUCT%20IMAGES%20BUCKET/electrolytes.webp?token=eyJraWQiOiJmZTRiZGQ2Yy0zZDI4LTRhODUtYTc1My1lYjc4NjhlNDU5OGEiLCJhbGciOiJIUzI1NiJ9.eyJ1cmwiOiJQUk9EVUNUIElNQUdFUyBCVUNLRVQvZWxlY3Ryb2x5dGVzLndlYnAiLCJzY29wZSI6ImRvd25sb2FkIiwiaWF0IjoxNzg3Njk3NDI3LCJleHAiOjIxMDMwNTc0Mjd9.sVBFNybvowL0aB1I-VjlrKaXYtYEP2N9sr-Pgf0LrfE,,,,,1 Sachet (5g) in 200ml water,5,20,0,5,0,0,3,250,Mix 1 sachet in 200ml water and consume during exercise.,"Dextrose, Sodium Chloride, Potassium Chloride, Arjuna Extract, Ashwagandha Extract, Gokshura Extract, Citric Acid, Natural Lemon Flavour",Consult physician before use if under medical treatment. Keep out of reach of children.,VAR-306-02,HIM-SHY-30-LMN,30 Sachets - Lemon,30 Sachets,Lemon,,active,449,549,0,5,FALSE,2026-08-23T17:59:48Z,2026-08-23T17:59:48Z,2,15 Sachets - Lemon | 30 Sachets - Lemon,"Hydration,Endurance,Stamina,Ayurvedic"
PROD-307,Hydra-Charge,hydra-charge-kaged-muscle,Kaged Muscle,Electrolytes & Hydration,Hydration,Next Level Of Hydration In Sports Nutrition,Next Level Of Hydration In Sports Nutrition,draft,307,General Fitness,hydration,"hydration, hydra charge, kaged muscle, electrolytes",https://vtiplvmddgjfcruqrvvb.supabase.co/storage/v1/object/sign/PRODUCT%20IMAGES%20BUCKET/electrolytes.webp?token=eyJraWQiOiJmZTRiZGQ2Yy0zZDI4LTRhODUtYTc1My1lYjc4NjhlNDU5OGEiLCJhbGciOiJIUzI1NiJ9.eyJ1cmwiOiJQUk9EVUNUIElNQUdFUyBCVUNLRVQvZWxlY3Ryb2x5dGVzLndlYnAiLCJzY29wZSI6ImRvd25sb2FkIiwiaWF0IjoxNzg3Njk3NDI3LCJleHAiOjIxMDMwNTc0Mjd9.sVBFNybvowL0aB1I-VjlrKaXYtYEP2N9sr-Pgf0LrfE,,,,,5 g,5,20,0,1,0,0,0,10,"Use according to the product label. Store in a cool, dry place.",,Check label for allergens.,VAR-307-01,SKU-0103,5 g,5 g,,,active,2034,2278,0,5,TRUE,2026-08-23T23:05:00+05:30,2026-08-23T23:05:00+05:30,1,5 g,hydration
PROD-308,L-Carnitine,l-carnitine-allmax-nutrition,AllMax Nutrition,Weight Management,Weight Management,Fat Loss Support Capsule*,Fat Loss Support Capsule*,draft,308,Weight Loss,health & wellness,"health & wellness, l carnitine, allmax nutrition, l-carnitine",https://vtiplvmddgjfcruqrvvb.supabase.co/storage/v1/object/sign/PRODUCT%20IMAGES%20BUCKET/weight-management.webp?token=eyJraWQiOiJmZTRiZGQ2Yy0zZDI4LTRhODUtYTc1My1lYjc4NjhlNDU5OGEiLCJhbGciOiJIUzI1NiJ9.eyJ1cmwiOiJQUk9EVUNUIElNQUdFUyBCVUNLRVQvd2VpZ2h0LW1hbmFnZW1lbnQud2VicCIsInNjb3BlIjoiZG93bmxvYWQiLCJpYXQiOjE3ODc2OTgwNDAsImV4cCI6MjEwMzA1ODA0MH0.qT45gueJ_nFnv4RbGp9QoJ2EG0ENNBNJR2N14amrIBc,,,,,5 g,5,20,0,1,0,0,0,10,"Use according to the product label. Store in a cool, dry place.",,Check label for allergens.,VAR-308-01,SKU-0083,5 g,5 g,,,active,1392,1559,0,5,TRUE,2026-08-23T23:05:00+05:30,2026-08-23T23:05:00+05:30,1,5 g,health & wellness
PROD-309,CELSIUS,celsius-celsius,Celsius,Weight Management,Weight Management,Ultimate Fitness Partner!,Ultimate Fitness Partner!,draft,309,Weight Loss,health & wellness,"health & wellness, celsius, green tea",https://vtiplvmddgjfcruqrvvb.supabase.co/storage/v1/object/sign/PRODUCT%20IMAGES%20BUCKET/weight-management.webp?token=eyJraWQiOiJmZTRiZGQ2Yy0zZDI4LTRhODUtYTc1My1lYjc4NjhlNDU5OGEiLCJhbGciOiJIUzI1NiJ9.eyJ1cmwiOiJQUk9EVUNUIElNQUdFUyBCVUNLRVQvd2VpZ2h0LW1hbmFnZW1lbnQud2VicCIsInNjb3BlIjoiZG93bmxvYWQiLCJpYXQiOjE3ODc2OTgwNDAsImV4cCI6MjEwMzA1ODA0MH0.qT45gueJ_nFnv4RbGp9QoJ2EG0ENNBNJR2N14amrIBc,,,,,5 g,5,20,0,1,0,0,0,10,"Use according to the product label. Store in a cool, dry place.",,Check label for allergens.,VAR-309-01,SKU-0099,5 g,5 g,,,active,1411,1580,0,5,TRUE,2026-08-23T23:05:00+05:30,2026-08-23T23:05:00+05:30,1,5 g,health & wellness
PROD-310,L-Carnitine Xtreme,l-carnitine-xtreme-dymatize,Dymatize,Weight Management,Weight Management,Pro Line Quality!,Pro Line Quality!,draft,310,Weight Loss,health & wellness,"health & wellness, l carnitine xtreme, dymatize, l-carnitine",https://vtiplvmddgjfcruqrvvb.supabase.co/storage/v1/object/sign/PRODUCT%20IMAGES%20BUCKET/weight-management.webp?token=eyJraWQiOiJmZTRiZGQ2Yy0zZDI4LTRhODUtYTc1My1lYjc4NjhlNDU5OGEiLCJhbGciOiJIUzI1NiJ9.eyJ1cmwiOiJQUk9EVUNUIElNQUdFUyBCVUNLRVQvd2VpZ2h0LW1hbmFnZW1lbnQud2VicCIsInNjb3BlIjoiZG93bmxvYWQiLCJpYXQiOjE3ODc2OTgwNDAsImV4cCI6MjEwMzA1ODA0MH0.qT45gueJ_nFnv4RbGp9QoJ2EG0ENNBNJR2N14amrIBc,,,,,5 g,5,20,0,1,0,0,0,10,"Use according to the product label. Store in a cool, dry place.",,Check label for allergens.,VAR-310-01,SKU-0082,5 g,5 g,,,active,823,922,0,5,TRUE,2026-08-23T23:05:00+05:30,2026-08-23T23:05:00+05:30,1,5 g,health & wellness
PROD-311,Lean Mode Stimulant-Free Fat Burner,lean-mode-stimulant-free-fat-burner,Evlution Nutrition,Weight Management,Weight Management,5 key weight management ingredients with no stimulants. Burn fat around the clock.,"Evlution Nutrition Lean Mode is a stimulant-free fat burner that can be taken at any time of day without affecting sleep. It combines CLA, Garcinia Cambogia, Green Tea Extract, Green Coffee Bean Extract, and Acetyl-L-Carnitine — five clinically studied ingredients to support fat metabolism and appetite control.",draft,311,Weight Loss,"Fat Loss,Weight Management,Metabolism","fat burner,lean mode,stimulant free,weight loss,cla,garcinia",https://vtiplvmddgjfcruqrvvb.supabase.co/storage/v1/object/sign/PRODUCT%20IMAGES%20BUCKET/weight-management.webp?token=eyJraWQiOiJmZTRiZGQ2Yy0zZDI4LTRhODUtYTc1My1lYjc4NjhlNDU5OGEiLCJhbGciOiJIUzI1NiJ9.eyJ1cmwiOiJQUk9EVUNUIElNQUdFUyBCVUNLRVQvd2VpZ2h0LW1hbmFnZW1lbnQud2VicCIsInNjb3BlIjoiZG93bmxvYWQiLCJpYXQiOjE3ODc2OTgwNDAsImV4cCI6MjEwMzA1ODA0MH0.qT45gueJ_nFnv4RbGp9QoJ2EG0ENNBNJR2N14amrIBc,,,,,3 Capsules,0,10,0,0,0,0,0,5,Take 3 capsules 30 minutes before meals 2 times daily. Use consistently for best results.,"CLA (Conjugated Linoleic Acid), Garcinia Cambogia Extract, Green Coffee Bean Extract, Green Tea Leaf Extract, Acetyl-L-Carnitine",Consult a physician before use if you have any medical condition or are taking prescription drugs.,VAR-311-01,EVL-LM-150CAP,150 Capsules / 50 Servings,150 Capsules,,,active,2499,2999,0,5,TRUE,2026-08-23T17:59:48Z,2026-08-23T17:59:48Z,2,150 Capsules / 50 Servings | 300 Capsules / 100 Servings,"Fat Loss,Weight Management,Metabolism"
PROD-311,Lean Mode Stimulant-Free Fat Burner,lean-mode-stimulant-free-fat-burner,Evlution Nutrition,Weight Management,Weight Management,5 key weight management ingredients with no stimulants. Burn fat around the clock.,"Evlution Nutrition Lean Mode is a stimulant-free fat burner that can be taken at any time of day without affecting sleep. It combines CLA, Garcinia Cambogia, Green Tea Extract, Green Coffee Bean Extract, and Acetyl-L-Carnitine — five clinically studied ingredients to support fat metabolism and appetite control.",draft,311,Weight Loss,"Fat Loss,Weight Management,Metabolism","fat burner,lean mode,stimulant free,weight loss,cla,garcinia",https://vtiplvmddgjfcruqrvvb.supabase.co/storage/v1/object/sign/PRODUCT%20IMAGES%20BUCKET/weight-management.webp?token=eyJraWQiOiJmZTRiZGQ2Yy0zZDI4LTRhODUtYTc1My1lYjc4NjhlNDU5OGEiLCJhbGciOiJIUzI1NiJ9.eyJ1cmwiOiJQUk9EVUNUIElNQUdFUyBCVUNLRVQvd2VpZ2h0LW1hbmFnZW1lbnQud2VicCIsInNjb3BlIjoiZG93bmxvYWQiLCJpYXQiOjE3ODc2OTgwNDAsImV4cCI6MjEwMzA1ODA0MH0.qT45gueJ_nFnv4RbGp9QoJ2EG0ENNBNJR2N14amrIBc,,,,,3 Capsules,0,10,0,0,0,0,0,5,Take 3 capsules 30 minutes before meals 2 times daily. Use consistently for best results.,"CLA (Conjugated Linoleic Acid), Garcinia Cambogia Extract, Green Coffee Bean Extract, Green Tea Leaf Extract, Acetyl-L-Carnitine",Consult a physician before use if you have any medical condition or are taking prescription drugs.,VAR-311-02,EVL-LM-300CAP,300 Capsules / 100 Servings,300 Capsules,,,active,4299,4999,0,5,FALSE,2026-08-23T17:59:48Z,2026-08-23T17:59:48Z,2,150 Capsules / 50 Servings | 300 Capsules / 100 Servings,"Fat Loss,Weight Management,Metabolism"
PROD-312,L-Carnitine Liquid 3000mg,l-carnitine-liquid-3000mg,MuscleBlaze,Weight Management,Weight Management,3000mg L-Carnitine per serving in a ready-to-drink liquid format. Supports fat metabolism.,"MuscleBlaze L-Carnitine Liquid delivers 3000mg of pure L-Carnitine per serving in a liquid form for faster absorption. L-Carnitine plays a critical role in transporting fatty acids into mitochondria for energy production, supporting fat metabolism, and reducing exercise fatigue.",draft,312,Weight Loss,"Fat Loss,Energy,Endurance","l-carnitine,fat burner,liquid carnitine,muscleblaze,metabolism",https://vtiplvmddgjfcruqrvvb.supabase.co/storage/v1/object/sign/PRODUCT%20IMAGES%20BUCKET/weight-management.webp?token=eyJraWQiOiJmZTRiZGQ2Yy0zZDI4LTRhODUtYTc1My1lYjc4NjhlNDU5OGEiLCJhbGciOiJIUzI1NiJ9.eyJ1cmwiOiJQUk9EVUNUIElNQUdFUyBCVUNLRVQvd2VpZ2h0LW1hbmFnZW1lbnQud2VicCIsInNjb3BlIjoiZG93bmxvYWQiLCJpYXQiOjE3ODc2OTgwNDAsImV4cCI6MjEwMzA1ODA0MH0.qT45gueJ_nFnv4RbGp9QoJ2EG0ENNBNJR2N14amrIBc,,,,,30ml,30,30,0,7,0,0,7,5,Take 30ml daily before workout or as directed. Can be mixed with water or juice.,"L-Carnitine (as L-Carnitine Tartrate), Citric Acid, Water, Natural Flavour, Preservative (Sodium Benzoate), Sucralose",Not recommended for pregnant or nursing women. Consult a physician before use.,VAR-312-01,MB-LCL-450-LME,450ml / 15 Servings - Lime,450ml,Lime,,active,799,999,0,5,TRUE,2026-08-23T17:59:48Z,2026-08-23T17:59:48Z,2,450ml / 15 Servings - Lime | 450ml / 15 Servings - Watermelon,"Fat Loss,Energy,Endurance"
PROD-312,L-Carnitine Liquid 3000mg,l-carnitine-liquid-3000mg,MuscleBlaze,Weight Management,Weight Management,3000mg L-Carnitine per serving in a ready-to-drink liquid format. Supports fat metabolism.,"MuscleBlaze L-Carnitine Liquid delivers 3000mg of pure L-Carnitine per serving in a liquid form for faster absorption. L-Carnitine plays a critical role in transporting fatty acids into mitochondria for energy production, supporting fat metabolism, and reducing exercise fatigue.",draft,312,Weight Loss,"Fat Loss,Energy,Endurance","l-carnitine,fat burner,liquid carnitine,muscleblaze,metabolism",https://vtiplvmddgjfcruqrvvb.supabase.co/storage/v1/object/sign/PRODUCT%20IMAGES%20BUCKET/weight-management.webp?token=eyJraWQiOiJmZTRiZGQ2Yy0zZDI4LTRhODUtYTc1My1lYjc4NjhlNDU5OGEiLCJhbGciOiJIUzI1NiJ9.eyJ1cmwiOiJQUk9EVUNUIElNQUdFUyBCVUNLRVQvd2VpZ2h0LW1hbmFnZW1lbnQud2VicCIsInNjb3BlIjoiZG93bmxvYWQiLCJpYXQiOjE3ODc2OTgwNDAsImV4cCI6MjEwMzA1ODA0MH0.qT45gueJ_nFnv4RbGp9QoJ2EG0ENNBNJR2N14amrIBc,,,,,30ml,30,30,0,7,0,0,7,5,Take 30ml daily before workout or as directed. Can be mixed with water or juice.,"L-Carnitine (as L-Carnitine Tartrate), Citric Acid, Water, Natural Flavour, Preservative (Sodium Benzoate), Sucralose",Not recommended for pregnant or nursing women. Consult a physician before use.,VAR-312-02,MB-LCL-450-WM,450ml / 15 Servings - Watermelon,450ml,Watermelon,,active,799,999,0,5,FALSE,2026-08-23T17:59:48Z,2026-08-23T17:59:48Z,2,450ml / 15 Servings - Lime | 450ml / 15 Servings - Watermelon,"Fat Loss,Energy,Endurance"
PROD-313,L-Carnitine Liquid - Triple Strength,l-carnitine-liquid-triple-strength-now,NOW,Weight Management,Weight Management,L-Carni Pure!,L-Carni Pure!,draft,313,Weight Loss,health & wellness,"health & wellness, l carnitine liquid triple strength, now, l-carnitine",https://vtiplvmddgjfcruqrvvb.supabase.co/storage/v1/object/sign/PRODUCT%20IMAGES%20BUCKET/weight-management.webp?token=eyJraWQiOiJmZTRiZGQ2Yy0zZDI4LTRhODUtYTc1My1lYjc4NjhlNDU5OGEiLCJhbGciOiJIUzI1NiJ9.eyJ1cmwiOiJQUk9EVUNUIElNQUdFUyBCVUNLRVQvd2VpZ2h0LW1hbmFnZW1lbnQud2VicCIsInNjb3BlIjoiZG93bmxvYWQiLCJpYXQiOjE3ODc2OTgwNDAsImV4cCI6MjEwMzA1ODA0MH0.qT45gueJ_nFnv4RbGp9QoJ2EG0ENNBNJR2N14amrIBc,,,,,5 g,5,20,0,1,0,0,0,10,"Use according to the product label. Store in a cool, dry place.",,Check label for allergens.,VAR-313-01,SKU-0084,5 g,5 g,,,active,1909,2138,0,5,TRUE,2026-08-23T23:05:00+05:30,2026-08-23T23:05:00+05:30,1,5 g,health & wellness
PROD-314,L-Carnitine 500 Tabs,l-carnitine-500-tabs-optimum-nutrition,Optimum Nutrition,Weight Management,Weight Management,Amino Acid!,Amino Acid!,draft,314,Weight Loss,health & wellness,"health & wellness, l carnitine 500 tabs, optimum nutrition, l-carnitine",https://vtiplvmddgjfcruqrvvb.supabase.co/storage/v1/object/sign/PRODUCT%20IMAGES%20BUCKET/weight-management.webp?token=eyJraWQiOiJmZTRiZGQ2Yy0zZDI4LTRhODUtYTc1My1lYjc4NjhlNDU5OGEiLCJhbGciOiJIUzI1NiJ9.eyJ1cmwiOiJQUk9EVUNUIElNQUdFUyBCVUNLRVQvd2VpZ2h0LW1hbmFnZW1lbnQud2VicCIsInNjb3BlIjoiZG93bmxvYWQiLCJpYXQiOjE3ODc2OTgwNDAsImV4cCI6MjEwMzA1ODA0MH0.qT45gueJ_nFnv4RbGp9QoJ2EG0ENNBNJR2N14amrIBc,,,,,5 g,5,20,0,1,0,0,0,10,"Use according to the product label. Store in a cool, dry place.",,Check label for allergens.,VAR-314-01,SKU-0081,5 g,5 g,,,active,1591,1782,0,5,TRUE,2026-08-23T23:05:00+05:30,2026-08-23T23:05:00+05:30,1,5 g,health & wellness
PROD-315,Digestive Enzyme Complex Capsules,digestive-enzyme-complex-capsules,Fast&Up,Digestive Health,Digestive Health,"Multi-enzyme complex with protease, amylase, lipase, and lactase for optimal digestion.","Fast&Up Digestive Enzyme Complex contains 9 digestive enzymes including protease, amylase, lipase, cellulase, and lactase. Together they help break down proteins, carbohydrates, fats, and dairy, reducing bloating, gas, and indigestion. Ideal for athletes who consume large meals or have food sensitivities.",draft,315,General Fitness,"Gut Health,Digestion,Bloating Relief,Sports Recovery","digestive enzymes,fast&up,protease,amylase,lipase,lactase,bloating",https://vtiplvmddgjfcruqrvvb.supabase.co/storage/v1/object/sign/PRODUCT%20IMAGES%20BUCKET/digestive-health.webp?token=eyJraWQiOiJmZTRiZGQ2Yy0zZDI4LTRhODUtYTc1My1lYjc4NjhlNDU5OGEiLCJhbGciOiJIUzI1NiJ9.eyJ1cmwiOiJQUk9EVUNUIElNQUdFUyBCVUNLRVQvZGlnZXN0aXZlLWhlYWx0aC53ZWJwIiwic2NvcGUiOiJkb3dubG9hZCIsImlhdCI6MTc4NzY5NzM1NSwiZXhwIjoyMTAzMDU3MzU1fQ.P9iECwJzZHK_RWKkEImJKemQodMsKcsyY9Nmt1N4VoM,,,,,1 Capsule,0,5,0,0,0,0,0,0,"Take 1 capsule with each main meal, or as directed by your healthcare provider.","Protease, Amylase, Lipase, Cellulase, Lactase, Invertase, Alpha-Galactosidase, Glucoamylase, Pectinase, Vegetable Cellulose Capsule",Not for use by children under 12 without supervision. Not a substitute for medical treatment of digestive disorders.,VAR-315-01,FU-DEC-120CAP,120 Capsules / 120 Servings,120 Capsules,,,active,1199,1499,0,5,TRUE,2026-08-23T17:59:48Z,2026-08-23T17:59:48Z,2,120 Capsules / 120 Servings | 60 Capsules / 60 Servings,"Gut Health,Digestion,Bloating Relief,Sports Recovery"
PROD-315,Digestive Enzyme Complex Capsules,digestive-enzyme-complex-capsules,Fast&Up,Digestive Health,Digestive Health,"Multi-enzyme complex with protease, amylase, lipase, and lactase for optimal digestion.","Fast&Up Digestive Enzyme Complex contains 9 digestive enzymes including protease, amylase, lipase, cellulase, and lactase. Together they help break down proteins, carbohydrates, fats, and dairy, reducing bloating, gas, and indigestion. Ideal for athletes who consume large meals or have food sensitivities.",draft,315,General Fitness,"Gut Health,Digestion,Bloating Relief,Sports Recovery","digestive enzymes,fast&up,protease,amylase,lipase,lactase,bloating",https://vtiplvmddgjfcruqrvvb.supabase.co/storage/v1/object/sign/PRODUCT%20IMAGES%20BUCKET/digestive-health.webp?token=eyJraWQiOiJmZTRiZGQ2Yy0zZDI4LTRhODUtYTc1My1lYjc4NjhlNDU5OGEiLCJhbGciOiJIUzI1NiJ9.eyJ1cmwiOiJQUk9EVUNUIElNQUdFUyBCVUNLRVQvZGlnZXN0aXZlLWhlYWx0aC53ZWJwIiwic2NvcGUiOiJkb3dubG9hZCIsImlhdCI6MTc4NzY5NzM1NSwiZXhwIjoyMTAzMDU3MzU1fQ.P9iECwJzZHK_RWKkEImJKemQodMsKcsyY9Nmt1N4VoM,,,,,1 Capsule,0,5,0,0,0,0,0,0,"Take 1 capsule with each main meal, or as directed by your healthcare provider.","Protease, Amylase, Lipase, Cellulase, Lactase, Invertase, Alpha-Galactosidase, Glucoamylase, Pectinase, Vegetable Cellulose Capsule",Not for use by children under 12 without supervision. Not a substitute for medical treatment of digestive disorders.,VAR-315-02,FU-DEC-60CAP,60 Capsules / 60 Servings,60 Capsules,,,active,699,899,0,5,FALSE,2026-08-23T17:59:48Z,2026-08-23T17:59:48Z,2,120 Capsules / 120 Servings | 60 Capsules / 60 Servings,"Gut Health,Digestion,Bloating Relief,Sports Recovery"
PROD-316,Prebiotic Fibre Inulin Powder,prebiotic-fibre-inulin-powder,TrueBasics,Digestive Health,Digestive Health,Natural chicory root-derived inulin prebiotic. Feeds good gut bacteria and aids digestion.,"TrueBasics Prebiotic Inulin is a soluble dietary fibre derived from chicory root that selectively feeds beneficial bacteria (Lactobacillus and Bifidobacterium) in the gut. With 3g of inulin per serving, it improves digestive regularity, reduces bloating, and supports a healthy microbiome when taken consistently.",draft,316,General Fitness,"Gut Health,Digestion,Fibre","prebiotic,inulin,chicory,truebasics,gut bacteria,digestion,fibre",https://vtiplvmddgjfcruqrvvb.supabase.co/storage/v1/object/sign/PRODUCT%20IMAGES%20BUCKET/digestive-health.webp?token=eyJraWQiOiJmZTRiZGQ2Yy0zZDI4LTRhODUtYTc1My1lYjc4NjhlNDU5OGEiLCJhbGciOiJIUzI1NiJ9.eyJ1cmwiOiJQUk9EVUNUIElNQUdFUyBCVUNLRVQvZGlnZXN0aXZlLWhlYWx0aC53ZWJwIiwic2NvcGUiOiJkb3dubG9hZCIsImlhdCI6MTc4NzY5NzM1NSwiZXhwIjoyMTAzMDU3MzU1fQ.P9iECwJzZHK_RWKkEImJKemQodMsKcsyY9Nmt1N4VoM,,,,,1 Teaspoon (5g),5,20,0,5,0,3,0,2,"Mix 1 teaspoon in water, juice, coffee, or any beverage. Take once daily with a meal.","Inulin (from Chicory Root, Cichorium intybus)",Introduce gradually to avoid bloating. Suitable for vegans and those with lactose intolerance.,VAR-316-01,TB-PRE-200-UNF,200g Powder,200g,Unflavoured,,active,699,899,0,5,TRUE,2026-08-23T17:59:48Z,2026-08-23T17:59:48Z,2,200g Powder | 400g Powder,"Gut Health,Digestion,Fibre"
PROD-316,Prebiotic Fibre Inulin Powder,prebiotic-fibre-inulin-powder,TrueBasics,Digestive Health,Digestive Health,Natural chicory root-derived inulin prebiotic. Feeds good gut bacteria and aids digestion.,"TrueBasics Prebiotic Inulin is a soluble dietary fibre derived from chicory root that selectively feeds beneficial bacteria (Lactobacillus and Bifidobacterium) in the gut. With 3g of inulin per serving, it improves digestive regularity, reduces bloating, and supports a healthy microbiome when taken consistently.",draft,316,General Fitness,"Gut Health,Digestion,Fibre","prebiotic,inulin,chicory,truebasics,gut bacteria,digestion,fibre",https://vtiplvmddgjfcruqrvvb.supabase.co/storage/v1/object/sign/PRODUCT%20IMAGES%20BUCKET/digestive-health.webp?token=eyJraWQiOiJmZTRiZGQ2Yy0zZDI4LTRhODUtYTc1My1lYjc4NjhlNDU5OGEiLCJhbGciOiJIUzI1NiJ9.eyJ1cmwiOiJQUk9EVUNUIElNQUdFUyBCVUNLRVQvZGlnZXN0aXZlLWhlYWx0aC53ZWJwIiwic2NvcGUiOiJkb3dubG9hZCIsImlhdCI6MTc4NzY5NzM1NSwiZXhwIjoyMTAzMDU3MzU1fQ.P9iECwJzZHK_RWKkEImJKemQodMsKcsyY9Nmt1N4VoM,,,,,1 Teaspoon (5g),5,20,0,5,0,3,0,2,"Mix 1 teaspoon in water, juice, coffee, or any beverage. Take once daily with a meal.","Inulin (from Chicory Root, Cichorium intybus)",Introduce gradually to avoid bloating. Suitable for vegans and those with lactose intolerance.,VAR-316-02,TB-PRE-400-UNF,400g Powder,400g,Unflavoured,,active,1199,1499,0,5,FALSE,2026-08-23T17:59:48Z,2026-08-23T17:59:48Z,2,200g Powder | 400g Powder,"Gut Health,Digestion,Fibre"
PROD-317,Yakult Probiotic Fermented Milk Drink,yakult-probiotic-fermented-milk-drink,Yakult,Digestive Health,Digestive Health,6.5 billion Lactobacillus casei Shirota live cultures per bottle for gut health.,"Yakult is the world's leading probiotic drink, containing a scientifically proven strain of beneficial bacteria — Lactobacillus casei Shirota — at 6.5 billion live cultures per 65ml bottle. Clinically researched to reach the intestines alive and support digestive balance and immune function.",draft,317,General Fitness,"Gut Health,Immunity,Digestion","yakult,probiotic,lactobacillus,gut health,digestion,immunity",https://vtiplvmddgjfcruqrvvb.supabase.co/storage/v1/object/sign/PRODUCT%20IMAGES%20BUCKET/digestive-health.webp?token=eyJraWQiOiJmZTRiZGQ2Yy0zZDI4LTRhODUtYTc1My1lYjc4NjhlNDU5OGEiLCJhbGciOiJIUzI1NiJ9.eyJ1cmwiOiJQUk9EVUNUIElNQUdFUyBCVUNLRVQvZGlnZXN0aXZlLWhlYWx0aC53ZWJwIiwic2NvcGUiOiJkb3dubG9hZCIsImlhdCI6MTc4NzY5NzM1NSwiZXhwIjoyMTAzMDU3MzU1fQ.P9iECwJzZHK_RWKkEImJKemQodMsKcsyY9Nmt1N4VoM,,,,,1 Bottle (65ml),65,50,1,12,0,0,12,38,Drink 1 bottle daily at the same time each day. Can be consumed by children and adults.,"Skim Milk, Glucose, Sugar, Live Lactobacillus casei Shirota 6.5 Billion, Flavour",Contains milk. Keep refrigerated. Not suitable for lactose-intolerant individuals.,VAR-317-01,YKT-PRB-10-ORI,Pack of 10 Bottles,10x65ml,Original,,active,145,175,0,5,TRUE,2026-08-23T17:59:48Z,2026-08-23T17:59:48Z,2,Pack of 10 Bottles | Pack of 5 Bottles,"Gut Health,Immunity,Digestion"
PROD-317,Yakult Probiotic Fermented Milk Drink,yakult-probiotic-fermented-milk-drink,Yakult,Digestive Health,Digestive Health,6.5 billion Lactobacillus casei Shirota live cultures per bottle for gut health.,"Yakult is the world's leading probiotic drink, containing a scientifically proven strain of beneficial bacteria — Lactobacillus casei Shirota — at 6.5 billion live cultures per 65ml bottle. Clinically researched to reach the intestines alive and support digestive balance and immune function.",draft,317,General Fitness,"Gut Health,Immunity,Digestion","yakult,probiotic,lactobacillus,gut health,digestion,immunity",https://vtiplvmddgjfcruqrvvb.supabase.co/storage/v1/object/sign/PRODUCT%20IMAGES%20BUCKET/digestive-health.webp?token=eyJraWQiOiJmZTRiZGQ2Yy0zZDI4LTRhODUtYTc1My1lYjc4NjhlNDU5OGEiLCJhbGciOiJIUzI1NiJ9.eyJ1cmwiOiJQUk9EVUNUIElNQUdFUyBCVUNLRVQvZGlnZXN0aXZlLWhlYWx0aC53ZWJwIiwic2NvcGUiOiJkb3dubG9hZCIsImlhdCI6MTc4NzY5NzM1NSwiZXhwIjoyMTAzMDU3MzU1fQ.P9iECwJzZHK_RWKkEImJKemQodMsKcsyY9Nmt1N4VoM,,,,,1 Bottle (65ml),65,50,1,12,0,0,12,38,Drink 1 bottle daily at the same time each day. Can be consumed by children and adults.,"Skim Milk, Glucose, Sugar, Live Lactobacillus casei Shirota 6.5 Billion, Flavour",Contains milk. Keep refrigerated. Not suitable for lactose-intolerant individuals.,VAR-317-02,YKT-PRB-5-ORI,Pack of 5 Bottles,5x65ml,Original,,active,75,95,0,5,FALSE,2026-08-23T17:59:48Z,2026-08-23T17:59:48Z,2,Pack of 10 Bottles | Pack of 5 Bottles,"Gut Health,Immunity,Digestion"
PROD-318,Animal Flex,animal-flex-animal,Animal,Joint & Recovery,Joint & Recovery,The Complete Joint Support Vitamin Stack*,The Complete Joint Support Vitamin Stack*,draft,318,General Fitness,health & wellness,"health & wellness, animal flex, animal, glucosamine",https://vtiplvmddgjfcruqrvvb.supabase.co/storage/v1/object/sign/PRODUCT%20IMAGES%20BUCKET/pain-reducer.webp?token=eyJraWQiOiJmZTRiZGQ2Yy0zZDI4LTRhODUtYTc1My1lYjc4NjhlNDU5OGEiLCJhbGciOiJIUzI1NiJ9.eyJ1cmwiOiJQUk9EVUNUIElNQUdFUyBCVUNLRVQvcGFpbi1yZWR1Y2VyLndlYnAiLCJzY29wZSI6ImRvd25sb2FkIiwiaWF0IjoxNzg3Njk3NTczLCJleHAiOjIxMDMwNTc1NzN9.dggE2BDE_W4ayjGrzB6qLqhd8bLRRuwx1O9rq6jjs10,,,,,5 g,5,20,0,1,0,0,0,10,"Use according to the product label. Store in a cool, dry place.",,Check label for allergens.,VAR-318-01,SKU-0074,5 g,5 g,,,active,2379,2664,0,5,TRUE,2026-08-23T23:05:00+05:30,2026-08-23T23:05:00+05:30,1,5 g,health & wellness
PROD-319,Joint Support,joint-support-gat,GAT,Joint & Recovery,Joint & Recovery,Glucosamine and Chondroitin Joint Nutrients*,Glucosamine and Chondroitin Joint Nutrients*,draft,319,General Fitness,health & wellness,"health & wellness, joint support, gat, glucosamine",https://vtiplvmddgjfcruqrvvb.supabase.co/storage/v1/object/sign/PRODUCT%20IMAGES%20BUCKET/pain-reducer.webp?token=eyJraWQiOiJmZTRiZGQ2Yy0zZDI4LTRhODUtYTc1My1lYjc4NjhlNDU5OGEiLCJhbGciOiJIUzI1NiJ9.eyJ1cmwiOiJQUk9EVUNUIElNQUdFUyBCVUNLRVQvcGFpbi1yZWR1Y2VyLndlYnAiLCJzY29wZSI6ImRvd25sb2FkIiwiaWF0IjoxNzg3Njk3NTczLCJleHAiOjIxMDMwNTc1NzN9.dggE2BDE_W4ayjGrzB6qLqhd8bLRRuwx1O9rq6jjs10,,,,,5 g,5,20,0,1,0,0,0,10,"Use according to the product label. Store in a cool, dry place.",,Check label for allergens.,VAR-319-01,SKU-0077,5 g,5 g,,,active,1527,1710,0,5,TRUE,2026-08-23T23:05:00+05:30,2026-08-23T23:05:00+05:30,1,5 g,health & wellness
PROD-320,Glucosamine Chondroitin MSM Complex,glucosamine-chondroitin-msm-complex,Himalayan Organics,Joint & Recovery,Joint & Recovery,"1500mg glucosamine, 800mg chondroitin, 400mg MSM per serving for joint health.","Himalayan Organics Glucosamine Chondroitin MSM delivers a clinically studied triple combination for comprehensive joint health. Glucosamine rebuilds cartilage, Chondroitin retains water in joints for shock absorption, and MSM reduces inflammation. Ideal for athletes, seniors, and anyone with joint discomfort.",draft,320,General Fitness,"Joint Health,Anti-inflammatory,Recovery,Cartilage","glucosamine,chondroitin,msm,joint health,cartilage,himalayan organics",https://vtiplvmddgjfcruqrvvb.supabase.co/storage/v1/object/sign/PRODUCT%20IMAGES%20BUCKET/pain-reducer.webp?token=eyJraWQiOiJmZTRiZGQ2Yy0zZDI4LTRhODUtYTc1My1lYjc4NjhlNDU5OGEiLCJhbGciOiJIUzI1NiJ9.eyJ1cmwiOiJQUk9EVUNUIElNQUdFUyBCVUNLRVQvcGFpbi1yZWR1Y2VyLndlYnAiLCJzY29wZSI6ImRvd25sb2FkIiwiaWF0IjoxNzg3Njk3NTczLCJleHAiOjIxMDMwNTc1NzN9.dggE2BDE_W4ayjGrzB6qLqhd8bLRRuwx1O9rq6jjs10,,,,,3 Tablets,0,5,0,0,0,0,0,25,Take 3 tablets daily with food. Use consistently for 6–8 weeks for noticeable results.,"Glucosamine Sulfate 1500mg, Chondroitin Sulfate 800mg, MSM (Methylsulfonylmethane) 400mg, Vitamin C, Manganese, Microcrystalline Cellulose",Contains shellfish (glucosamine from crab/shrimp). Not suitable for shellfish allergies. Consult physician if on blood thinners.,VAR-320-01,HO-GCM-180T,180 Tablets / 60 Servings,180 Tablets,,,active,1599,1999,0,5,TRUE,2026-08-23T17:59:48Z,2026-08-23T17:59:48Z,2,180 Tablets / 60 Servings | 90 Tablets / 30 Servings,"Joint Health,Anti-inflammatory,Recovery,Cartilage"
PROD-320,Glucosamine Chondroitin MSM Complex,glucosamine-chondroitin-msm-complex,Himalayan Organics,Joint & Recovery,Joint & Recovery,"1500mg glucosamine, 800mg chondroitin, 400mg MSM per serving for joint health.","Himalayan Organics Glucosamine Chondroitin MSM delivers a clinically studied triple combination for comprehensive joint health. Glucosamine rebuilds cartilage, Chondroitin retains water in joints for shock absorption, and MSM reduces inflammation. Ideal for athletes, seniors, and anyone with joint discomfort.",draft,320,General Fitness,"Joint Health,Anti-inflammatory,Recovery,Cartilage","glucosamine,chondroitin,msm,joint health,cartilage,himalayan organics",https://vtiplvmddgjfcruqrvvb.supabase.co/storage/v1/object/sign/PRODUCT%20IMAGES%20BUCKET/pain-reducer.webp?token=eyJraWQiOiJmZTRiZGQ2Yy0zZDI4LTRhODUtYTc1My1lYjc4NjhlNDU5OGEiLCJhbGciOiJIUzI1NiJ9.eyJ1cmwiOiJQUk9EVUNUIElNQUdFUyBCVUNLRVQvcGFpbi1yZWR1Y2VyLndlYnAiLCJzY29wZSI6ImRvd25sb2FkIiwiaWF0IjoxNzg3Njk3NTczLCJleHAiOjIxMDMwNTc1NzN9.dggE2BDE_W4ayjGrzB6qLqhd8bLRRuwx1O9rq6jjs10,,,,,3 Tablets,0,5,0,0,0,0,0,25,Take 3 tablets daily with food. Use consistently for 6–8 weeks for noticeable results.,"Glucosamine Sulfate 1500mg, Chondroitin Sulfate 800mg, MSM (Methylsulfonylmethane) 400mg, Vitamin C, Manganese, Microcrystalline Cellulose",Contains shellfish (glucosamine from crab/shrimp). Not suitable for shellfish allergies. Consult physician if on blood thinners.,VAR-320-02,HO-GCM-90T,90 Tablets / 30 Servings,90 Tablets,,,active,899,1199,0,5,FALSE,2026-08-23T17:59:48Z,2026-08-23T17:59:48Z,2,180 Tablets / 60 Servings | 90 Tablets / 30 Servings,"Joint Health,Anti-inflammatory,Recovery,Cartilage"
PROD-321,Glucosamine & Chondroitin with MSM,glucosamine-chondroitin-with-msm-now,NOW,Joint & Recovery,Joint & Recovery,Joint Support!*,Joint Support!*,draft,321,General Fitness,health & wellness,"health & wellness, glucosamine chondroitin with msm, now, glucosamine",https://vtiplvmddgjfcruqrvvb.supabase.co/storage/v1/object/sign/PRODUCT%20IMAGES%20BUCKET/pain-reducer.webp?token=eyJraWQiOiJmZTRiZGQ2Yy0zZDI4LTRhODUtYTc1My1lYjc4NjhlNDU5OGEiLCJhbGciOiJIUzI1NiJ9.eyJ1cmwiOiJQUk9EVUNUIElNQUdFUyBCVUNLRVQvcGFpbi1yZWR1Y2VyLndlYnAiLCJzY29wZSI6ImRvd25sb2FkIiwiaWF0IjoxNzg3Njk3NTczLCJleHAiOjIxMDMwNTc1NzN9.dggE2BDE_W4ayjGrzB6qLqhd8bLRRuwx1O9rq6jjs10,,,,,5 g,5,20,0,1,0,0,0,10,"Use according to the product label. Store in a cool, dry place.",,Check label for allergens.,VAR-321-01,SKU-0076,5 g,5 g,,,active,2060,2307,0,5,TRUE,2026-08-23T23:05:00+05:30,2026-08-23T23:05:00+05:30,1,5 g,health & wellness
PROD-322,Joint Support,joint-support-rsp-nutrition,RSP Nutrition,Joint & Recovery,Joint & Recovery,Glucosamine Chondroitin MSM,Glucosamine Chondroitin MSM,draft,322,General Fitness,health & wellness,"health & wellness, joint support, rsp nutrition, glucosamine",https://vtiplvmddgjfcruqrvvb.supabase.co/storage/v1/object/sign/PRODUCT%20IMAGES%20BUCKET/pain-reducer.webp?token=eyJraWQiOiJmZTRiZGQ2Yy0zZDI4LTRhODUtYTc1My1lYjc4NjhlNDU5OGEiLCJhbGciOiJIUzI1NiJ9.eyJ1cmwiOiJQUk9EVUNUIElNQUdFUyBCVUNLRVQvcGFpbi1yZWR1Y2VyLndlYnAiLCJzY29wZSI6ImRvd25sb2FkIiwiaWF0IjoxNzg3Njk3NTczLCJleHAiOjIxMDMwNTc1NzN9.dggE2BDE_W4ayjGrzB6qLqhd8bLRRuwx1O9rq6jjs10,,,,,5 g,5,20,0,1,0,0,0,10,"Use according to the product label. Store in a cool, dry place.",,Check label for allergens.,VAR-322-01,SKU-0075,5 g,5 g,,,active,2124,2379,0,5,TRUE,2026-08-23T23:05:00+05:30,2026-08-23T23:05:00+05:30,1,5 g,health & wellness
PROD-323,Jointment Sport,jointment-sport-universal-nutrition,Universal Nutrition,Joint & Recovery,Joint & Recovery,With MSM & Chondroitin!,With MSM & Chondroitin!,draft,323,General Fitness,health & wellness,"health & wellness, jointment sport, universal nutrition, msm",https://vtiplvmddgjfcruqrvvb.supabase.co/storage/v1/object/sign/PRODUCT%20IMAGES%20BUCKET/pain-reducer.webp?token=eyJraWQiOiJmZTRiZGQ2Yy0zZDI4LTRhODUtYTc1My1lYjc4NjhlNDU5OGEiLCJhbGciOiJIUzI1NiJ9.eyJ1cmwiOiJQUk9EVUNUIElNQUdFUyBCVUNLRVQvcGFpbi1yZWR1Y2VyLndlYnAiLCJzY29wZSI6ImRvd25sb2FkIiwiaWF0IjoxNzg3Njk3NTczLCJleHAiOjIxMDMwNTc1NzN9.dggE2BDE_W4ayjGrzB6qLqhd8bLRRuwx1O9rq6jjs10,,,,,5 g,5,20,0,1,0,0,0,10,"Use according to the product label. Store in a cool, dry place.",,Check label for allergens.,VAR-323-01,SKU-0126,5 g,5 g,,,active,891,998,0,5,TRUE,2026-08-23T23:05:00+05:30,2026-08-23T23:05:00+05:30,1,5 g,health & wellness
PROD-324,100% Pure Honey,100-pure-honey-bb-royal,BB Royal,Honey & Natural Sweeteners,Health Foods,Honey from BB Royal.,Honey item sourced from the provided BigBasket catalog.,draft,324,General Fitness,health & wellness,"health & wellness, 100 pure honey, bb royal, natural sweeteners",https://www.bigbasket.com/media/uploads/p/l/40073728_9-bb-royal-100-pure-honey.jpg,https://www.bigbasket.com/media/uploads/p/l/40073728_9-bb-royal-100-pure-honey.jpg,,,,20 g,20,61,0,16.5,0,0,16.5,1,"Use according to the product label. Store in a cool, dry place.",,Check product label for allergens.,VAR-324-01,SKU-0402,250 g,250 g,,,active,120,134,0,5,TRUE,2026-08-23T23:05:00+05:30,2026-08-23T23:05:00+05:30,1,250 g,health & wellness
PROD-325,Organic Himalayan Kashmir Honey,organic-himalayan-kashmir-honey-bb-royal,BB Royal,Honey & Natural Sweeteners,Health Foods,Honey from BB Royal.,Honey item sourced from the provided BigBasket catalog.,draft,325,General Fitness,health & wellness,"health & wellness, organic himalayan kashmir honey, bb royal, natural sweeteners",https://www.bigbasket.com/media/uploads/p/l/1213800_1-bb-royal-organic-himalayan-kashmir-honey.jpg,https://www.bigbasket.com/media/uploads/p/l/1213800_1-bb-royal-organic-himalayan-kashmir-honey.jpg,,,,20 g,20,61,0,16.5,0,0,16.5,1,"Use according to the product label. Store in a cool, dry place.",,Check product label for allergens.,VAR-325-01,SKU-0426,2x500 g,2x500 g,,,active,858,961,0,5,TRUE,2026-08-23T23:05:00+05:30,2026-08-23T23:05:00+05:30,1,2x500 g,health & wellness
PROD-326,Organic Jamun Honey,organic-jamun-honey-bb-royal,BB Royal,Honey & Natural Sweeteners,Health Foods,Honey from BB Royal.,Honey item sourced from the provided BigBasket catalog.,draft,326,General Fitness,health & wellness,"health & wellness, organic jamun honey, bb royal, natural sweeteners",https://www.bigbasket.com/media/uploads/p/l/1213801_1-bb-royal-organic-jamun-honey.jpg,https://www.bigbasket.com/media/uploads/p/l/1213801_1-bb-royal-organic-jamun-honey.jpg,,,,20 g,20,61,0,16.5,0,0,16.5,1,"Use according to the product label. Store in a cool, dry place.",,Check product label for allergens.,VAR-326-01,SKU-0428,2x500 g,2x500 g,,,active,898,1006,0,5,TRUE,2026-08-23T23:05:00+05:30,2026-08-23T23:05:00+05:30,1,2x500 g,health & wellness
PROD-327,Natural Honey - Multiflora,natural-honey-multiflora-diving-duck,DIVING DUCK,Honey & Natural Sweeteners,Health Foods,Honey from DIVING DUCK.,Honey item sourced from the provided BigBasket catalog.,draft,327,General Fitness,health & wellness,"health & wellness, natural honey multiflora, diving duck, natural sweeteners",https://www.bigbasket.com/media/uploads/p/l/40204918_3-diving-duck-natural-honey-multiflora.jpg,https://www.bigbasket.com/media/uploads/p/l/40204918_3-diving-duck-natural-honey-multiflora.jpg,,,,20 g,20,61,0,16.5,0,0,16.5,1,"Use according to the product label. Store in a cool, dry place.",,Check product label for allergens.,VAR-327-01,SKU-0414,350 g,350 g,,,active,250,280,0,5,TRUE,2026-08-23T23:05:00+05:30,2026-08-23T23:05:00+05:30,1,350 g,health & wellness
PROD-328,Organic Honey,organic-honey-phalada-pure-sure,Phalada Pure & Sure,Honey & Natural Sweeteners,Health Foods,Honey from Phalada Pure & Sure.,Honey item sourced from the provided BigBasket catalog.,draft,328,General Fitness,health & wellness,"health & wellness, organic honey, phalada pure sure, natural sweeteners",https://www.bigbasket.com/media/uploads/p/l/40014260_5-phalada-pure-sure-organic-honey.jpg,https://www.bigbasket.com/media/uploads/p/l/40014260_5-phalada-pure-sure-organic-honey.jpg,,,,20 g,20,61,0,16.5,0,0,16.5,1,"Use according to the product label. Store in a cool, dry place.",,Check product label for allergens.,VAR-328-01,SKU-0427,250 g,250 g,,,active,149,167,0,5,TRUE,2026-08-23T23:05:00+05:30,2026-08-23T23:05:00+05:30,1,250 g,health & wellness
PROD-329,"Honey 100% Pure & Natural, Super Value Pack - 2 x 300g",honey-100-pure-natural-super-value-pack-2-x-300g-saffola,Saffola,Honey & Natural Sweeteners,Health Foods,Honey from Saffola.,Honey item sourced from the provided BigBasket catalog.,draft,329,General Fitness,health & wellness,"health & wellness, honey 100 pure natural super value pack 2 x 300g, saffola, natural sweeteners",https://www.bigbasket.com/media/uploads/p/l/1215124_1-saffola-honey-100-pure-natural-super-value-pack-2-x-300g.jpg,https://www.bigbasket.com/media/uploads/p/l/1215124_1-saffola-honey-100-pure-natural-super-value-pack-2-x-300g.jpg,,,,20 g,20,61,0,16.5,0,0,16.5,1,"Use according to the product label. Store in a cool, dry place.",,Check product label for allergens.,VAR-329-01,SKU-0412,600 g,600 g,,,active,250,280,0,5,TRUE,2026-08-23T23:05:00+05:30,2026-08-23T23:05:00+05:30,1,600 g,health & wellness
PROD-330,"Organic Wild Forest Honey - NMR Tested, 100% Pure",organic-wild-forest-honey-nmr-tested-100-pure-saffola,Saffola,Honey & Natural Sweeteners,Health Foods,Honey from Saffola.,Honey item sourced from the provided BigBasket catalog.,draft,330,General Fitness,health & wellness,"health & wellness, organic wild forest honey nmr tested 100 pure, saffola, natural sweeteners",https://www.bigbasket.com/media/uploads/p/l/40236681_1-saffola-organic-wild-forest-honey-nmr-tested-100-pure.jpg,https://www.bigbasket.com/media/uploads/p/l/40236681_1-saffola-organic-wild-forest-honey-nmr-tested-100-pure.jpg,,,,20 g,20,61,0,16.5,0,0,16.5,1,"Use according to the product label. Store in a cool, dry place.",,Check product label for allergens.,VAR-330-01,SKU-0432,500 g,500 g,,,active,460,515,0,5,TRUE,2026-08-23T23:05:00+05:30,2026-08-23T23:05:00+05:30,1,500 g,health & wellness
PROD-331,Pure Honey,pure-honey-saffola,Saffola,Honey & Natural Sweeteners,Health Foods,Honey from Saffola.,Honey item sourced from the provided BigBasket catalog.,draft,331,General Fitness,health & wellness,"health & wellness, pure honey, saffola, natural sweeteners",https://www.bigbasket.com/media/uploads/p/l/40196256_5-saffola-pure-honey.jpg,https://www.bigbasket.com/media/uploads/p/l/40196256_5-saffola-pure-honey.jpg,,,,20 g,20,61,0,16.5,0,0,16.5,1,"Use according to the product label. Store in a cool, dry place.",,Check product label for allergens.,VAR-331-01,SKU-0436,1 Kg,1 Kg,,,active,475,532,0,5,TRUE,2026-08-23T23:05:00+05:30,2026-08-23T23:05:00+05:30,1,1 Kg,health & wellness
PROD-332,Oziva Nutritional Meal Replacement,oziva-nutritional-meal-replacement,OZiva,Meal Replacement,Health Foods,"27 vitamins, 18g protein, and fibre in one meal replacement shake. 200 calories.","OZiva Nutritional Meal is a complete meal replacement shake with 18g of clean protein, 27 vitamins and minerals, 5g of dietary fibre, and only 200 calories per serving. Ayurvedic herbs like Triphala and Amla support digestion. Ideal for structured weight management without nutritional compromise.",draft,332,Weight Loss,"Weight Management,Meal Replacement,Clean Eating","meal replacement,oziva,weight loss,low calorie,high protein",https://vtiplvmddgjfcruqrvvb.supabase.co/storage/v1/object/sign/PRODUCT%20IMAGES%20BUCKET/meal-replacement.webp?token=eyJraWQiOiJmZTRiZGQ2Yy0zZDI4LTRhODUtYTc1My1lYjc4NjhlNDU5OGEiLCJhbGciOiJIUzI1NiJ9.eyJ1cmwiOiJQUk9EVUNUIElNQUdFUyBCVUNLRVQvbWVhbC1yZXBsYWNlbWVudC53ZWJwIiwic2NvcGUiOiJkb3dubG9hZCIsImlhdCI6MTc4NzY5NzY2NywiZXhwIjoyMTAzMDU3NjY3fQ.fB0BNmdsDr9gkYJghM4hg5AxrTjBFzJpaZ3ginNV0AE,,,,,1 Scoop (40g),40,200,18,22,4,5,5,280,Mix 1 scoop in 250ml water or plant milk. Replace one meal daily as part of a balanced diet.,"Whey Protein Concentrate, Oat Bran, Triphala Extract, Amla Extract, Multivitamin Blend, Natural Flavour, Stevia, Soy Lecithin","Contains milk, soy, and gluten (oats). Not a substitute for a complete diet. Consult dietitian for plans.",VAR-332-01,OZV-NMR-500-CHO,500g - Chocolate,500g,Chocolate,,active,1499,1899,0,5,TRUE,2026-08-23T17:59:48Z,2026-08-23T17:59:48Z,2,500g - Chocolate | 500g - French Vanilla,"Weight Management,Meal Replacement,Clean Eating"
PROD-332,Oziva Nutritional Meal Replacement,oziva-nutritional-meal-replacement,OZiva,Meal Replacement,Health Foods,"27 vitamins, 18g protein, and fibre in one meal replacement shake. 200 calories.","OZiva Nutritional Meal is a complete meal replacement shake with 18g of clean protein, 27 vitamins and minerals, 5g of dietary fibre, and only 200 calories per serving. Ayurvedic herbs like Triphala and Amla support digestion. Ideal for structured weight management without nutritional compromise.",draft,332,Weight Loss,"Weight Management,Meal Replacement,Clean Eating","meal replacement,oziva,weight loss,low calorie,high protein",https://vtiplvmddgjfcruqrvvb.supabase.co/storage/v1/object/sign/PRODUCT%20IMAGES%20BUCKET/meal-replacement.webp?token=eyJraWQiOiJmZTRiZGQ2Yy0zZDI4LTRhODUtYTc1My1lYjc4NjhlNDU5OGEiLCJhbGciOiJIUzI1NiJ9.eyJ1cmwiOiJQUk9EVUNUIElNQUdFUyBCVUNLRVQvbWVhbC1yZXBsYWNlbWVudC53ZWJwIiwic2NvcGUiOiJkb3dubG9hZCIsImlhdCI6MTc4NzY5NzY2NywiZXhwIjoyMTAzMDU3NjY3fQ.fB0BNmdsDr9gkYJghM4hg5AxrTjBFzJpaZ3ginNV0AE,,,,,1 Scoop (40g),40,200,18,22,4,5,5,280,Mix 1 scoop in 250ml water or plant milk. Replace one meal daily as part of a balanced diet.,"Whey Protein Concentrate, Oat Bran, Triphala Extract, Amla Extract, Multivitamin Blend, Natural Flavour, Stevia, Soy Lecithin","Contains milk, soy, and gluten (oats). Not a substitute for a complete diet. Consult dietitian for plans.",VAR-332-02,OZV-NMR-500-FV,500g - French Vanilla,500g,French Vanilla,,active,1499,1899,0,5,FALSE,2026-08-23T17:59:48Z,2026-08-23T17:59:48Z,2,500g - Chocolate | 500g - French Vanilla,"Weight Management,Meal Replacement,Clean Eating"
